# Blender 5.0.1
# www.blender.org
mtllib sample4.mtl
o Cube.005
v 25.000000 25.850000 -25.000000
v 25.000000 25.350000 -25.000000
v 25.000000 25.850000 25.000000
v 25.000000 25.350000 25.000000
v -25.000000 25.850000 -25.000000
v -25.000000 25.350000 -25.000000
v -25.000000 25.850000 25.000000
v -25.000000 25.350000 25.000000
v 25.000000 0.850000 -25.000000
v 25.000000 0.350000 -25.000000
v 25.000000 0.850000 25.000000
v 25.000000 0.350000 25.000000
v -25.000000 0.850000 -25.000000
v -25.000000 0.350000 -25.000000
v -25.000000 0.850000 25.000000
v -25.000000 0.350000 25.000000
v -7.000001 0.850000 1.246955
v -7.000001 13.350000 1.246955
v -6.552663 0.850000 1.295050
v -6.552663 13.350000 1.295050
v -6.122517 0.850000 1.437488
v -6.122517 13.350000 1.437488
v -5.726091 0.850000 1.668794
v -5.726091 13.350000 1.668794
v -5.378622 0.850000 1.980080
v -5.378622 13.350000 1.980080
v -5.093461 0.850000 2.359383
v -5.093461 13.350000 2.359383
v -4.881567 0.850000 2.792126
v -4.881567 13.350000 2.792126
v -4.751083 0.850000 3.261680
v -4.751083 13.350000 3.261680
v -4.707024 0.850000 3.750000
v -4.707024 13.350000 3.750000
v -4.751083 0.850000 4.238320
v -4.751083 13.350000 4.238320
v -4.881567 0.850000 4.707874
v -4.881567 13.350000 4.707874
v -5.093461 0.850000 5.140617
v -5.093461 13.350000 5.140617
v -5.378622 0.850000 5.519920
v -5.378622 13.350000 5.519920
v -5.726091 0.850000 5.831206
v -5.726091 13.350000 5.831206
v -6.122517 0.850000 6.062512
v -6.122517 13.350000 6.062512
v -6.552663 0.850000 6.204949
v -6.552663 13.350000 6.204949
v -7.000001 0.850000 6.253045
v -7.000001 13.350000 6.253045
v -7.447339 0.850000 6.204949
v -7.447339 13.350000 6.204949
v -7.877485 0.850000 6.062512
v -7.877485 13.350000 6.062512
v -8.273911 0.850000 5.831206
v -8.273911 13.350000 5.831206
v -8.621381 0.850000 5.519920
v -8.621381 13.350000 5.519920
v -8.906542 0.850000 5.140617
v -8.906542 13.350000 5.140617
v -9.118435 0.850000 4.707874
v -9.118435 13.350000 4.707874
v -9.248919 0.850000 4.238320
v -9.248919 13.350000 4.238320
v -9.292978 0.850000 3.750000
v -9.292978 13.350000 3.750000
v -9.248919 0.850000 3.261680
v -9.248919 13.350000 3.261680
v -9.118435 0.850000 2.792126
v -9.118435 13.350000 2.792126
v -8.906542 0.850000 2.359383
v -8.906542 13.350000 2.359383
v -8.621381 0.850000 1.980080
v -8.621381 13.350000 1.980080
v -8.273911 0.850000 1.668794
v -8.273911 13.350000 1.668794
v -7.877485 0.850000 1.437488
v -7.877485 13.350000 1.437488
v -7.447339 0.850000 1.295050
v -7.447339 13.350000 1.295050
v 18.250000 0.850000 2.500000
v 18.250000 13.350000 2.500000
v 18.493862 0.850000 2.524018
v 18.493862 13.350000 2.524018
v 18.728354 0.850000 2.595150
v 18.728354 13.350000 2.595150
v 18.944462 0.850000 2.710663
v 18.944462 13.350000 2.710663
v 19.133884 0.850000 2.866117
v 19.133884 13.350000 2.866117
v 19.289337 0.850000 3.055537
v 19.289337 13.350000 3.055537
v 19.404850 0.850000 3.271646
v 19.404850 13.350000 3.271646
v 19.475981 0.850000 3.506137
v 19.475981 13.350000 3.506137
v 19.500000 0.850000 3.750000
v 19.500000 13.350000 3.750000
v 19.475981 0.850000 3.993863
v 19.475981 13.350000 3.993863
v 19.404850 0.850000 4.228354
v 19.404850 13.350000 4.228354
v 19.289337 0.850000 4.444463
v 19.289337 13.350000 4.444463
v 19.133884 0.850000 4.633883
v 19.133884 13.350000 4.633883
v 18.944462 0.850000 4.789337
v 18.944462 13.350000 4.789337
v 18.728354 0.850000 4.904850
v 18.728354 13.350000 4.904850
v 18.493862 0.850000 4.975982
v 18.493862 13.350000 4.975982
v 18.250000 0.850000 5.000000
v 18.250000 13.350000 5.000000
v 18.006138 0.850000 4.975982
v 18.006138 13.350000 4.975982
v 17.771646 0.850000 4.904850
v 17.771646 13.350000 4.904850
v 17.555538 0.850000 4.789337
v 17.555538 13.350000 4.789337
v 17.366116 0.850000 4.633883
v 17.366116 13.350000 4.633883
v 17.210663 0.850000 4.444463
v 17.210663 13.350000 4.444463
v 17.095150 0.850000 4.228354
v 17.095150 13.350000 4.228354
v 17.024019 0.850000 3.993863
v 17.024019 13.350000 3.993863
v 17.000000 0.850000 3.750000
v 17.000000 13.350000 3.750000
v 17.024019 0.850000 3.506137
v 17.024019 13.350000 3.506137
v 17.095150 0.850000 3.271646
v 17.095150 13.350000 3.271646
v 17.210663 0.850000 3.055537
v 17.210663 13.350000 3.055537
v 17.366116 0.850000 2.866117
v 17.366116 13.350000 2.866117
v 17.555538 0.850000 2.710663
v 17.555538 13.350000 2.710663
v 17.771646 0.850000 2.595150
v 17.771646 13.350000 2.595150
v 18.006138 0.850000 2.524018
v 18.006138 13.350000 2.524018
v 7.143087 0.850000 13.822255
v 7.143087 13.350000 13.822255
v 7.462584 0.850000 13.852696
v 7.462584 13.350000 13.852696
v 7.769804 0.850000 13.942848
v 7.769804 13.350000 13.942848
v 8.052938 0.850000 14.089247
v 8.052938 13.350000 14.089247
v 8.301108 0.850000 14.286267
v 8.301108 13.350000 14.286267
v 8.504776 0.850000 14.526337
v 8.504776 13.350000 14.526337
v 8.656115 0.850000 14.800230
v 8.656115 13.350000 14.800230
v 8.749309 0.850000 15.097422
v 8.749309 13.350000 15.097422
v 8.780777 0.850000 15.406490
v 8.780777 13.350000 15.406490
v 8.749309 0.850000 15.715559
v 8.749309 13.350000 15.715559
v 8.656115 0.850000 16.012751
v 8.656115 13.350000 16.012751
v 8.504776 0.850000 16.286644
v 8.504776 13.350000 16.286644
v 8.301108 0.850000 16.526714
v 8.301108 13.350000 16.526714
v 8.052938 0.850000 16.723734
v 8.052938 13.350000 16.723734
v 7.769804 0.850000 16.870132
v 7.769804 13.350000 16.870132
v 7.462584 0.850000 16.960285
v 7.462584 13.350000 16.960285
v 7.143087 0.850000 16.990725
v 7.143087 13.350000 16.990725
v 6.823590 0.850000 16.960285
v 6.823590 13.350000 16.960285
v 6.516371 0.850000 16.870132
v 6.516371 13.350000 16.870132
v 6.233236 0.850000 16.723734
v 6.233236 13.350000 16.723734
v 5.985066 0.850000 16.526714
v 5.985066 13.350000 16.526714
v 5.781399 0.850000 16.286644
v 5.781399 13.350000 16.286644
v 5.630060 0.850000 16.012751
v 5.630060 13.350000 16.012751
v 5.536866 0.850000 15.715559
v 5.536866 13.350000 15.715559
v 5.505398 0.850000 15.406490
v 5.505398 13.350000 15.406490
v 5.536866 0.850000 15.097422
v 5.536866 13.350000 15.097422
v 5.630060 0.850000 14.800230
v 5.630060 13.350000 14.800230
v 5.781399 0.850000 14.526337
v 5.781399 13.350000 14.526337
v 5.985066 0.850000 14.286267
v 5.985066 13.350000 14.286267
v 6.233236 0.850000 14.089247
v 6.233236 13.350000 14.089247
v 6.516371 0.850000 13.942848
v 6.516371 13.350000 13.942848
v 6.823590 0.850000 13.852696
v 6.823590 13.350000 13.852696
v 6.250000 0.850000 -15.250000
v 6.250000 13.350000 -15.250000
v 6.493863 0.850000 -15.225982
v 6.493863 13.350000 -15.225982
v 6.728354 0.850000 -15.154849
v 6.728354 13.350000 -15.154849
v 6.944463 0.850000 -15.039337
v 6.944463 13.350000 -15.039337
v 7.133883 0.850000 -14.883883
v 7.133883 13.350000 -14.883883
v 7.289337 0.850000 -14.694463
v 7.289337 13.350000 -14.694463
v 7.404850 0.850000 -14.478354
v 7.404850 13.350000 -14.478354
v 7.475982 0.850000 -14.243863
v 7.475982 13.350000 -14.243863
v 7.500000 0.850000 -14.000000
v 7.500000 13.350000 -14.000000
v 7.475982 0.850000 -13.756137
v 7.475982 13.350000 -13.756137
v 7.404850 0.850000 -13.521646
v 7.404850 13.350000 -13.521646
v 7.289337 0.850000 -13.305537
v 7.289337 13.350000 -13.305537
v 7.133883 0.850000 -13.116117
v 7.133883 13.350000 -13.116117
v 6.944463 0.850000 -12.960663
v 6.944463 13.350000 -12.960663
v 6.728354 0.850000 -12.845151
v 6.728354 13.350000 -12.845151
v 6.493863 0.850000 -12.774018
v 6.493863 13.350000 -12.774018
v 6.250000 0.850000 -12.750000
v 6.250000 13.350000 -12.750000
v 6.006137 0.850000 -12.774018
v 6.006137 13.350000 -12.774018
v 5.771646 0.850000 -12.845151
v 5.771646 13.350000 -12.845151
v 5.555537 0.850000 -12.960663
v 5.555537 13.350000 -12.960663
v 5.366117 0.850000 -13.116117
v 5.366117 13.350000 -13.116117
v 5.210663 0.850000 -13.305537
v 5.210663 13.350000 -13.305537
v 5.095150 0.850000 -13.521646
v 5.095150 13.350000 -13.521646
v 5.024018 0.850000 -13.756137
v 5.024018 13.350000 -13.756137
v 5.000000 0.850000 -14.000000
v 5.000000 13.350000 -14.000000
v 5.024018 0.850000 -14.243863
v 5.024018 13.350000 -14.243863
v 5.095150 0.850000 -14.478354
v 5.095150 13.350000 -14.478354
v 5.210663 0.850000 -14.694463
v 5.210663 13.350000 -14.694463
v 5.366117 0.850000 -14.883883
v 5.366117 13.350000 -14.883883
v 5.555537 0.850000 -15.039337
v 5.555537 13.350000 -15.039337
v 5.771646 0.850000 -15.154849
v 5.771646 13.350000 -15.154849
v 6.006137 0.850000 -15.225982
v 6.006137 13.350000 -15.225982
v -7.000001 0.903280 -16.005642
v -7.000001 12.870481 -16.005642
v -6.608720 0.903280 -15.967103
v -6.608720 12.870481 -15.967103
v -6.232475 0.903280 -15.852971
v -6.232475 12.870481 -15.852971
v -5.885726 0.903280 -15.667629
v -5.885726 12.870481 -15.667629
v -5.581799 0.903280 -15.418202
v -5.581799 12.870481 -15.418202
v -5.332371 0.903280 -15.114275
v -5.332371 12.870481 -15.114275
v -5.147030 0.903280 -14.767526
v -5.147030 12.870481 -14.767526
v -5.032897 0.903280 -14.391281
v -5.032897 12.870481 -14.391281
v -4.994360 0.903280 -14.000000
v -4.994360 12.870481 -14.000000
v -5.032897 0.903280 -13.608719
v -5.032897 12.870481 -13.608719
v -5.147030 0.903280 -13.232474
v -5.147030 12.870481 -13.232474
v -5.332371 0.903280 -12.885725
v -5.332371 12.870481 -12.885725
v -5.581799 0.903280 -12.581798
v -5.581799 12.870481 -12.581798
v -5.885726 0.903280 -12.332371
v -5.885726 12.870481 -12.332371
v -6.232475 0.903280 -12.147029
v -6.232475 12.870481 -12.147029
v -6.608720 0.903280 -12.032897
v -6.608720 12.870481 -12.032897
v -7.000001 0.903280 -11.994359
v -7.000001 12.870481 -11.994359
v -7.391282 0.903280 -12.032897
v -7.391282 12.870481 -12.032897
v -7.767527 0.903280 -12.147029
v -7.767527 12.870481 -12.147029
v -8.114276 0.903280 -12.332371
v -8.114276 12.870481 -12.332371
v -8.418203 0.903280 -12.581798
v -8.418203 12.870481 -12.581798
v -8.667631 0.903280 -12.885725
v -8.667631 12.870481 -12.885725
v -8.852972 0.903280 -13.232474
v -8.852972 12.870481 -13.232474
v -8.967104 0.903280 -13.608719
v -8.967104 12.870481 -13.608719
v -9.005642 0.903280 -14.000000
v -9.005642 12.870481 -14.000000
v -8.967104 0.903280 -14.391281
v -8.967104 12.870481 -14.391281
v -8.852972 0.903280 -14.767526
v -8.852972 12.870481 -14.767526
v -8.667631 0.903280 -15.114275
v -8.667631 12.870481 -15.114275
v -8.418203 0.903280 -15.418202
v -8.418203 12.870481 -15.418202
v -8.114276 0.903280 -15.667629
v -8.114276 12.870481 -15.667629
v -7.767527 0.903280 -15.852971
v -7.767527 12.870481 -15.852971
v -7.391282 0.903280 -15.967103
v -7.391282 12.870481 -15.967103
v -17.750000 0.850000 -7.681629
v -17.750000 13.350000 -7.681629
v -17.506138 0.850000 -7.630102
v -17.506138 13.350000 -7.630102
v -17.271646 0.850000 -7.477502
v -17.271646 13.350000 -7.477502
v -17.055538 0.850000 -7.229692
v -17.055538 13.350000 -7.229692
v -16.866116 0.850000 -6.896198
v -16.866116 13.350000 -6.896198
v -16.710663 0.850000 -6.489833
v -16.710663 13.350000 -6.489833
v -16.595150 0.850000 -6.026215
v -16.595150 13.350000 -6.026215
v -16.524019 0.850000 -5.523160
v -16.524019 13.350000 -5.523160
v -16.500000 0.850000 -5.000000
v -16.500000 13.350000 -5.000000
v -16.524019 0.850000 -4.476840
v -16.524019 13.350000 -4.476840
v -16.595150 0.850000 -3.973785
v -16.595150 13.350000 -3.973785
v -16.710663 0.850000 -3.510167
v -16.710663 13.350000 -3.510167
v -16.866116 0.850000 -3.103802
v -16.866116 13.350000 -3.103802
v -17.055538 0.850000 -2.770307
v -17.055538 13.350000 -2.770307
v -17.271646 0.850000 -2.522498
v -17.271646 13.350000 -2.522498
v -17.506138 0.850000 -2.369898
v -17.506138 13.350000 -2.369898
v -17.750000 0.850000 -2.318371
v -17.750000 13.350000 -2.318371
v -17.993862 0.850000 -2.369898
v -17.993862 13.350000 -2.369898
v -18.228354 0.850000 -2.522498
v -18.228354 13.350000 -2.522498
v -18.444462 0.850000 -2.770307
v -18.444462 13.350000 -2.770307
v -18.633884 0.850000 -3.103802
v -18.633884 13.350000 -3.103802
v -18.789337 0.850000 -3.510167
v -18.789337 13.350000 -3.510167
v -18.904850 0.850000 -3.973785
v -18.904850 13.350000 -3.973785
v -18.975981 0.850000 -4.476840
v -18.975981 13.350000 -4.476840
v -19.000000 0.850000 -5.000000
v -19.000000 13.350000 -5.000000
v -18.975981 0.850000 -5.523160
v -18.975981 13.350000 -5.523160
v -18.904850 0.850000 -6.026215
v -18.904850 13.350000 -6.026215
v -18.789337 0.850000 -6.489833
v -18.789337 13.350000 -6.489833
v -18.633884 0.850000 -6.896198
v -18.633884 13.350000 -6.896198
v -18.444462 0.850000 -7.229692
v -18.444462 13.350000 -7.229692
v -18.228354 0.850000 -7.477502
v -18.228354 13.350000 -7.477502
v -17.993862 0.850000 -7.630102
v -17.993862 13.350000 -7.630102
v 18.606911 0.905146 -9.664394
v 18.606911 12.853697 -9.664394
v 19.062269 0.905146 -9.621010
v 19.062269 12.853697 -9.621010
v 19.500128 0.905146 -9.492521
v 19.500128 12.853697 -9.492521
v 19.903662 0.905146 -9.283869
v 19.903662 12.853697 -9.283869
v 20.257360 0.905146 -9.003070
v 20.257360 12.853697 -9.003070
v 20.547634 0.905146 -8.660914
v 20.547634 12.853697 -8.660914
v 20.763329 0.905146 -8.270553
v 20.763329 12.853697 -8.270553
v 20.896151 0.905146 -7.846985
v 20.896151 12.853697 -7.846985
v 20.941000 0.905146 -7.406490
v 20.941000 12.853697 -7.406490
v 20.896151 0.905146 -6.965995
v 20.896151 12.853697 -6.965995
v 20.763329 0.905146 -6.542428
v 20.763329 12.853697 -6.542428
v 20.547634 0.905146 -6.152066
v 20.547634 12.853697 -6.152066
v 20.257360 0.905146 -5.809911
v 20.257360 12.853697 -5.809911
v 19.903662 0.905146 -5.529112
v 19.903662 12.853697 -5.529112
v 19.500128 0.905146 -5.320459
v 19.500128 12.853697 -5.320459
v 19.062269 0.905146 -5.191971
v 19.062269 12.853697 -5.191971
v 18.606911 0.905146 -5.148586
v 18.606911 12.853697 -5.148586
v 18.151552 0.905146 -5.191971
v 18.151552 12.853697 -5.191971
v 17.713694 0.905146 -5.320459
v 17.713694 12.853697 -5.320459
v 17.310160 0.905146 -5.529112
v 17.310160 12.853697 -5.529112
v 16.956461 0.905146 -5.809911
v 16.956461 12.853697 -5.809911
v 16.666187 0.905146 -6.152066
v 16.666187 12.853697 -6.152066
v 16.450493 0.905146 -6.542428
v 16.450493 12.853697 -6.542428
v 16.317671 0.905146 -6.965995
v 16.317671 12.853697 -6.965995
v 16.272821 0.905146 -7.406490
v 16.272821 12.853697 -7.406490
v 16.317671 0.905146 -7.846985
v 16.317671 12.853697 -7.846985
v 16.450493 0.905146 -8.270553
v 16.450493 12.853697 -8.270553
v 16.666187 0.905146 -8.660914
v 16.666187 12.853697 -8.660914
v 16.956461 0.905146 -9.003070
v 16.956461 12.853697 -9.003070
v 17.310160 0.905146 -9.283869
v 17.310160 12.853697 -9.283869
v 17.713694 0.905146 -9.492521
v 17.713694 12.853697 -9.492521
v 18.151552 0.905146 -9.621010
v 18.151552 12.853697 -9.621010
v -0.250000 0.850000 16.250000
v -0.250000 13.350000 16.250000
v -0.006137 0.850000 16.274019
v -0.006137 13.350000 16.274019
v 0.228354 0.850000 16.345150
v 0.228354 13.350000 16.345150
v 0.444463 0.850000 16.460663
v 0.444463 13.350000 16.460663
v 0.633883 0.850000 16.616116
v 0.633883 13.350000 16.616116
v 0.789337 0.850000 16.805538
v 0.789337 13.350000 16.805538
v 0.904849 0.850000 17.021646
v 0.904849 13.350000 17.021646
v 0.975982 0.850000 17.256138
v 0.975982 13.350000 17.256138
v 1.000000 0.850000 17.500000
v 1.000000 13.350000 17.500000
v 0.975982 0.850000 17.743862
v 0.975982 13.350000 17.743862
v 0.904849 0.850000 17.978354
v 0.904849 13.350000 17.978354
v 0.789337 0.850000 18.194462
v 0.789337 13.350000 18.194462
v 0.633883 0.850000 18.383884
v 0.633883 13.350000 18.383884
v 0.444463 0.850000 18.539337
v 0.444463 13.350000 18.539337
v 0.228354 0.850000 18.654850
v 0.228354 13.350000 18.654850
v -0.006137 0.850000 18.725981
v -0.006137 13.350000 18.725981
v -0.250000 0.850000 18.750000
v -0.250000 13.350000 18.750000
v -0.493863 0.850000 18.725981
v -0.493863 13.350000 18.725981
v -0.728354 0.850000 18.654850
v -0.728354 13.350000 18.654850
v -0.944463 0.850000 18.539337
v -0.944463 13.350000 18.539337
v -1.133883 0.850000 18.383884
v -1.133883 13.350000 18.383884
v -1.289337 0.850000 18.194462
v -1.289337 13.350000 18.194462
v -1.404849 0.850000 17.978354
v -1.404849 13.350000 17.978354
v -1.475982 0.850000 17.743862
v -1.475982 13.350000 17.743862
v -1.500000 0.850000 17.500000
v -1.500000 13.350000 17.500000
v -1.475982 0.850000 17.256138
v -1.475982 13.350000 17.256138
v -1.404849 0.850000 17.021646
v -1.404849 13.350000 17.021646
v -1.289337 0.850000 16.805538
v -1.289337 13.350000 16.805538
v -1.133883 0.850000 16.616116
v -1.133883 13.350000 16.616116
v -0.944463 0.850000 16.460663
v -0.944463 13.350000 16.460663
v -0.728354 0.850000 16.345150
v -0.728354 13.350000 16.345150
v -0.493863 0.850000 16.274019
v -0.493863 13.350000 16.274019
v -16.750000 0.850000 6.044518
v -16.750000 13.350000 6.044518
v -16.082790 0.850000 6.144540
v -16.082790 13.350000 6.144540
v -15.441222 0.850000 6.440763
v -15.441222 13.350000 6.440763
v -14.849949 0.850000 6.921801
v -14.849949 13.350000 6.921801
v -14.331694 0.850000 7.569169
v -14.331694 13.350000 7.569169
v -13.906373 0.850000 8.357989
v -13.906373 13.350000 8.357989
v -13.590331 0.850000 9.257948
v -13.590331 13.350000 9.257948
v -13.395713 0.850000 10.234461
v -13.395713 13.350000 10.234461
v -13.329999 0.850000 11.250000
v -13.329999 13.350000 11.250000
v -13.395713 0.850000 12.265539
v -13.395713 13.350000 12.265539
v -13.590331 0.850000 13.242052
v -13.590331 13.350000 13.242052
v -13.906373 0.850000 14.142011
v -13.906373 13.350000 14.142011
v -14.331694 0.850000 14.930831
v -14.331694 13.350000 14.930831
v -14.849949 0.850000 15.578199
v -14.849949 13.350000 15.578199
v -15.441222 0.850000 16.059238
v -15.441222 13.350000 16.059238
v -16.082790 0.850000 16.355459
v -16.082790 13.350000 16.355459
v -16.750000 0.850000 16.455482
v -16.750000 13.350000 16.455482
v -17.417210 0.850000 16.355459
v -17.417210 13.350000 16.355459
v -18.058779 0.850000 16.059238
v -18.058779 13.350000 16.059238
v -18.650051 0.850000 15.578199
v -18.650051 13.350000 15.578199
v -19.168306 0.850000 14.930831
v -19.168306 13.350000 14.930831
v -19.593628 0.850000 14.142011
v -19.593628 13.350000 14.142011
v -19.909670 0.850000 13.242052
v -19.909670 13.350000 13.242052
v -20.104286 0.850000 12.265539
v -20.104286 13.350000 12.265539
v -20.170002 0.850000 11.250000
v -20.170002 13.350000 11.250000
v -20.104286 0.850000 10.234461
v -20.104286 13.350000 10.234461
v -19.909670 0.850000 9.257948
v -19.909670 13.350000 9.257948
v -19.593628 0.850000 8.357989
v -19.593628 13.350000 8.357989
v -19.168306 0.850000 7.569169
v -19.168306 13.350000 7.569169
v -18.650051 0.850000 6.921801
v -18.650051 13.350000 6.921801
v -18.058779 0.850000 6.440763
v -18.058779 13.350000 6.440763
v -17.417210 0.850000 6.144540
v -17.417210 13.350000 6.144540
v 17.500000 0.850000 16.250000
v 17.500000 13.350000 16.250000
v 17.743862 0.850000 16.274019
v 17.743862 13.350000 16.274019
v 17.978354 0.850000 16.345150
v 17.978354 13.350000 16.345150
v 18.194462 0.850000 16.460663
v 18.194462 13.350000 16.460663
v 18.383884 0.850000 16.616116
v 18.383884 13.350000 16.616116
v 18.539337 0.850000 16.805538
v 18.539337 13.350000 16.805538
v 18.654850 0.850000 17.021646
v 18.654850 13.350000 17.021646
v 18.725981 0.850000 17.256138
v 18.725981 13.350000 17.256138
v 18.750000 0.850000 17.500000
v 18.750000 13.350000 17.500000
v 18.725981 0.850000 17.743862
v 18.725981 13.350000 17.743862
v 18.654850 0.850000 17.978354
v 18.654850 13.350000 17.978354
v 18.539337 0.850000 18.194462
v 18.539337 13.350000 18.194462
v 18.383884 0.850000 18.383884
v 18.383884 13.350000 18.383884
v 18.194462 0.850000 18.539337
v 18.194462 13.350000 18.539337
v 17.978354 0.850000 18.654850
v 17.978354 13.350000 18.654850
v 17.743862 0.850000 18.725981
v 17.743862 13.350000 18.725981
v 17.500000 0.850000 18.750000
v 17.500000 13.350000 18.750000
v 17.256138 0.850000 18.725981
v 17.256138 13.350000 18.725981
v 17.021646 0.850000 18.654850
v 17.021646 13.350000 18.654850
v 16.805538 0.850000 18.539337
v 16.805538 13.350000 18.539337
v 16.616116 0.850000 18.383884
v 16.616116 13.350000 18.383884
v 16.460663 0.850000 18.194462
v 16.460663 13.350000 18.194462
v 16.345150 0.850000 17.978354
v 16.345150 13.350000 17.978354
v 16.274019 0.850000 17.743862
v 16.274019 13.350000 17.743862
v 16.250000 0.850000 17.500000
v 16.250000 13.350000 17.500000
v 16.274019 0.850000 17.256138
v 16.274019 13.350000 17.256138
v 16.345150 0.850000 17.021646
v 16.345150 13.350000 17.021646
v 16.460663 0.850000 16.805538
v 16.460663 13.350000 16.805538
v 16.616116 0.850000 16.616116
v 16.616116 13.350000 16.616116
v 16.805538 0.850000 16.460663
v 16.805538 13.350000 16.460663
v 17.021646 0.850000 16.345150
v 17.021646 13.350000 16.345150
v 17.256138 0.850000 16.274019
v 17.256138 13.350000 16.274019
v -14.750000 9.928675 1.361074
v -14.750000 9.238926 0.671326
v -14.750000 8.337727 0.298037
v -14.750000 7.850000 0.250000
v -14.750000 7.362274 0.298037
v -14.750000 6.461075 0.671326
v -14.654849 10.301964 2.271646
v -14.563355 10.159699 1.811674
v -14.479034 9.928675 1.387762
v -14.405126 9.617767 1.016200
v -14.344471 9.238926 0.711267
v -14.299400 8.806709 0.484682
v -14.271646 8.337727 0.345151
v -14.262274 7.850000 0.298037
v -14.271646 7.362274 0.345151
v -14.299400 6.893291 0.484682
v -14.344471 6.461075 0.711267
v -14.405126 6.082233 1.016200
v -14.479034 5.771326 1.387762
v -14.563355 5.540302 1.811674
v -14.654849 5.398037 2.271646
v -14.563355 10.301964 2.299400
v -14.383883 10.159699 1.866117
v -14.218481 9.928675 1.466800
v -14.073504 9.617767 1.116796
v -13.954526 9.238926 0.829556
v -13.866117 8.806709 0.616117
v -13.811674 8.337727 0.484682
v -13.793291 7.850000 0.440301
v -13.811674 7.362274 0.484682
v -13.866117 6.893291 0.616117
v -13.954526 6.461075 0.829556
v -14.073504 6.082233 1.116796
v -14.218481 5.771326 1.466800
v -14.383883 5.540302 1.866117
v -14.563355 5.398037 2.299400
v -14.479034 10.301964 2.344471
v -14.218481 10.159699 1.954526
v -13.978354 9.928675 1.595151
v -13.767881 9.617767 1.280156
v -13.595151 9.238926 1.021646
v -13.466801 8.806709 0.829556
v -13.387762 8.337727 0.711267
v -13.361074 7.850000 0.671326
v -13.387762 7.362274 0.711267
v -13.466801 6.893291 0.829556
v -13.595151 6.461075 1.021646
v -13.767881 6.082233 1.280156
v -13.978354 5.771326 1.595151
v -14.218481 5.540302 1.954526
v -14.479034 5.398037 2.344471
v -14.405126 10.301964 2.405126
v -14.073504 10.159699 2.073505
v -13.767881 9.928675 1.767882
v -13.500000 9.617767 1.500000
v -13.280155 9.238926 1.280156
v -13.116796 8.806709 1.116796
v -13.016200 8.337727 1.016200
v -12.982233 7.850000 0.982234
v -13.016200 7.362274 1.016200
v -13.116796 6.893291 1.116796
v -13.280155 6.461075 1.280156
v -13.500000 6.082233 1.500000
v -13.767881 5.771326 1.767882
v -14.073504 5.540302 2.073505
v -14.405126 5.398037 2.405126
v -14.344471 10.301964 2.479034
v -13.954526 10.159699 2.218481
v -13.595151 9.928675 1.978354
v -13.280155 9.617767 1.767881
v -13.021646 9.238926 1.595151
v -12.829556 8.806709 1.466800
v -12.711267 8.337727 1.387763
v -12.671326 7.850000 1.361075
v -12.711267 7.362274 1.387763
v -12.829556 6.893291 1.466800
v -13.021646 6.461075 1.595151
v -13.280155 6.082233 1.767881
v -13.595151 5.771326 1.978354
v -13.954526 5.540302 2.218481
v -14.344471 5.398037 2.479034
v -14.750000 10.350000 2.750000
v -14.299400 10.301964 2.563355
v -13.866117 10.159699 2.383883
v -13.466801 9.928675 2.218481
v -13.116796 9.617767 2.073505
v -12.829556 9.238926 1.954526
v -12.616117 8.806709 1.866117
v -12.484682 8.337727 1.811675
v -12.440302 7.850000 1.793292
v -12.484682 7.362274 1.811675
v -12.616117 6.893291 1.866117
v -12.829556 6.461075 1.954526
v -13.116796 6.082233 2.073505
v -13.466801 5.771326 2.218481
v -13.866117 5.540302 2.383883
v -14.299400 5.398037 2.563355
v -14.271646 10.301964 2.654850
v -13.811674 10.159699 2.563355
v -13.387762 9.928675 2.479034
v -13.016200 9.617767 2.405126
v -12.711267 9.238926 2.344471
v -12.484682 8.806709 2.299400
v -12.345151 8.337727 2.271646
v -12.298038 7.850000 2.262275
v -12.345151 7.362274 2.271646
v -12.484682 6.893291 2.299400
v -12.711267 6.461075 2.344471
v -13.016200 6.082233 2.405126
v -13.387762 5.771326 2.479034
v -13.811674 5.540302 2.563355
v -14.271646 5.398037 2.654850
v -14.262275 10.301964 2.750000
v -13.793291 10.159699 2.750000
v -13.361074 9.928675 2.750000
v -12.982233 9.617767 2.750000
v -12.671327 9.238926 2.750000
v -12.440302 8.806709 2.750000
v -12.298037 8.337727 2.750000
v -12.250001 7.850000 2.750000
v -12.298037 7.362274 2.750000
v -12.440302 6.893291 2.750000
v -12.671327 6.461075 2.750000
v -12.982233 6.082233 2.750000
v -13.361074 5.771326 2.750000
v -13.793291 5.540302 2.750000
v -14.262275 5.398037 2.750000
v -14.271646 10.301964 2.845150
v -13.811674 10.159699 2.936645
v -13.387762 9.928675 3.020966
v -13.016200 9.617767 3.094874
v -12.711267 9.238926 3.155529
v -12.484682 8.806709 3.200600
v -12.345151 8.337727 3.228354
v -12.298038 7.850000 3.237726
v -12.345151 7.362274 3.228354
v -12.484682 6.893291 3.200600
v -12.711267 6.461075 3.155529
v -13.016200 6.082233 3.094874
v -13.387762 5.771326 3.020966
v -13.811674 5.540302 2.936645
v -14.271646 5.398037 2.845150
v -14.299400 10.301964 2.936645
v -13.866117 10.159699 3.116117
v -13.466801 9.928675 3.281519
v -13.116796 9.617767 3.426495
v -12.829556 9.238926 3.545474
v -12.616117 8.806709 3.633883
v -12.484682 8.337727 3.688326
v -12.440302 7.850000 3.706709
v -12.484682 7.362274 3.688326
v -12.616117 6.893291 3.633883
v -12.829556 6.461075 3.545474
v -13.116796 6.082233 3.426495
v -13.466801 5.771326 3.281519
v -13.866117 5.540302 3.116117
v -14.299400 5.398037 2.936645
v -14.344471 10.301964 3.020966
v -13.954526 10.159699 3.281519
v -13.595151 9.928675 3.521646
v -13.280155 9.617767 3.732119
v -13.021646 9.238926 3.904849
v -12.829556 8.806709 4.033200
v -12.711267 8.337727 4.112238
v -12.671328 7.850000 4.138926
v -12.711267 7.362274 4.112238
v -12.829556 6.893291 4.033200
v -13.021646 6.461075 3.904849
v -13.280155 6.082233 3.732119
v -13.595151 5.771326 3.521646
v -13.954526 5.540302 3.281519
v -14.344471 5.398037 3.020966
v -14.405126 10.301964 3.094874
v -14.073505 10.159699 3.426495
v -13.767881 9.928675 3.732119
v -13.500000 9.617767 4.000000
v -13.280156 9.238926 4.219844
v -13.116796 8.806709 4.383204
v -13.016201 8.337727 4.483799
v -12.982235 7.850000 4.517766
v -13.016201 7.362274 4.483799
v -13.116796 6.893291 4.383204
v -13.280156 6.461075 4.219844
v -13.500000 6.082233 4.000000
v -13.767881 5.771326 3.732119
v -14.073505 5.540302 3.426495
v -14.405126 5.398037 3.094874
v -14.479034 10.301964 3.155529
v -14.218481 10.159699 3.545474
v -13.978354 9.928675 3.904849
v -13.767881 9.617767 4.219844
v -13.595151 9.238926 4.478354
v -13.466801 8.806709 4.670444
v -13.387763 8.337727 4.788733
v -13.361075 7.850000 4.828673
v -13.387763 7.362274 4.788733
v -13.466801 6.893291 4.670444
v -13.595151 6.461075 4.478354
v -13.767881 6.082233 4.219844
v -13.978354 5.771326 3.904849
v -14.218481 5.540302 3.545474
v -14.479034 5.398037 3.155529
v -14.563355 10.301964 3.200600
v -14.383883 10.159699 3.633883
v -14.218482 9.928675 4.033199
v -14.073505 9.617767 4.383204
v -13.954527 9.238926 4.670444
v -13.866117 8.806709 4.883883
v -13.811675 8.337727 5.015318
v -13.793293 7.850000 5.059698
v -13.811675 7.362274 5.015318
v -13.866117 6.893291 4.883883
v -13.954527 6.461075 4.670444
v -14.073505 6.082233 4.383204
v -14.218482 5.771326 4.033199
v -14.383883 5.540302 3.633883
v -14.563355 5.398037 3.200600
v -14.654849 10.301964 3.228354
v -14.563355 10.159699 3.688325
v -14.479034 9.928675 4.112237
v -14.405126 9.617767 4.483799
v -14.344471 9.238926 4.788732
v -14.299400 8.806709 5.015318
v -14.271646 8.337727 5.154849
v -14.262276 7.850000 5.201962
v -14.271646 7.362274 5.154849
v -14.299400 6.893291 5.015318
v -14.344471 6.461075 4.788732
v -14.405126 6.082233 4.483799
v -14.479034 5.771326 4.112237
v -14.563355 5.540302 3.688325
v -14.654849 5.398037 3.228354
v -14.750000 10.301964 3.237725
v -14.750000 10.159699 3.706708
v -14.750000 9.928675 4.138925
v -14.750000 9.617767 4.517766
v -14.750000 9.238926 4.828673
v -14.750000 8.806709 5.059698
v -14.750000 8.337727 5.201962
v -14.750001 7.850000 5.249998
v -14.750000 7.362274 5.201962
v -14.750000 6.893291 5.059698
v -14.750000 6.461075 4.828673
v -14.750000 6.082233 4.517766
v -14.750000 5.771326 4.138925
v -14.750000 5.540302 3.706708
v -14.750000 5.398037 3.237725
v -14.845151 10.301964 3.228354
v -14.936645 10.159699 3.688325
v -15.020966 9.928675 4.112237
v -15.094874 9.617767 4.483799
v -15.155529 9.238926 4.788732
v -15.200600 8.806709 5.015318
v -15.228354 8.337727 5.154849
v -15.237726 7.850000 5.201962
v -15.228354 7.362274 5.154849
v -15.200600 6.893291 5.015318
v -15.155529 6.461075 4.788732
v -15.094874 6.082233 4.483799
v -15.020966 5.771326 4.112237
v -14.936645 5.540302 3.688325
v -14.845151 5.398037 3.228354
v -14.936645 10.301964 3.200600
v -15.116117 10.159699 3.633883
v -15.281519 9.928675 4.033199
v -15.426495 9.617767 4.383204
v -15.545474 9.238926 4.670444
v -15.633883 8.806709 4.883883
v -15.688326 8.337727 5.015318
v -15.706709 7.850000 5.059697
v -15.688326 7.362274 5.015318
v -15.633883 6.893291 4.883883
v -15.545474 6.461075 4.670444
v -15.426495 6.082233 4.383204
v -15.281519 5.771326 4.033199
v -15.116117 5.540302 3.633883
v -14.936645 5.398037 3.200600
v -15.020966 10.301964 3.155529
v -15.281519 10.159699 3.545474
v -15.521646 9.928675 3.904849
v -15.732119 9.617767 4.219844
v -15.904849 9.238926 4.478354
v -16.033199 8.806709 4.670444
v -16.112238 8.337727 4.788732
v -16.138926 7.850000 4.828672
v -16.112238 7.362274 4.788732
v -16.033199 6.893291 4.670444
v -15.904849 6.461075 4.478354
v -15.732119 6.082233 4.219844
v -15.521646 5.771326 3.904849
v -15.281519 5.540302 3.545474
v -15.020966 5.398037 3.155529
v -15.094874 10.301964 3.094874
v -15.426495 10.159699 3.426495
v -15.732119 9.928675 3.732118
v -16.000000 9.617767 4.000000
v -16.219845 9.238926 4.219843
v -16.383204 8.806709 4.383203
v -16.483799 8.337727 4.483799
v -16.517767 7.850000 4.517765
v -16.483799 7.362274 4.483799
v -16.383204 6.893291 4.383203
v -16.219845 6.461075 4.219843
v -16.000000 6.082233 4.000000
v -15.732119 5.771326 3.732118
v -15.426495 5.540302 3.426495
v -15.094874 5.398037 3.094874
v -14.750000 5.350000 2.750000
v -15.155529 10.301964 3.020966
v -15.545474 10.159699 3.281518
v -15.904849 9.928675 3.521645
v -16.219845 9.617767 3.732118
v -16.478354 9.238926 3.904849
v -16.670444 8.806709 4.033199
v -16.788733 8.337727 4.112237
v -16.828672 7.850000 4.138924
v -16.788733 7.362274 4.112237
v -16.670444 6.893291 4.033199
v -16.478354 6.461075 3.904849
v -16.219845 6.082233 3.732118
v -15.904849 5.771326 3.521645
v -15.545474 5.540302 3.281518
v -15.155529 5.398037 3.020966
v -15.200600 10.301964 2.936644
v -15.633883 10.159699 3.116116
v -16.033199 9.928675 3.281518
v -16.383204 9.617767 3.426495
v -16.670444 9.238926 3.545473
v -16.883883 8.806709 3.633883
v -17.015318 8.337727 3.688325
v -17.059696 7.850000 3.706707
v -17.015318 7.362274 3.688325
v -16.883883 6.893291 3.633883
v -16.670444 6.461075 3.545473
v -16.383204 6.082233 3.426495
v -16.033199 5.771326 3.281518
v -15.633883 5.540302 3.116116
v -15.200600 5.398037 2.936644
v -15.228354 10.301964 2.845150
v -15.688325 10.159699 2.936644
v -16.112236 9.928675 3.020965
v -16.483799 9.617767 3.094874
v -16.788733 9.238926 3.155529
v -17.015318 8.806709 3.200600
v -17.154848 8.337727 3.228354
v -17.201962 7.850000 3.237724
v -17.154848 7.362274 3.228354
v -17.015318 6.893291 3.200600
v -16.788733 6.461075 3.155529
v -16.483799 6.082233 3.094874
v -16.112236 5.771326 3.020965
v -15.688325 5.540302 2.936644
v -15.228354 5.398037 2.845150
v -15.237725 10.301964 2.750000
v -15.706708 10.159699 2.750000
v -16.138924 9.928675 2.750000
v -16.517767 9.617767 2.750000
v -16.828672 9.238926 2.750000
v -17.059698 8.806709 2.750000
v -17.201962 8.337727 2.749999
v -17.249998 7.850000 2.749999
v -17.201962 7.362274 2.749999
v -17.059698 6.893291 2.750000
v -16.828672 6.461075 2.750000
v -16.517767 6.082233 2.750000
v -16.138924 5.771326 2.750000
v -15.706708 5.540302 2.750000
v -15.237725 5.398037 2.750000
v -15.228354 10.301964 2.654850
v -15.688325 10.159699 2.563355
v -16.112236 9.928675 2.479034
v -16.483799 9.617767 2.405126
v -16.788731 9.238926 2.344471
v -17.015318 8.806709 2.299400
v -17.154848 8.337727 2.271645
v -17.201962 7.850000 2.262274
v -17.154848 7.362274 2.271645
v -17.015318 6.893291 2.299400
v -16.788731 6.461075 2.344471
v -16.483799 6.082233 2.405126
v -16.112236 5.771326 2.479034
v -15.688325 5.540302 2.563355
v -15.228354 5.398037 2.654850
v -15.200600 10.301964 2.563355
v -15.633883 10.159699 2.383883
v -16.033199 9.928675 2.218481
v -16.383204 9.617767 2.073505
v -16.670443 9.238926 1.954526
v -16.883883 8.806709 1.866117
v -17.015318 8.337727 1.811674
v -17.059696 7.850000 1.793291
v -17.015318 7.362274 1.811674
v -16.883883 6.893291 1.866117
v -16.670443 6.461075 1.954526
v -16.383204 6.082233 2.073505
v -16.033199 5.771326 2.218481
v -15.633883 5.540302 2.383883
v -15.200600 5.398037 2.563355
v -15.155529 10.301964 2.479034
v -15.545473 10.159699 2.218481
v -15.904848 9.928675 1.978355
v -16.219845 9.617767 1.767882
v -16.478354 9.238926 1.595151
v -16.670444 8.806709 1.466801
v -16.788731 8.337727 1.387762
v -16.828671 7.850000 1.361075
v -16.788731 7.362274 1.387762
v -16.670444 6.893291 1.466801
v -16.478354 6.461075 1.595151
v -16.219845 6.082233 1.767882
v -15.904848 5.771326 1.978355
v -15.545473 5.540302 2.218481
v -15.155529 5.398037 2.479034
v -15.094873 10.301964 2.405126
v -15.426495 10.159699 2.073505
v -15.732118 9.928675 1.767882
v -16.000000 9.617767 1.500000
v -16.219843 9.238926 1.280156
v -16.383204 8.806709 1.116797
v -16.483799 8.337727 1.016201
v -16.517765 7.850000 0.982234
v -16.483799 7.362274 1.016201
v -16.383204 6.893291 1.116797
v -16.219843 6.461075 1.280156
v -16.000000 6.082233 1.500000
v -15.732118 5.771326 1.767882
v -15.426495 5.540302 2.073505
v -15.094873 5.398037 2.405126
v -15.020966 10.301964 2.344471
v -15.281518 10.159699 1.954526
v -15.521645 9.928675 1.595151
v -15.732119 9.617767 1.280156
v -15.904848 9.238926 1.021647
v -16.033199 8.806709 0.829556
v -16.112236 8.337727 0.711268
v -16.138924 7.850000 0.671328
v -16.112236 7.362274 0.711268
v -16.033199 6.893291 0.829556
v -15.904848 6.461075 1.021647
v -15.732119 6.082233 1.280156
v -15.521645 5.771326 1.595151
v -15.281518 5.540302 1.954526
v -15.020966 5.398037 2.344471
v -14.936645 10.301964 2.299401
v -15.116117 10.159699 1.866117
v -15.281518 9.928675 1.466801
v -15.426495 9.617767 1.116797
v -15.545473 9.238926 0.829557
v -15.633883 8.806709 0.616117
v -15.688324 8.337727 0.484683
v -15.706706 7.850000 0.440304
v -15.688324 7.362274 0.484683
v -15.633883 6.893291 0.616117
v -15.545473 6.461075 0.829557
v -15.426495 6.082233 1.116797
v -15.281518 5.771326 1.466801
v -15.116117 5.540302 1.866117
v -14.936645 5.398037 2.299401
v -14.845150 10.301964 2.271646
v -14.936645 10.159699 1.811675
v -15.020966 9.928675 1.387764
v -15.094874 9.617767 1.016201
v -15.155528 9.238926 0.711269
v -15.200600 8.806709 0.484683
v -15.228354 8.337727 0.345152
v -15.237724 7.850000 0.298039
v -15.228354 7.362274 0.345152
v -15.200600 6.893291 0.484683
v -15.155528 6.461075 0.711269
v -15.094874 6.082233 1.016201
v -15.020966 5.771326 1.387764
v -14.936645 5.540302 1.811675
v -14.845150 5.398037 2.271646
v -14.750000 10.301964 2.262275
v -14.750000 10.159699 1.793292
v -14.750000 9.617767 0.982234
v -14.750000 8.806709 0.440302
v -14.750000 6.893291 0.440302
v -14.750000 6.082233 0.982234
v -14.749999 5.771326 1.361076
v -14.750000 5.540302 1.793292
v -14.750000 5.398037 2.262275
v 15.500000 5.262939 -19.611141
v 15.500000 4.711142 -20.162939
v 15.500000 3.990181 -20.461571
v 15.500000 3.600000 -20.500000
v 15.500000 3.209820 -20.461571
v 15.500000 2.488859 -20.162939
v 15.576120 5.561571 -18.882683
v 15.649316 5.447760 -19.250660
v 15.716773 5.262939 -19.589790
v 15.775899 5.014214 -19.887039
v 15.824424 4.711142 -20.130985
v 15.860480 4.365368 -20.312254
v 15.882684 3.990181 -20.423880
v 15.890181 3.600000 -20.461571
v 15.882684 3.209820 -20.423880
v 15.860480 2.834633 -20.312254
v 15.824424 2.488859 -20.130985
v 15.775899 2.185787 -19.887039
v 15.716773 1.937061 -19.589790
v 15.649316 1.752241 -19.250660
v 15.576120 1.638430 -18.882683
v 15.649316 5.561571 -18.860479
v 15.792893 5.447760 -19.207108
v 15.925215 5.262939 -19.526560
v 16.041197 5.014214 -19.806562
v 16.136379 4.711142 -20.036356
v 16.207108 4.365368 -20.207108
v 16.250660 3.990181 -20.312254
v 16.265368 3.600000 -20.347759
v 16.250660 3.209820 -20.312254
v 16.207108 2.834633 -20.207108
v 16.136379 2.488859 -20.036356
v 16.041197 2.185787 -19.806562
v 15.925215 1.937061 -19.526560
v 15.792893 1.752241 -19.207108
v 15.649316 1.638430 -18.860479
v 15.716773 5.561571 -18.824423
v 15.925215 5.447760 -19.136379
v 16.117317 5.262939 -19.423880
v 16.285694 5.014214 -19.675875
v 16.423880 4.711142 -19.882683
v 16.526560 4.365368 -20.036356
v 16.589790 3.990181 -20.130985
v 16.611141 3.600000 -20.162939
v 16.589790 3.209820 -20.130985
v 16.526560 2.834633 -20.036356
v 16.423880 2.488859 -19.882683
v 16.285694 2.185787 -19.675875
v 16.117317 1.937061 -19.423880
v 15.925215 1.752241 -19.136379
v 15.716773 1.638430 -18.824423
v 15.775899 5.561571 -18.775900
v 16.041197 5.447760 -19.041197
v 16.285694 5.262939 -19.285694
v 16.500000 5.014214 -19.500000
v 16.675875 4.711142 -19.675875
v 16.806562 4.365368 -19.806562
v 16.887039 3.990181 -19.887039
v 16.914213 3.600000 -19.914213
v 16.887039 3.209820 -19.887039
v 16.806562 2.834633 -19.806562
v 16.675875 2.488859 -19.675875
v 16.500000 2.185787 -19.500000
v 16.285694 1.937061 -19.285694
v 16.041197 1.752241 -19.041197
v 15.775899 1.638430 -18.775900
v 15.824423 5.561571 -18.716772
v 16.136379 5.447760 -18.925215
v 16.423880 5.262939 -19.117317
v 16.675875 5.014214 -19.285694
v 16.882683 4.711142 -19.423880
v 17.036356 4.365368 -19.526560
v 17.130985 3.990181 -19.589790
v 17.162939 3.600000 -19.611139
v 17.130985 3.209820 -19.589790
v 17.036356 2.834633 -19.526560
v 16.882683 2.488859 -19.423880
v 16.675875 2.185787 -19.285694
v 16.423880 1.937061 -19.117317
v 16.136379 1.752241 -18.925215
v 15.824423 1.638430 -18.716772
v 15.500000 5.600000 -18.500000
v 15.860479 5.561571 -18.649315
v 16.207108 5.447760 -18.792892
v 16.526560 5.262939 -18.925215
v 16.806562 5.014214 -19.041197
v 17.036356 4.711142 -19.136379
v 17.207108 4.365368 -19.207108
v 17.312254 3.990181 -19.250660
v 17.347759 3.600000 -19.265366
v 17.312254 3.209820 -19.250660
v 17.207108 2.834633 -19.207108
v 17.036356 2.488859 -19.136379
v 16.806562 2.185787 -19.041197
v 16.526560 1.937061 -18.925215
v 16.207108 1.752241 -18.792892
v 15.860479 1.638430 -18.649315
v 15.882684 5.561571 -18.576120
v 16.250660 5.447760 -18.649315
v 16.589790 5.262939 -18.716772
v 16.887039 5.014214 -18.775900
v 17.130985 4.711142 -18.824423
v 17.312254 4.365368 -18.860479
v 17.423880 3.990181 -18.882683
v 17.461571 3.600000 -18.890181
v 17.423880 3.209820 -18.882683
v 17.312254 2.834633 -18.860479
v 17.130985 2.488859 -18.824423
v 16.887039 2.185787 -18.775900
v 16.589790 1.937061 -18.716772
v 16.250660 1.752241 -18.649315
v 15.882684 1.638430 -18.576120
v 15.890181 5.561571 -18.500000
v 16.265368 5.447760 -18.500000
v 16.611141 5.262939 -18.500000
v 16.914213 5.014214 -18.500000
v 17.162939 4.711142 -18.500000
v 17.347759 4.365368 -18.500000
v 17.461571 3.990181 -18.500000
v 17.500000 3.600000 -18.500000
v 17.461571 3.209820 -18.500000
v 17.347759 2.834633 -18.500000
v 17.162939 2.488859 -18.500000
v 16.914213 2.185787 -18.500000
v 16.611141 1.937061 -18.500000
v 16.265368 1.752241 -18.500000
v 15.890181 1.638430 -18.500000
v 15.882684 5.561571 -18.423880
v 16.250660 5.447760 -18.350685
v 16.589790 5.262939 -18.283228
v 16.887039 5.014214 -18.224100
v 17.130985 4.711142 -18.175577
v 17.312254 4.365368 -18.139521
v 17.423880 3.990181 -18.117317
v 17.461571 3.600000 -18.109819
v 17.423880 3.209820 -18.117317
v 17.312254 2.834633 -18.139521
v 17.130985 2.488859 -18.175577
v 16.887039 2.185787 -18.224100
v 16.589790 1.937061 -18.283228
v 16.250660 1.752241 -18.350685
v 15.882684 1.638430 -18.423880
v 15.860479 5.561571 -18.350685
v 16.207108 5.447760 -18.207108
v 16.526560 5.262939 -18.074785
v 16.806562 5.014214 -17.958803
v 17.036354 4.711142 -17.863621
v 17.207108 4.365368 -17.792892
v 17.312254 3.990181 -17.749340
v 17.347757 3.600000 -17.734632
v 17.312254 3.209820 -17.749340
v 17.207108 2.834633 -17.792892
v 17.036354 2.488859 -17.863621
v 16.806562 2.185787 -17.958803
v 16.526560 1.937061 -18.074785
v 16.207108 1.752241 -18.207108
v 15.860479 1.638430 -18.350685
v 15.824423 5.561571 -18.283228
v 16.136379 5.447760 -18.074785
v 16.423880 5.262939 -17.882683
v 16.675875 5.014214 -17.714306
v 16.882683 4.711142 -17.576120
v 17.036356 4.365368 -17.473440
v 17.130985 3.990181 -17.410210
v 17.162939 3.600000 -17.388859
v 17.130985 3.209820 -17.410210
v 17.036356 2.834633 -17.473440
v 16.882683 2.488859 -17.576120
v 16.675875 2.185787 -17.714306
v 16.423880 1.937061 -17.882683
v 16.136379 1.752241 -18.074785
v 15.824423 1.638430 -18.283228
v 15.775899 5.561571 -18.224100
v 16.041197 5.447760 -17.958803
v 16.285694 5.262939 -17.714306
v 16.500000 5.014214 -17.500000
v 16.675875 4.711142 -17.324125
v 16.806562 4.365368 -17.193438
v 16.887039 3.990181 -17.112961
v 16.914213 3.600000 -17.085787
v 16.887039 3.209820 -17.112961
v 16.806562 2.834633 -17.193438
v 16.675875 2.488859 -17.324125
v 16.500000 2.185787 -17.500000
v 16.285694 1.937061 -17.714306
v 16.041197 1.752241 -17.958803
v 15.775899 1.638430 -18.224100
v 15.716773 5.561571 -18.175577
v 15.925215 5.447760 -17.863621
v 16.117315 5.262939 -17.576120
v 16.285694 5.014214 -17.324125
v 16.423880 4.711142 -17.117317
v 16.526560 4.365368 -16.963644
v 16.589790 3.990181 -16.869015
v 16.611139 3.600000 -16.837061
v 16.589790 3.209820 -16.869015
v 16.526560 2.834633 -16.963644
v 16.423880 2.488859 -17.117317
v 16.285694 2.185787 -17.324125
v 16.117315 1.937061 -17.576120
v 15.925215 1.752241 -17.863621
v 15.716773 1.638430 -18.175577
v 15.649316 5.561571 -18.139521
v 15.792893 5.447760 -17.792892
v 15.925215 5.262939 -17.473440
v 16.041197 5.014214 -17.193438
v 16.136379 4.711142 -16.963646
v 16.207108 4.365368 -16.792894
v 16.250660 3.990181 -16.687746
v 16.265366 3.600000 -16.652241
v 16.250660 3.209820 -16.687746
v 16.207108 2.834633 -16.792894
v 16.136379 2.488859 -16.963646
v 16.041197 2.185787 -17.193438
v 15.925215 1.937061 -17.473440
v 15.792893 1.752241 -17.792892
v 15.649316 1.638430 -18.139521
v 15.576120 5.561571 -18.117317
v 15.649316 5.447760 -17.749340
v 15.716772 5.262939 -17.410210
v 15.775899 5.014214 -17.112961
v 15.824423 4.711142 -16.869015
v 15.860480 4.365368 -16.687746
v 15.882683 3.990181 -16.576120
v 15.890180 3.600000 -16.538431
v 15.882683 3.209820 -16.576120
v 15.860480 2.834633 -16.687746
v 15.824423 2.488859 -16.869015
v 15.775899 2.185787 -17.112961
v 15.716772 1.937061 -17.410210
v 15.649316 1.752241 -17.749340
v 15.576120 1.638430 -18.117317
v 15.500000 5.561571 -18.109819
v 15.500000 5.447760 -17.734632
v 15.500000 5.262939 -17.388861
v 15.500000 5.014214 -17.085787
v 15.500000 4.711142 -16.837061
v 15.500000 4.365368 -16.652241
v 15.500000 3.990181 -16.538429
v 15.499999 3.600000 -16.500002
v 15.500000 3.209820 -16.538429
v 15.500000 2.834633 -16.652241
v 15.500000 2.488859 -16.837061
v 15.500000 2.185787 -17.085787
v 15.500000 1.937061 -17.388861
v 15.500000 1.752241 -17.734632
v 15.500000 1.638430 -18.109819
v 15.423880 5.561571 -18.117317
v 15.350684 5.447760 -17.749340
v 15.283227 5.262939 -17.410210
v 15.224101 5.014214 -17.112961
v 15.175576 4.711142 -16.869015
v 15.139521 4.365368 -16.687746
v 15.117316 3.990181 -16.576120
v 15.109819 3.600000 -16.538431
v 15.117316 3.209820 -16.576120
v 15.139521 2.834633 -16.687746
v 15.175576 2.488859 -16.869015
v 15.224101 2.185787 -17.112961
v 15.283227 1.937061 -17.410210
v 15.350684 1.752241 -17.749340
v 15.423880 1.638430 -18.117317
v 15.350684 5.561571 -18.139521
v 15.207107 5.447760 -17.792892
v 15.074785 5.262939 -17.473440
v 14.958804 5.014214 -17.193438
v 14.863621 4.711142 -16.963646
v 14.792893 4.365368 -16.792894
v 14.749339 3.990181 -16.687746
v 14.734633 3.600000 -16.652243
v 14.749339 3.209820 -16.687746
v 14.792893 2.834633 -16.792894
v 14.863621 2.488859 -16.963646
v 14.958804 2.185787 -17.193438
v 15.074785 1.937061 -17.473440
v 15.207107 1.752241 -17.792892
v 15.350684 1.638430 -18.139521
v 15.283227 5.561571 -18.175577
v 15.074785 5.447760 -17.863621
v 14.882684 5.262939 -17.576120
v 14.714305 5.014214 -17.324125
v 14.576120 4.711142 -17.117317
v 14.473440 4.365368 -16.963646
v 14.410210 3.990181 -16.869015
v 14.388860 3.600000 -16.837063
v 14.410210 3.209820 -16.869015
v 14.473440 2.834633 -16.963646
v 14.576120 2.488859 -17.117317
v 14.714305 2.185787 -17.324125
v 14.882684 1.937061 -17.576120
v 15.074785 1.752241 -17.863621
v 15.283227 1.638430 -18.175577
v 15.224101 5.561571 -18.224100
v 14.958804 5.447760 -17.958805
v 14.714306 5.262939 -17.714306
v 14.500000 5.014214 -17.500000
v 14.324125 4.711142 -17.324125
v 14.193438 4.365368 -17.193438
v 14.112961 3.990181 -17.112961
v 14.085787 3.600000 -17.085789
v 14.112961 3.209820 -17.112961
v 14.193438 2.834633 -17.193438
v 14.324125 2.488859 -17.324125
v 14.500000 2.185787 -17.500000
v 14.714306 1.937061 -17.714306
v 14.958804 1.752241 -17.958805
v 15.224101 1.638430 -18.224100
v 15.500000 1.600000 -18.500000
v 15.175577 5.561571 -18.283228
v 14.863621 5.447760 -18.074785
v 14.576121 5.262939 -17.882685
v 14.324124 5.014214 -17.714306
v 14.117317 4.711142 -17.576120
v 13.963645 4.365368 -17.473440
v 13.869014 3.990181 -17.410210
v 13.837062 3.600000 -17.388861
v 13.869014 3.209820 -17.410210
v 13.963645 2.834633 -17.473440
v 14.117317 2.488859 -17.576120
v 14.324124 2.185787 -17.714306
v 14.576121 1.937061 -17.882685
v 14.863621 1.752241 -18.074785
v 15.175577 1.638430 -18.283228
v 15.139521 5.561571 -18.350685
v 14.792893 5.447760 -18.207108
v 14.473441 5.262939 -18.074785
v 14.193438 5.014214 -17.958803
v 13.963645 4.711142 -17.863621
v 13.792894 4.365368 -17.792894
v 13.687746 3.990181 -17.749340
v 13.652243 3.600000 -17.734634
v 13.687746 3.209820 -17.749340
v 13.792894 2.834633 -17.792894
v 13.963645 2.488859 -17.863621
v 14.193438 2.185787 -17.958803
v 14.473441 1.937061 -18.074785
v 14.792893 1.752241 -18.207108
v 15.139521 1.638430 -18.350685
v 15.117317 5.561571 -18.423880
v 14.749340 5.447760 -18.350685
v 14.410211 5.262939 -18.283228
v 14.112961 5.014214 -18.224100
v 13.869015 4.711142 -18.175577
v 13.687746 4.365368 -18.139521
v 13.576121 3.990181 -18.117317
v 13.538431 3.600000 -18.109821
v 13.576121 3.209820 -18.117317
v 13.687746 2.834633 -18.139521
v 13.869015 2.488859 -18.175577
v 14.112961 2.185787 -18.224100
v 14.410211 1.937061 -18.283228
v 14.749340 1.752241 -18.350685
v 15.117317 1.638430 -18.423880
v 15.109819 5.561571 -18.500000
v 14.734633 5.447760 -18.500000
v 14.388861 5.262939 -18.500000
v 14.085787 5.014214 -18.500000
v 13.837062 4.711142 -18.500000
v 13.652242 4.365368 -18.500000
v 13.538430 3.990181 -18.500000
v 13.500002 3.600000 -18.500000
v 13.538430 3.209820 -18.500000
v 13.652242 2.834633 -18.500000
v 13.837062 2.488859 -18.500000
v 14.085787 2.185787 -18.500000
v 14.388861 1.937061 -18.500000
v 14.734633 1.752241 -18.500000
v 15.109819 1.638430 -18.500000
v 15.117317 5.561571 -18.576120
v 14.749340 5.447760 -18.649315
v 14.410211 5.262939 -18.716772
v 14.112961 5.014214 -18.775900
v 13.869015 4.711142 -18.824423
v 13.687746 4.365368 -18.860479
v 13.576121 3.990181 -18.882685
v 13.538431 3.600000 -18.890181
v 13.576121 3.209820 -18.882685
v 13.687746 2.834633 -18.860479
v 13.869015 2.488859 -18.824423
v 14.112961 2.185787 -18.775900
v 14.410211 1.937061 -18.716772
v 14.749340 1.752241 -18.649315
v 15.117317 1.638430 -18.576120
v 15.139521 5.561571 -18.649315
v 14.792893 5.447760 -18.792892
v 14.473441 5.262939 -18.925215
v 14.193438 5.014214 -19.041197
v 13.963646 4.711142 -19.136379
v 13.792894 4.365368 -19.207106
v 13.687746 3.990181 -19.250660
v 13.652243 3.600000 -19.265368
v 13.687746 3.209820 -19.250660
v 13.792894 2.834633 -19.207106
v 13.963646 2.488859 -19.136379
v 14.193438 2.185787 -19.041197
v 14.473441 1.937061 -18.925215
v 14.792893 1.752241 -18.792892
v 15.139521 1.638430 -18.649315
v 15.175577 5.561571 -18.716772
v 14.863621 5.447760 -18.925215
v 14.576121 5.262939 -19.117317
v 14.324125 5.014214 -19.285694
v 14.117317 4.711142 -19.423880
v 13.963645 4.365368 -19.526560
v 13.869015 3.990181 -19.589790
v 13.837063 3.600000 -19.611139
v 13.869015 3.209820 -19.589790
v 13.963645 2.834633 -19.526560
v 14.117317 2.488859 -19.423880
v 14.324125 2.185787 -19.285694
v 14.576121 1.937061 -19.117317
v 14.863621 1.752241 -18.925215
v 15.175577 1.638430 -18.716772
v 15.224101 5.561571 -18.775900
v 14.958804 5.447760 -19.041195
v 14.714306 5.262939 -19.285694
v 14.500000 5.014214 -19.500000
v 14.324125 4.711142 -19.675875
v 14.193438 4.365368 -19.806562
v 14.112961 3.990181 -19.887039
v 14.085789 3.600000 -19.914213
v 14.112961 3.209820 -19.887039
v 14.193438 2.834633 -19.806562
v 14.324125 2.488859 -19.675875
v 14.500000 2.185787 -19.500000
v 14.714306 1.937061 -19.285694
v 14.958804 1.752241 -19.041195
v 15.224101 1.638430 -18.775900
v 15.283228 5.561571 -18.824423
v 15.074785 5.447760 -19.136379
v 14.882685 5.262939 -19.423880
v 14.714306 5.014214 -19.675875
v 14.576121 4.711142 -19.882683
v 14.473440 4.365368 -20.036354
v 14.410211 3.990181 -20.130985
v 14.388862 3.600000 -20.162937
v 14.410211 3.209820 -20.130985
v 14.473440 2.834633 -20.036354
v 14.576121 2.488859 -19.882683
v 14.714306 2.185787 -19.675875
v 14.882685 1.937061 -19.423880
v 15.074785 1.752241 -19.136379
v 15.283228 1.638430 -18.824423
v 15.350684 5.561571 -18.860479
v 15.207107 5.447760 -19.207106
v 15.074786 5.262939 -19.526560
v 14.958804 5.014214 -19.806562
v 14.863622 4.711142 -20.036354
v 14.792893 4.365368 -20.207106
v 14.749340 3.990181 -20.312254
v 14.734634 3.600000 -20.347757
v 14.749340 3.209820 -20.312254
v 14.792893 2.834633 -20.207106
v 14.863622 2.488859 -20.036354
v 14.958804 2.185787 -19.806562
v 15.074786 1.937061 -19.526560
v 15.207107 1.752241 -19.207106
v 15.350684 1.638430 -18.860479
v 15.423880 5.561571 -18.882683
v 15.350684 5.447760 -19.250660
v 15.283228 5.262939 -19.589788
v 15.224101 5.014214 -19.887039
v 15.175577 4.711142 -20.130985
v 15.139521 4.365368 -20.312254
v 15.117317 3.990181 -20.423878
v 15.109820 3.600000 -20.461569
v 15.117317 3.209820 -20.423878
v 15.139521 2.834633 -20.312254
v 15.175577 2.488859 -20.130985
v 15.224101 2.185787 -19.887039
v 15.283228 1.937061 -19.589788
v 15.350684 1.752241 -19.250660
v 15.423880 1.638430 -18.882683
v 15.500000 5.561571 -18.890181
v 15.500000 5.447760 -19.265366
v 15.500000 5.014214 -19.914213
v 15.500000 4.365368 -20.347757
v 15.500000 2.834633 -20.347757
v 15.500000 2.185787 -19.914213
v 15.500000 1.937061 -19.611139
v 15.500000 1.752241 -19.265366
v 15.500000 1.638430 -18.890181
v 15.250000 6.764057 7.472202
v 15.250000 6.377798 7.085943
v 15.250000 5.873127 6.876901
v 15.250000 5.600000 6.850000
v 15.250000 5.326874 6.876901
v 15.250000 4.822203 7.085943
v 15.303285 6.973101 7.982121
v 15.354521 6.893431 7.724538
v 15.401741 6.764057 7.487147
v 15.443130 6.589951 7.279072
v 15.477097 6.377798 7.108310
v 15.502336 6.135757 6.981421
v 15.517879 5.873127 6.903285
v 15.523127 5.600000 6.876901
v 15.517879 5.326874 6.903285
v 15.502336 5.064243 6.981421
v 15.477097 4.822203 7.108310
v 15.443130 4.610050 7.279072
v 15.401741 4.435944 7.487147
v 15.354521 4.306570 7.724538
v 15.303285 4.226900 7.982121
v 15.354521 6.973101 7.997664
v 15.455026 6.893431 7.755025
v 15.547650 6.764057 7.531408
v 15.628838 6.589951 7.335406
v 15.695465 6.377798 7.174551
v 15.744975 6.135757 7.055025
v 15.775462 5.873127 6.981421
v 15.785757 5.600000 6.956569
v 15.775462 5.326874 6.981421
v 15.744975 5.064243 7.055025
v 15.695465 4.822203 7.174551
v 15.628838 4.610050 7.335406
v 15.547650 4.435944 7.531408
v 15.455026 4.306570 7.755025
v 15.354521 4.226900 7.997664
v 15.401741 6.973101 8.022903
v 15.547650 6.893431 7.804534
v 15.682121 6.764057 7.603284
v 15.799987 6.589951 7.426887
v 15.896715 6.377798 7.282122
v 15.968592 6.135757 7.174551
v 16.012854 5.873127 7.108310
v 16.027798 5.600000 7.085943
v 16.012854 5.326874 7.108310
v 15.968592 5.064243 7.174551
v 15.896715 4.822203 7.282122
v 15.799987 4.610050 7.426887
v 15.682121 4.435944 7.603284
v 15.547650 4.306570 7.804534
v 15.401741 4.226900 8.022903
v 15.443130 6.973101 8.056870
v 15.628838 6.893431 7.871163
v 15.799987 6.764057 7.700014
v 15.950000 6.589951 7.550000
v 16.073112 6.377798 7.426888
v 16.164595 6.135757 7.335406
v 16.220928 5.873127 7.279072
v 16.239950 5.600000 7.260051
v 16.220928 5.326874 7.279072
v 16.164595 5.064243 7.335406
v 16.073112 4.822203 7.426888
v 15.950000 4.610050 7.550000
v 15.799987 4.435944 7.700014
v 15.628838 4.306570 7.871163
v 15.443130 4.226900 8.056870
v 15.477097 6.973101 8.098259
v 15.695465 6.893431 7.952350
v 15.896715 6.764057 7.817879
v 16.073112 6.589951 7.700014
v 16.217878 6.377798 7.603284
v 16.325449 6.135757 7.531408
v 16.391691 5.873127 7.487147
v 16.414057 5.600000 7.472202
v 16.391691 5.326874 7.487147
v 16.325449 5.064243 7.531408
v 16.217878 4.822203 7.603284
v 16.073112 4.610050 7.700014
v 15.896715 4.435944 7.817879
v 15.695465 4.306570 7.952350
v 15.477097 4.226900 8.098259
v 15.250000 7.000000 8.250000
v 15.502336 6.973101 8.145479
v 15.744975 6.893431 8.044974
v 15.968592 6.764057 7.952350
v 16.164595 6.589951 7.871163
v 16.325449 6.377798 7.804535
v 16.444975 6.135757 7.755025
v 16.518578 5.873127 7.724538
v 16.543430 5.600000 7.714243
v 16.518578 5.326874 7.724538
v 16.444975 5.064243 7.755025
v 16.325449 4.822203 7.804535
v 16.164595 4.610050 7.871163
v 15.968592 4.435944 7.952350
v 15.744975 4.306570 8.044974
v 15.502336 4.226900 8.145479
v 15.517879 6.973101 8.196715
v 15.775462 6.893431 8.145479
v 16.012854 6.764057 8.098259
v 16.220928 6.589951 8.056870
v 16.391689 6.377798 8.022903
v 16.518578 6.135757 7.997664
v 16.596716 5.873127 7.982122
v 16.623098 5.600000 7.976874
v 16.596716 5.326874 7.982122
v 16.518578 5.064243 7.997664
v 16.391689 4.822203 8.022903
v 16.220928 4.610050 8.056870
v 16.012854 4.435944 8.098259
v 15.775462 4.306570 8.145479
v 15.517879 4.226900 8.196715
v 15.523127 6.973101 8.250000
v 15.785757 6.893431 8.250000
v 16.027798 6.764057 8.250000
v 16.239950 6.589951 8.250000
v 16.414057 6.377798 8.250000
v 16.543430 6.135757 8.250000
v 16.623098 5.873127 8.250000
v 16.650000 5.600000 8.250000
v 16.623098 5.326874 8.250000
v 16.543430 5.064243 8.250000
v 16.414057 4.822203 8.250000
v 16.239950 4.610050 8.250000
v 16.027798 4.435944 8.250000
v 15.785757 4.306570 8.250000
v 15.523127 4.226900 8.250000
v 15.517879 6.973101 8.303285
v 15.775462 6.893431 8.354521
v 16.012854 6.764057 8.401741
v 16.220928 6.589951 8.443130
v 16.391689 6.377798 8.477097
v 16.518578 6.135757 8.502336
v 16.596716 5.873127 8.517879
v 16.623098 5.600000 8.523127
v 16.596716 5.326874 8.517879
v 16.518578 5.064243 8.502336
v 16.391689 4.822203 8.477097
v 16.220928 4.610050 8.443130
v 16.012854 4.435944 8.401741
v 15.775462 4.306570 8.354521
v 15.517879 4.226900 8.303285
v 15.502336 6.973101 8.354521
v 15.744975 6.893431 8.455026
v 15.968592 6.764057 8.547650
v 16.164595 6.589951 8.628838
v 16.325449 6.377798 8.695465
v 16.444975 6.135757 8.744974
v 16.518578 5.873127 8.775462
v 16.543430 5.600000 8.785757
v 16.518578 5.326874 8.775462
v 16.444975 5.064243 8.744974
v 16.325449 4.822203 8.695465
v 16.164595 4.610050 8.628838
v 15.968592 4.435944 8.547650
v 15.744975 4.306570 8.455026
v 15.502336 4.226900 8.354521
v 15.477097 6.973101 8.401741
v 15.695465 6.893431 8.547650
v 15.896715 6.764057 8.682121
v 16.073112 6.589951 8.799986
v 16.217878 6.377798 8.896715
v 16.325449 6.135757 8.968592
v 16.391689 5.873127 9.012853
v 16.414057 5.600000 9.027799
v 16.391689 5.326874 9.012853
v 16.325449 5.064243 8.968592
v 16.217878 4.822203 8.896715
v 16.073112 4.610050 8.799986
v 15.896715 4.435944 8.682121
v 15.695465 4.306570 8.547650
v 15.477097 4.226900 8.401741
v 15.443130 6.973101 8.443130
v 15.628838 6.893431 8.628838
v 15.799986 6.764057 8.799986
v 15.950000 6.589951 8.950000
v 16.073112 6.377798 9.073112
v 16.164595 6.135757 9.164594
v 16.220928 5.873127 9.220928
v 16.239948 5.600000 9.239949
v 16.220928 5.326874 9.220928
v 16.164595 5.064243 9.164594
v 16.073112 4.822203 9.073112
v 15.950000 4.610050 8.950000
v 15.799986 4.435944 8.799986
v 15.628838 4.306570 8.628838
v 15.443130 4.226900 8.443130
v 15.401741 6.973101 8.477097
v 15.547650 6.893431 8.695465
v 15.682121 6.764057 8.896715
v 15.799986 6.589951 9.073112
v 15.896715 6.377798 9.217878
v 15.968592 6.135757 9.325449
v 16.012854 5.873127 9.391690
v 16.027798 5.600000 9.414057
v 16.012854 5.326874 9.391690
v 15.968592 5.064243 9.325449
v 15.896715 4.822203 9.217878
v 15.799986 4.610050 9.073112
v 15.682121 4.435944 8.896715
v 15.547650 4.306570 8.695465
v 15.401741 4.226900 8.477097
v 15.354521 6.973101 8.502336
v 15.455025 6.893431 8.744975
v 15.547650 6.764057 8.968592
v 15.628838 6.589951 9.164594
v 15.695465 6.377798 9.325449
v 15.744975 6.135757 9.444975
v 15.775462 5.873127 9.518578
v 15.785756 5.600000 9.543430
v 15.775462 5.326874 9.518578
v 15.744975 5.064243 9.444975
v 15.695465 4.822203 9.325449
v 15.628838 4.610050 9.164594
v 15.547650 4.435944 8.968592
v 15.455025 4.306570 8.744975
v 15.354521 4.226900 8.502336
v 15.303285 6.973101 8.517879
v 15.354521 6.893431 8.775462
v 15.401741 6.764057 9.012853
v 15.443130 6.589951 9.220928
v 15.477097 6.377798 9.391690
v 15.502336 6.135757 9.518578
v 15.517879 5.873127 9.596715
v 15.523126 5.600000 9.623098
v 15.517879 5.326874 9.596715
v 15.502336 5.064243 9.518578
v 15.477097 4.822203 9.391690
v 15.443130 4.610050 9.220928
v 15.401741 4.435944 9.012853
v 15.354521 4.306570 8.775462
v 15.303285 4.226900 8.517879
v 15.250000 6.973101 8.523127
v 15.250000 6.893431 8.785757
v 15.250000 6.764057 9.027798
v 15.250000 6.589951 9.239949
v 15.250000 6.377798 9.414057
v 15.250000 6.135757 9.543431
v 15.250000 5.873127 9.623099
v 15.250000 5.600000 9.649999
v 15.250000 5.326874 9.623099
v 15.250000 5.064243 9.543431
v 15.250000 4.822203 9.414057
v 15.250000 4.610050 9.239949
v 15.250000 4.435944 9.027798
v 15.250000 4.306570 8.785757
v 15.250000 4.226900 8.523127
v 15.196715 6.973101 8.517879
v 15.145479 6.893431 8.775462
v 15.098259 6.764057 9.012853
v 15.056870 6.589951 9.220927
v 15.022903 6.377798 9.391690
v 14.997664 6.135757 9.518578
v 14.982121 5.873127 9.596715
v 14.976873 5.600000 9.623098
v 14.982121 5.326874 9.596715
v 14.997664 5.064243 9.518578
v 15.022903 4.822203 9.391690
v 15.056870 4.610050 9.220927
v 15.098259 4.435944 9.012853
v 15.145479 4.306570 8.775462
v 15.196715 4.226900 8.517879
v 15.145479 6.973101 8.502336
v 15.044974 6.893431 8.744974
v 14.952350 6.764057 8.968592
v 14.871162 6.589951 9.164594
v 14.804535 6.377798 9.325448
v 14.755026 6.135757 9.444974
v 14.724538 5.873127 9.518578
v 14.714243 5.600000 9.543430
v 14.724538 5.326874 9.518578
v 14.755026 5.064243 9.444974
v 14.804535 4.822203 9.325448
v 14.871162 4.610050 9.164594
v 14.952350 4.435944 8.968592
v 15.044974 4.306570 8.744974
v 15.145479 4.226900 8.502336
v 15.098259 6.973101 8.477097
v 14.952350 6.893431 8.695465
v 14.817879 6.764057 8.896715
v 14.700014 6.589951 9.073112
v 14.603285 6.377798 9.217878
v 14.531408 6.135757 9.325449
v 14.487147 5.873127 9.391689
v 14.472202 5.600000 9.414057
v 14.487147 5.326874 9.391689
v 14.531408 5.064243 9.325449
v 14.603285 4.822203 9.217878
v 14.700014 4.610050 9.073112
v 14.817879 4.435944 8.896715
v 14.952350 4.306570 8.695465
v 15.098259 4.226900 8.477097
v 15.056870 6.973101 8.443130
v 14.871162 6.893431 8.628838
v 14.700014 6.764057 8.799986
v 14.550000 6.589951 8.950000
v 14.426888 6.377798 9.073112
v 14.335406 6.135757 9.164594
v 14.279073 5.873127 9.220927
v 14.260051 5.600000 9.239948
v 14.279073 5.326874 9.220927
v 14.335406 5.064243 9.164594
v 14.426888 4.822203 9.073112
v 14.550000 4.610050 8.950000
v 14.700014 4.435944 8.799986
v 14.871162 4.306570 8.628838
v 15.056870 4.226900 8.443130
v 15.250000 4.200001 8.250000
v 15.022903 6.973101 8.401741
v 14.804535 6.893431 8.547650
v 14.603285 6.764057 8.682121
v 14.426888 6.589951 8.799986
v 14.282122 6.377798 8.896715
v 14.174552 6.135757 8.968592
v 14.108310 5.873127 9.012853
v 14.085943 5.600000 9.027797
v 14.108310 5.326874 9.012853
v 14.174552 5.064243 8.968592
v 14.282122 4.822203 8.896715
v 14.426888 4.610050 8.799986
v 14.603285 4.435944 8.682121
v 14.804535 4.306570 8.547650
v 15.022903 4.226900 8.401741
v 14.997664 6.973101 8.354521
v 14.755026 6.893431 8.455025
v 14.531408 6.764057 8.547650
v 14.335406 6.589951 8.628838
v 14.174552 6.377798 8.695465
v 14.055026 6.135757 8.744974
v 13.981422 5.873127 8.775462
v 13.956570 5.600000 8.785756
v 13.981422 5.326874 8.775462
v 14.055026 5.064243 8.744974
v 14.174552 4.822203 8.695465
v 14.335406 4.610050 8.628838
v 14.531408 4.435944 8.547650
v 14.755026 4.306570 8.455025
v 14.997664 4.226900 8.354521
v 14.982121 6.973101 8.303285
v 14.724538 6.893431 8.354521
v 14.487147 6.764057 8.401741
v 14.279073 6.589951 8.443130
v 14.108311 6.377798 8.477096
v 13.981422 6.135757 8.502336
v 13.903285 5.873127 8.517878
v 13.876902 5.600000 8.523126
v 13.903285 5.326874 8.517878
v 13.981422 5.064243 8.502336
v 14.108311 4.822203 8.477096
v 14.279073 4.610050 8.443130
v 14.487147 4.435944 8.401741
v 14.724538 4.306570 8.354521
v 14.982121 4.226900 8.303285
v 14.976873 6.973101 8.250000
v 14.714244 6.893431 8.250000
v 14.472202 6.764057 8.250000
v 14.260051 6.589951 8.250000
v 14.085943 6.377798 8.250000
v 13.956570 6.135757 8.250000
v 13.876902 5.873127 8.250000
v 13.850001 5.600000 8.249999
v 13.876902 5.326874 8.250000
v 13.956570 5.064243 8.250000
v 14.085943 4.822203 8.250000
v 14.260051 4.610050 8.250000
v 14.472202 4.435944 8.250000
v 14.714244 4.306570 8.250000
v 14.976873 4.226900 8.250000
v 14.982121 6.973101 8.196715
v 14.724538 6.893431 8.145479
v 14.487147 6.764057 8.098259
v 14.279073 6.589951 8.056870
v 14.108311 6.377798 8.022903
v 13.981422 6.135757 7.997664
v 13.903285 5.873127 7.982121
v 13.876902 5.600000 7.976873
v 13.903285 5.326874 7.982121
v 13.981422 5.064243 7.997664
v 14.108311 4.822203 8.022903
v 14.279073 4.610050 8.056870
v 14.487147 4.435944 8.098259
v 14.724538 4.306570 8.145479
v 14.982121 4.226900 8.196715
v 14.997664 6.973101 8.145479
v 14.755026 6.893431 8.044974
v 14.531408 6.764057 7.952350
v 14.335406 6.589951 7.871163
v 14.174552 6.377798 7.804534
v 14.055026 6.135757 7.755025
v 13.981422 5.873127 7.724537
v 13.956571 5.600000 7.714243
v 13.981422 5.326874 7.724537
v 14.055026 5.064243 7.755025
v 14.174552 4.822203 7.804534
v 14.335406 4.610050 7.871163
v 14.531408 4.435944 7.952350
v 14.755026 4.306570 8.044974
v 14.997664 4.226900 8.145479
v 15.022903 6.973101 8.098259
v 14.804535 6.893431 7.952350
v 14.603285 6.764057 7.817879
v 14.426888 6.589951 7.700014
v 14.282123 6.377798 7.603284
v 14.174552 6.135757 7.531408
v 14.108311 5.873127 7.487147
v 14.085944 5.600000 7.472202
v 14.108311 5.326874 7.487147
v 14.174552 5.064243 7.531408
v 14.282123 4.822203 7.603284
v 14.426888 4.610050 7.700014
v 14.603285 4.435944 7.817879
v 14.804535 4.306570 7.952350
v 15.022903 4.226900 8.098259
v 15.056870 6.973101 8.056870
v 14.871163 6.893431 7.871163
v 14.700014 6.764057 7.700014
v 14.550000 6.589951 7.550000
v 14.426888 6.377798 7.426888
v 14.335406 6.135757 7.335406
v 14.279073 5.873127 7.279072
v 14.260052 5.600000 7.260051
v 14.279073 5.326874 7.279072
v 14.335406 5.064243 7.335406
v 14.426888 4.822203 7.426888
v 14.550000 4.610050 7.550000
v 14.700014 4.435944 7.700014
v 14.871163 4.306570 7.871163
v 15.056870 4.226900 8.056870
v 15.098259 6.973101 8.022903
v 14.952350 6.893431 7.804535
v 14.817879 6.764057 7.603285
v 14.700014 6.589951 7.426888
v 14.603285 6.377798 7.282122
v 14.531408 6.135757 7.174552
v 14.487147 5.873127 7.108310
v 14.472203 5.600000 7.085943
v 14.487147 5.326874 7.108310
v 14.531408 5.064243 7.174552
v 14.603285 4.822203 7.282122
v 14.700014 4.610050 7.426888
v 14.817879 4.435944 7.603285
v 14.952350 4.306570 7.804535
v 15.098259 4.226900 8.022903
v 15.145479 6.973101 7.997664
v 15.044975 6.893431 7.755025
v 14.952350 6.764057 7.531409
v 14.871163 6.589951 7.335406
v 14.804535 6.377798 7.174552
v 14.755026 6.135757 7.055026
v 14.724539 5.873127 6.981422
v 14.714245 5.600000 6.956570
v 14.724539 5.326874 6.981422
v 14.755026 5.064243 7.055026
v 14.804535 4.822203 7.174552
v 14.871163 4.610050 7.335406
v 14.952350 4.435944 7.531409
v 15.044975 4.306570 7.755025
v 15.145479 4.226900 7.997664
v 15.196715 6.973101 7.982122
v 15.145479 6.893431 7.724538
v 15.098260 6.764057 7.487148
v 15.056870 6.589951 7.279072
v 15.022904 6.377798 7.108311
v 14.997664 6.135757 6.981422
v 14.982122 5.873127 6.903285
v 14.976874 5.600000 6.876902
v 14.982122 5.326874 6.903285
v 14.997664 5.064243 6.981422
v 15.022904 4.822203 7.108311
v 15.056870 4.610050 7.279072
v 15.098260 4.435944 7.487148
v 15.145479 4.306570 7.724538
v 15.196715 4.226900 7.982122
v 15.250000 6.973101 7.976874
v 15.250000 6.893431 7.714243
v 15.250000 6.589951 7.260051
v 15.250000 6.135757 6.956570
v 15.250000 5.064243 6.956570
v 15.250000 4.610050 7.260051
v 15.250000 4.435944 7.472203
v 15.250000 4.306570 7.714243
v 15.250000 4.226900 7.976874
v -15.250000 4.264057 -16.027798
v -15.250000 3.877798 -16.414057
v -15.250000 3.373127 -16.623100
v -15.250000 3.100000 -16.650000
v -15.250000 2.826874 -16.623100
v -15.250000 2.322203 -16.414057
v -15.196715 4.473101 -15.517879
v -15.145479 4.393431 -15.775462
v -15.098259 4.264057 -16.012854
v -15.056870 4.089951 -16.220928
v -15.022903 3.877798 -16.391691
v -14.997664 3.635757 -16.518578
v -14.982121 3.373127 -16.596716
v -14.976873 3.100000 -16.623100
v -14.982121 2.826874 -16.596716
v -14.997664 2.564243 -16.518578
v -15.022903 2.322203 -16.391691
v -15.056870 2.110050 -16.220928
v -15.098259 1.935944 -16.012854
v -15.145479 1.806570 -15.775462
v -15.196715 1.726900 -15.517879
v -15.145479 4.473101 -15.502336
v -15.044974 4.393431 -15.744975
v -14.952350 4.264057 -15.968592
v -14.871162 4.089951 -16.164595
v -14.804535 3.877798 -16.325449
v -14.755025 3.635757 -16.444975
v -14.724538 3.373127 -16.518578
v -14.714243 3.100000 -16.543430
v -14.724538 2.826874 -16.518578
v -14.755025 2.564243 -16.444975
v -14.804535 2.322203 -16.325449
v -14.871162 2.110050 -16.164595
v -14.952350 1.935944 -15.968592
v -15.044974 1.806570 -15.744975
v -15.145479 1.726900 -15.502336
v -15.098259 4.473101 -15.477097
v -14.952350 4.393431 -15.695465
v -14.817879 4.264057 -15.896715
v -14.700013 4.089951 -16.073112
v -14.603285 3.877798 -16.217878
v -14.531408 3.635757 -16.325449
v -14.487146 3.373127 -16.391691
v -14.472201 3.100000 -16.414057
v -14.487146 2.826874 -16.391691
v -14.531408 2.564243 -16.325449
v -14.603285 2.322203 -16.217878
v -14.700013 2.110050 -16.073112
v -14.817879 1.935944 -15.896715
v -14.952350 1.806570 -15.695465
v -15.098259 1.726900 -15.477097
v -15.056870 4.473101 -15.443130
v -14.871162 4.393431 -15.628838
v -14.700013 4.264057 -15.799986
v -14.550000 4.089951 -15.950000
v -14.426888 3.877798 -16.073112
v -14.335406 3.635757 -16.164595
v -14.279072 3.373127 -16.220928
v -14.260051 3.100000 -16.239948
v -14.279072 2.826874 -16.220928
v -14.335406 2.564243 -16.164595
v -14.426888 2.322203 -16.073112
v -14.550000 2.110050 -15.950000
v -14.700013 1.935944 -15.799986
v -14.871162 1.806570 -15.628838
v -15.056870 1.726900 -15.443130
v -15.022903 4.473101 -15.401741
v -14.804535 4.393431 -15.547650
v -14.603285 4.264057 -15.682121
v -14.426888 4.089951 -15.799987
v -14.282122 3.877798 -15.896715
v -14.174551 3.635757 -15.968592
v -14.108310 3.373127 -16.012854
v -14.085942 3.100000 -16.027798
v -14.108310 2.826874 -16.012854
v -14.174551 2.564243 -15.968592
v -14.282122 2.322203 -15.896715
v -14.426888 2.110050 -15.799987
v -14.603285 1.935944 -15.682121
v -14.804535 1.806570 -15.547650
v -15.022903 1.726900 -15.401741
v -15.250000 4.500000 -15.250000
v -14.997664 4.473101 -15.354521
v -14.755025 4.393431 -15.455026
v -14.531408 4.264057 -15.547650
v -14.335406 4.089951 -15.628838
v -14.174551 3.877798 -15.695465
v -14.055025 3.635757 -15.744975
v -13.981421 3.373127 -15.775462
v -13.956569 3.100000 -15.785756
v -13.981421 2.826874 -15.775462
v -14.055025 2.564243 -15.744975
v -14.174551 2.322203 -15.695465
v -14.335406 2.110050 -15.628838
v -14.531408 1.935944 -15.547650
v -14.755025 1.806570 -15.455026
v -14.997664 1.726900 -15.354521
v -14.982121 4.473101 -15.303285
v -14.724538 4.393431 -15.354521
v -14.487147 4.264057 -15.401741
v -14.279072 4.089951 -15.443130
v -14.108310 3.877798 -15.477097
v -13.981421 3.635757 -15.502336
v -13.903284 3.373127 -15.517879
v -13.876901 3.100000 -15.523127
v -13.903284 2.826874 -15.517879
v -13.981421 2.564243 -15.502336
v -14.108310 2.322203 -15.477097
v -14.279072 2.110050 -15.443130
v -14.487147 1.935944 -15.401741
v -14.724538 1.806570 -15.354521
v -14.982121 1.726900 -15.303285
v -14.976873 4.473101 -15.250000
v -14.714243 4.393431 -15.250000
v -14.472202 4.264057 -15.250000
v -14.260051 4.089951 -15.250000
v -14.085943 3.877798 -15.250000
v -13.956569 3.635757 -15.250000
v -13.876901 3.373127 -15.250000
v -13.850000 3.100000 -15.250000
v -13.876901 2.826874 -15.250000
v -13.956569 2.564243 -15.250000
v -14.085943 2.322203 -15.250000
v -14.260051 2.110050 -15.250000
v -14.472202 1.935944 -15.250000
v -14.714243 1.806570 -15.250000
v -14.976873 1.726900 -15.250000
v -14.982121 4.473101 -15.196715
v -14.724538 4.393431 -15.145479
v -14.487147 4.264057 -15.098259
v -14.279072 4.089951 -15.056870
v -14.108310 3.877798 -15.022903
v -13.981421 3.635757 -14.997664
v -13.903285 3.373127 -14.982121
v -13.876902 3.100000 -14.976873
v -13.903285 2.826874 -14.982121
v -13.981421 2.564243 -14.997664
v -14.108310 2.322203 -15.022903
v -14.279072 2.110050 -15.056870
v -14.487147 1.935944 -15.098259
v -14.724538 1.806570 -15.145479
v -14.982121 1.726900 -15.196715
v -14.997664 4.473101 -15.145479
v -14.755025 4.393431 -15.044974
v -14.531408 4.264057 -14.952350
v -14.335406 4.089951 -14.871162
v -14.174551 3.877798 -14.804535
v -14.055025 3.635757 -14.755026
v -13.981422 3.373127 -14.724538
v -13.956570 3.100000 -14.714243
v -13.981422 2.826874 -14.724538
v -14.055025 2.564243 -14.755026
v -14.174551 2.322203 -14.804535
v -14.335406 2.110050 -14.871162
v -14.531408 1.935944 -14.952350
v -14.755025 1.806570 -15.044974
v -14.997664 1.726900 -15.145479
v -15.022903 4.473101 -15.098259
v -14.804535 4.393431 -14.952350
v -14.603285 4.264057 -14.817879
v -14.426888 4.089951 -14.700014
v -14.282122 3.877798 -14.603285
v -14.174551 3.635757 -14.531408
v -14.108310 3.373127 -14.487147
v -14.085943 3.100000 -14.472201
v -14.108310 2.826874 -14.487147
v -14.174551 2.564243 -14.531408
v -14.282122 2.322203 -14.603285
v -14.426888 2.110050 -14.700014
v -14.603285 1.935944 -14.817879
v -14.804535 1.806570 -14.952350
v -15.022903 1.726900 -15.098259
v -15.056870 4.473101 -15.056870
v -14.871162 4.393431 -14.871162
v -14.700014 4.264057 -14.700014
v -14.550000 4.089951 -14.550000
v -14.426888 3.877798 -14.426888
v -14.335406 3.635757 -14.335406
v -14.279073 3.373127 -14.279072
v -14.260052 3.100000 -14.260051
v -14.279073 2.826874 -14.279072
v -14.335406 2.564243 -14.335406
v -14.426888 2.322203 -14.426888
v -14.550000 2.110050 -14.550000
v -14.700014 1.935944 -14.700014
v -14.871162 1.806570 -14.871162
v -15.056870 1.726900 -15.056870
v -15.098259 4.473101 -15.022903
v -14.952350 4.393431 -14.804535
v -14.817879 4.264057 -14.603285
v -14.700014 4.089951 -14.426888
v -14.603285 3.877798 -14.282122
v -14.531408 3.635757 -14.174551
v -14.487147 3.373127 -14.108310
v -14.472202 3.100000 -14.085943
v -14.487147 2.826874 -14.108310
v -14.531408 2.564243 -14.174551
v -14.603285 2.322203 -14.282122
v -14.700014 2.110050 -14.426888
v -14.817879 1.935944 -14.603285
v -14.952350 1.806570 -14.804535
v -15.098259 1.726900 -15.022903
v -15.145479 4.473101 -14.997664
v -15.044975 4.393431 -14.755025
v -14.952350 4.264057 -14.531408
v -14.871162 4.089951 -14.335406
v -14.804535 3.877798 -14.174551
v -14.755025 3.635757 -14.055025
v -14.724538 3.373127 -13.981422
v -14.714244 3.100000 -13.956570
v -14.724538 2.826874 -13.981422
v -14.755025 2.564243 -14.055025
v -14.804535 2.322203 -14.174551
v -14.871162 2.110050 -14.335406
v -14.952350 1.935944 -14.531408
v -15.044975 1.806570 -14.755025
v -15.145479 1.726900 -14.997664
v -15.196715 4.473101 -14.982121
v -15.145479 4.393431 -14.724538
v -15.098259 4.264057 -14.487147
v -15.056870 4.089951 -14.279072
v -15.022903 3.877798 -14.108310
v -14.997664 3.635757 -13.981422
v -14.982121 3.373127 -13.903285
v -14.976874 3.100000 -13.876902
v -14.982121 2.826874 -13.903285
v -14.997664 2.564243 -13.981422
v -15.022903 2.322203 -14.108310
v -15.056870 2.110050 -14.279072
v -15.098259 1.935944 -14.487147
v -15.145479 1.806570 -14.724538
v -15.196715 1.726900 -14.982121
v -15.250000 4.473101 -14.976873
v -15.250000 4.393431 -14.714243
v -15.250000 4.264057 -14.472202
v -15.250000 4.089951 -14.260051
v -15.250000 3.877798 -14.085943
v -15.250000 3.635757 -13.956569
v -15.250000 3.373127 -13.876901
v -15.250000 3.100000 -13.850001
v -15.250000 2.826874 -13.876901
v -15.250000 2.564243 -13.956569
v -15.250000 2.322203 -14.085943
v -15.250000 2.110050 -14.260051
v -15.250000 1.935944 -14.472202
v -15.250000 1.806570 -14.714243
v -15.250000 1.726900 -14.976873
v -15.303285 4.473101 -14.982121
v -15.354521 4.393431 -14.724538
v -15.401741 4.264057 -14.487147
v -15.443130 4.089951 -14.279073
v -15.477097 3.877798 -14.108310
v -15.502336 3.635757 -13.981422
v -15.517879 3.373127 -13.903285
v -15.523127 3.100000 -13.876902
v -15.517879 2.826874 -13.903285
v -15.502336 2.564243 -13.981422
v -15.477097 2.322203 -14.108310
v -15.443130 2.110050 -14.279073
v -15.401741 1.935944 -14.487147
v -15.354521 1.806570 -14.724538
v -15.303285 1.726900 -14.982121
v -15.354521 4.473101 -14.997664
v -15.455026 4.393431 -14.755026
v -15.547650 4.264057 -14.531408
v -15.628838 4.089951 -14.335406
v -15.695465 3.877798 -14.174552
v -15.744974 3.635757 -14.055026
v -15.775462 3.373127 -13.981422
v -15.785757 3.100000 -13.956570
v -15.775462 2.826874 -13.981422
v -15.744974 2.564243 -14.055026
v -15.695465 2.322203 -14.174552
v -15.628838 2.110050 -14.335406
v -15.547650 1.935944 -14.531408
v -15.455026 1.806570 -14.755026
v -15.354521 1.726900 -14.997664
v -15.401741 4.473101 -15.022903
v -15.547650 4.393431 -14.804535
v -15.682121 4.264057 -14.603285
v -15.799986 4.089951 -14.426888
v -15.896715 3.877798 -14.282122
v -15.968592 3.635757 -14.174551
v -16.012854 3.373127 -14.108311
v -16.027798 3.100000 -14.085943
v -16.012854 2.826874 -14.108311
v -15.968592 2.564243 -14.174551
v -15.896715 2.322203 -14.282122
v -15.799986 2.110050 -14.426888
v -15.682121 1.935944 -14.603285
v -15.547650 1.806570 -14.804535
v -15.401741 1.726900 -15.022903
v -15.443130 4.473101 -15.056870
v -15.628838 4.393431 -14.871162
v -15.799986 4.264057 -14.700014
v -15.950000 4.089951 -14.550000
v -16.073112 3.877798 -14.426888
v -16.164593 3.635757 -14.335406
v -16.220928 3.373127 -14.279073
v -16.239948 3.100000 -14.260052
v -16.220928 2.826874 -14.279073
v -16.164593 2.564243 -14.335406
v -16.073112 2.322203 -14.426888
v -15.950000 2.110050 -14.550000
v -15.799986 1.935944 -14.700014
v -15.628838 1.806570 -14.871162
v -15.443130 1.726900 -15.056870
v -15.250000 1.700001 -15.250000
v -15.477097 4.473101 -15.098259
v -15.695465 4.393431 -14.952350
v -15.896715 4.264057 -14.817879
v -16.073112 4.089951 -14.700014
v -16.217878 3.877798 -14.603285
v -16.325449 3.635757 -14.531408
v -16.391689 3.373127 -14.487147
v -16.414057 3.100000 -14.472203
v -16.391689 2.826874 -14.487147
v -16.325449 2.564243 -14.531408
v -16.217878 2.322203 -14.603285
v -16.073112 2.110050 -14.700014
v -15.896715 1.935944 -14.817879
v -15.695465 1.806570 -14.952350
v -15.477097 1.726900 -15.098259
v -15.502336 4.473101 -15.145479
v -15.744974 4.393431 -15.044975
v -15.968592 4.264057 -14.952350
v -16.164595 4.089951 -14.871162
v -16.325449 3.877798 -14.804535
v -16.444975 3.635757 -14.755026
v -16.518578 3.373127 -14.724538
v -16.543430 3.100000 -14.714244
v -16.518578 2.826874 -14.724538
v -16.444975 2.564243 -14.755026
v -16.325449 2.322203 -14.804535
v -16.164595 2.110050 -14.871162
v -15.968592 1.935944 -14.952350
v -15.744974 1.806570 -15.044975
v -15.502336 1.726900 -15.145479
v -15.517879 4.473101 -15.196715
v -15.775462 4.393431 -15.145479
v -16.012852 4.264057 -15.098259
v -16.220928 4.089951 -15.056870
v -16.391689 3.877798 -15.022904
v -16.518578 3.635757 -14.997664
v -16.596716 3.373127 -14.982122
v -16.623098 3.100000 -14.976874
v -16.596716 2.826874 -14.982122
v -16.518578 2.564243 -14.997664
v -16.391689 2.322203 -15.022904
v -16.220928 2.110050 -15.056870
v -16.012852 1.935944 -15.098259
v -15.775462 1.806570 -15.145479
v -15.517879 1.726900 -15.196715
v -15.523127 4.473101 -15.250000
v -15.785756 4.393431 -15.250000
v -16.027798 4.264057 -15.250000
v -16.239948 4.089951 -15.250000
v -16.414057 3.877798 -15.250000
v -16.543430 3.635757 -15.250000
v -16.623098 3.373127 -15.250000
v -16.649998 3.100000 -15.250001
v -16.623098 2.826874 -15.250000
v -16.543430 2.564243 -15.250000
v -16.414057 2.322203 -15.250000
v -16.239948 2.110050 -15.250000
v -16.027798 1.935944 -15.250000
v -15.785756 1.806570 -15.250000
v -15.523127 1.726900 -15.250000
v -15.517879 4.473101 -15.303285
v -15.775462 4.393431 -15.354521
v -16.012852 4.264057 -15.401741
v -16.220928 4.089951 -15.443130
v -16.391689 3.877798 -15.477097
v -16.518578 3.635757 -15.502336
v -16.596714 3.373127 -15.517879
v -16.623098 3.100000 -15.523127
v -16.596714 2.826874 -15.517879
v -16.518578 2.564243 -15.502336
v -16.391689 2.322203 -15.477097
v -16.220928 2.110050 -15.443130
v -16.012852 1.935944 -15.401741
v -15.775462 1.806570 -15.354521
v -15.517879 1.726900 -15.303285
v -15.502336 4.473101 -15.354521
v -15.744974 4.393431 -15.455026
v -15.968592 4.264057 -15.547650
v -16.164595 4.089951 -15.628838
v -16.325447 3.877798 -15.695465
v -16.444975 3.635757 -15.744974
v -16.518578 3.373127 -15.775462
v -16.543430 3.100000 -15.785757
v -16.518578 2.826874 -15.775462
v -16.444975 2.564243 -15.744974
v -16.325447 2.322203 -15.695465
v -16.164595 2.110050 -15.628838
v -15.968592 1.935944 -15.547650
v -15.744974 1.806570 -15.455026
v -15.502336 1.726900 -15.354521
v -15.477097 4.473101 -15.401741
v -15.695465 4.393431 -15.547650
v -15.896715 4.264057 -15.682121
v -16.073112 4.089951 -15.799986
v -16.217878 3.877798 -15.896715
v -16.325449 3.635757 -15.968592
v -16.391689 3.373127 -16.012854
v -16.414055 3.100000 -16.027798
v -16.391689 2.826874 -16.012854
v -16.325449 2.564243 -15.968592
v -16.217878 2.322203 -15.896715
v -16.073112 2.110050 -15.799986
v -15.896715 1.935944 -15.682121
v -15.695465 1.806570 -15.547650
v -15.477097 1.726900 -15.401741
v -15.443130 4.473101 -15.443130
v -15.628837 4.393431 -15.628838
v -15.799986 4.264057 -15.799986
v -15.950000 4.089951 -15.950000
v -16.073112 3.877798 -16.073112
v -16.164593 3.635757 -16.164593
v -16.220926 3.373127 -16.220928
v -16.239948 3.100000 -16.239948
v -16.220926 2.826874 -16.220928
v -16.164593 2.564243 -16.164593
v -16.073112 2.322203 -16.073112
v -15.950000 2.110050 -15.950000
v -15.799986 1.935944 -15.799986
v -15.628837 1.806570 -15.628838
v -15.443130 1.726900 -15.443130
v -15.401741 4.473101 -15.477097
v -15.547650 4.393431 -15.695465
v -15.682121 4.264057 -15.896715
v -15.799986 4.089951 -16.073112
v -15.896715 3.877798 -16.217878
v -15.968592 3.635757 -16.325449
v -16.012852 3.373127 -16.391689
v -16.027798 3.100000 -16.414057
v -16.012852 2.826874 -16.391689
v -15.968592 2.564243 -16.325449
v -15.896715 2.322203 -16.217878
v -15.799986 2.110050 -16.073112
v -15.682121 1.935944 -15.896715
v -15.547650 1.806570 -15.695465
v -15.401741 1.726900 -15.477097
v -15.354521 4.473101 -15.502336
v -15.455025 4.393431 -15.744974
v -15.547650 4.264057 -15.968592
v -15.628837 4.089951 -16.164595
v -15.695465 3.877798 -16.325449
v -15.744974 3.635757 -16.444975
v -15.775461 3.373127 -16.518578
v -15.785755 3.100000 -16.543430
v -15.775461 2.826874 -16.518578
v -15.744974 2.564243 -16.444975
v -15.695465 2.322203 -16.325449
v -15.628837 2.110050 -16.164595
v -15.547650 1.935944 -15.968592
v -15.455025 1.806570 -15.744974
v -15.354521 1.726900 -15.502336
v -15.303285 4.473101 -15.517879
v -15.354521 4.393431 -15.775462
v -15.401740 4.264057 -16.012852
v -15.443130 4.089951 -16.220928
v -15.477096 3.877798 -16.391689
v -15.502336 3.635757 -16.518578
v -15.517878 3.373127 -16.596714
v -15.523126 3.100000 -16.623098
v -15.517878 2.826874 -16.596714
v -15.502336 2.564243 -16.518578
v -15.477096 2.322203 -16.391689
v -15.443130 2.110050 -16.220928
v -15.401740 1.935944 -16.012852
v -15.354521 1.806570 -15.775462
v -15.303285 1.726900 -15.517879
v -15.250000 4.473101 -15.523127
v -15.250000 4.393431 -15.785756
v -15.250000 4.089951 -16.239948
v -15.250000 3.635757 -16.543430
v -15.250000 2.564243 -16.543430
v -15.250000 2.110050 -16.239948
v -15.250000 1.935944 -16.027798
v -15.250000 1.806570 -15.785756
v -15.250000 1.726900 -15.523127
v -11.500001 11.264058 -2.527798
v -11.500001 10.877799 -2.914057
v -11.500001 10.373127 -3.123099
v -11.500001 10.100000 -3.150000
v -11.500001 9.826874 -3.123099
v -11.500001 9.322203 -2.914057
v -11.446716 11.473100 -2.017878
v -11.395480 11.393432 -2.275462
v -11.348260 11.264058 -2.512853
v -11.306871 11.089950 -2.720928
v -11.272904 10.877799 -2.891690
v -11.247665 10.635757 -3.018578
v -11.232122 10.373127 -3.096715
v -11.226874 10.100000 -3.123099
v -11.232122 9.826874 -3.096715
v -11.247665 9.564243 -3.018578
v -11.272904 9.322203 -2.891690
v -11.306871 9.110050 -2.720928
v -11.348260 8.935944 -2.512853
v -11.395480 8.806570 -2.275462
v -11.446716 8.726900 -2.017878
v -11.395480 11.473100 -2.002336
v -11.294975 11.393432 -2.244975
v -11.202351 11.264058 -2.468592
v -11.121163 11.089950 -2.664594
v -11.054536 10.877799 -2.825449
v -11.005026 10.635757 -2.944975
v -10.974539 10.373127 -3.018578
v -10.964244 10.100000 -3.043431
v -10.974539 9.826874 -3.018578
v -11.005026 9.564243 -2.944975
v -11.054536 9.322203 -2.825449
v -11.121163 9.110050 -2.664594
v -11.202351 8.935944 -2.468592
v -11.294975 8.806570 -2.244975
v -11.395480 8.726900 -2.002336
v -11.348260 11.473100 -1.977096
v -11.202351 11.393432 -2.195466
v -11.067880 11.264058 -2.396716
v -10.950014 11.089950 -2.573113
v -10.853286 10.877799 -2.717878
v -10.781409 10.635757 -2.825449
v -10.737148 10.373127 -2.891690
v -10.722202 10.100000 -2.914057
v -10.737148 9.826874 -2.891690
v -10.781409 9.564243 -2.825449
v -10.853286 9.322203 -2.717878
v -10.950014 9.110050 -2.573113
v -11.067880 8.935944 -2.396716
v -11.202351 8.806570 -2.195466
v -11.348260 8.726900 -1.977096
v -11.306871 11.473100 -1.943130
v -11.121163 11.393432 -2.128837
v -10.950014 11.264058 -2.299986
v -10.800001 11.089950 -2.450000
v -10.676888 10.877799 -2.573113
v -10.585407 10.635757 -2.664594
v -10.529073 10.373127 -2.720928
v -10.510052 10.100000 -2.739949
v -10.529073 9.826874 -2.720928
v -10.585407 9.564243 -2.664594
v -10.676888 9.322203 -2.573113
v -10.800001 9.110050 -2.450000
v -10.950014 8.935944 -2.299986
v -11.121163 8.806570 -2.128837
v -11.306871 8.726900 -1.943130
v -11.272904 11.473100 -1.901741
v -11.054536 11.393432 -2.047651
v -10.853286 11.264058 -2.182122
v -10.676888 11.089950 -2.299986
v -10.532123 10.877799 -2.396715
v -10.424552 10.635757 -2.468592
v -10.358311 10.373127 -2.512853
v -10.335943 10.100000 -2.527798
v -10.358311 9.826874 -2.512853
v -10.424552 9.564243 -2.468592
v -10.532123 9.322203 -2.396715
v -10.676888 9.110050 -2.299986
v -10.853286 8.935944 -2.182122
v -11.054536 8.806570 -2.047651
v -11.272904 8.726900 -1.901741
v -11.500001 11.500000 -1.750000
v -11.247665 11.473100 -1.854521
v -11.005026 11.393432 -1.955025
v -10.781409 11.264058 -2.047650
v -10.585407 11.089950 -2.128837
v -10.424552 10.877799 -2.195465
v -10.305026 10.635757 -2.244975
v -10.231422 10.373127 -2.275462
v -10.206570 10.100000 -2.285757
v -10.231422 9.826874 -2.275462
v -10.305026 9.564243 -2.244975
v -10.424552 9.322203 -2.195465
v -10.585407 9.110050 -2.128837
v -10.781409 8.935944 -2.047650
v -11.005026 8.806570 -1.955025
v -11.247665 8.726900 -1.854521
v -11.232122 11.473100 -1.803284
v -10.974539 11.393432 -1.854521
v -10.737148 11.264058 -1.901741
v -10.529073 11.089950 -1.943130
v -10.358311 10.877799 -1.977096
v -10.231422 10.635757 -2.002336
v -10.153286 10.373127 -2.017878
v -10.126902 10.100000 -2.023126
v -10.153286 9.826874 -2.017878
v -10.231422 9.564243 -2.002336
v -10.358311 9.322203 -1.977096
v -10.529073 9.110050 -1.943130
v -10.737148 8.935944 -1.901741
v -10.974539 8.806570 -1.854521
v -11.232122 8.726900 -1.803284
v -11.226874 11.473100 -1.750000
v -10.964244 11.393432 -1.750000
v -10.722202 11.264058 -1.750000
v -10.510052 11.089950 -1.750000
v -10.335944 10.877799 -1.750000
v -10.206570 10.635757 -1.750000
v -10.126902 10.373127 -1.750000
v -10.100001 10.100000 -1.750000
v -10.126902 9.826874 -1.750000
v -10.206570 9.564243 -1.750000
v -10.335944 9.322203 -1.750000
v -10.510052 9.110050 -1.750000
v -10.722202 8.935944 -1.750000
v -10.964244 8.806570 -1.750000
v -11.226874 8.726900 -1.750000
v -11.232122 11.473100 -1.696716
v -10.974539 11.393432 -1.645479
v -10.737148 11.264058 -1.598259
v -10.529073 11.089950 -1.556870
v -10.358311 10.877799 -1.522904
v -10.231422 10.635757 -1.497664
v -10.153286 10.373127 -1.482121
v -10.126902 10.100000 -1.476873
v -10.153286 9.826874 -1.482121
v -10.231422 9.564243 -1.497664
v -10.358311 9.322203 -1.522904
v -10.529073 9.110050 -1.556870
v -10.737148 8.935944 -1.598259
v -10.974539 8.806570 -1.645479
v -11.232122 8.726900 -1.696716
v -11.247665 11.473100 -1.645479
v -11.005026 11.393432 -1.544975
v -10.781409 11.264058 -1.452349
v -10.585407 11.089950 -1.371163
v -10.424553 10.877799 -1.304534
v -10.305026 10.635757 -1.255025
v -10.231422 10.373127 -1.224538
v -10.206571 10.100000 -1.214243
v -10.231422 9.826874 -1.224538
v -10.305026 9.564243 -1.255025
v -10.424553 9.322203 -1.304534
v -10.585407 9.110050 -1.371163
v -10.781409 8.935944 -1.452349
v -11.005026 8.806570 -1.544975
v -11.247665 8.726900 -1.645479
v -11.272904 11.473100 -1.598259
v -11.054536 11.393432 -1.452349
v -10.853286 11.264058 -1.317878
v -10.676888 11.089950 -1.200014
v -10.532123 10.877799 -1.103284
v -10.424552 10.635757 -1.031408
v -10.358311 10.373127 -0.987147
v -10.335944 10.100000 -0.972202
v -10.358311 9.826874 -0.987147
v -10.424552 9.564243 -1.031408
v -10.532123 9.322203 -1.103284
v -10.676888 9.110050 -1.200014
v -10.853286 8.935944 -1.317878
v -11.054536 8.806570 -1.452349
v -11.272904 8.726900 -1.598259
v -11.306871 11.473100 -1.556870
v -11.121163 11.393432 -1.371163
v -10.950015 11.264058 -1.200014
v -10.800001 11.089950 -1.050000
v -10.676888 10.877799 -0.926887
v -10.585407 10.635757 -0.835406
v -10.529074 10.373127 -0.779072
v -10.510053 10.100000 -0.760051
v -10.529074 9.826874 -0.779072
v -10.585407 9.564243 -0.835406
v -10.676888 9.322203 -0.926887
v -10.800001 9.110050 -1.050000
v -10.950015 8.935944 -1.200014
v -11.121163 8.806570 -1.371163
v -11.306871 8.726900 -1.556870
v -11.348260 11.473100 -1.522904
v -11.202351 11.393432 -1.304535
v -11.067880 11.264058 -1.103284
v -10.950014 11.089950 -0.926887
v -10.853286 10.877799 -0.782122
v -10.781409 10.635757 -0.674551
v -10.737148 10.373127 -0.608310
v -10.722203 10.100000 -0.585943
v -10.737148 9.826874 -0.608310
v -10.781409 9.564243 -0.674551
v -10.853286 9.322203 -0.782122
v -10.950014 9.110050 -0.926887
v -11.067880 8.935944 -1.103284
v -11.202351 8.806570 -1.304535
v -11.348260 8.726900 -1.522904
v -11.395480 11.473100 -1.497664
v -11.294976 11.393432 -1.255025
v -11.202351 11.264058 -1.031408
v -11.121163 11.089950 -0.835406
v -11.054536 10.877799 -0.674551
v -11.005026 10.635757 -0.555026
v -10.974539 10.373127 -0.481422
v -10.964245 10.100000 -0.456569
v -10.974539 9.826874 -0.481422
v -11.005026 9.564243 -0.555026
v -11.054536 9.322203 -0.674551
v -11.121163 9.110050 -0.835406
v -11.202351 8.935944 -1.031408
v -11.294976 8.806570 -1.255025
v -11.395480 8.726900 -1.497664
v -11.446716 11.473100 -1.482122
v -11.395480 11.393432 -1.224538
v -11.348260 11.264058 -0.987147
v -11.306871 11.089950 -0.779072
v -11.272904 10.877799 -0.608310
v -11.247665 10.635757 -0.481422
v -11.232122 10.373127 -0.403285
v -11.226875 10.100000 -0.376901
v -11.232122 9.826874 -0.403285
v -11.247665 9.564243 -0.481422
v -11.272904 9.322203 -0.608310
v -11.306871 9.110050 -0.779072
v -11.348260 8.935944 -0.987147
v -11.395480 8.806570 -1.224538
v -11.446716 8.726900 -1.482122
v -11.500001 11.473100 -1.476874
v -11.500001 11.393432 -1.214243
v -11.500001 11.264058 -0.972202
v -11.500001 11.089950 -0.760051
v -11.500001 10.877799 -0.585943
v -11.500001 10.635757 -0.456569
v -11.500001 10.373127 -0.376901
v -11.500001 10.100000 -0.350001
v -11.500001 9.826874 -0.376901
v -11.500001 9.564243 -0.456569
v -11.500001 9.322203 -0.585943
v -11.500001 9.110050 -0.760051
v -11.500001 8.935944 -0.972202
v -11.500001 8.806570 -1.214243
v -11.500001 8.726900 -1.476874
v -11.553286 11.473100 -1.482122
v -11.604522 11.393432 -1.224538
v -11.651742 11.264058 -0.987147
v -11.693130 11.089950 -0.779072
v -11.727098 10.877799 -0.608310
v -11.752337 10.635757 -0.481422
v -11.767879 10.373127 -0.403285
v -11.773128 10.100000 -0.376902
v -11.767879 9.826874 -0.403285
v -11.752337 9.564243 -0.481422
v -11.727098 9.322203 -0.608310
v -11.693130 9.110050 -0.779072
v -11.651742 8.935944 -0.987147
v -11.604522 8.806570 -1.224538
v -11.553286 8.726900 -1.482122
v -11.604522 11.473100 -1.497664
v -11.705027 11.393432 -1.255025
v -11.797651 11.264058 -1.031409
v -11.878839 11.089950 -0.835406
v -11.945466 10.877799 -0.674552
v -11.994975 10.635757 -0.555026
v -12.025463 10.373127 -0.481422
v -12.035758 10.100000 -0.456570
v -12.025463 9.826874 -0.481422
v -11.994975 9.564243 -0.555026
v -11.945466 9.322203 -0.674552
v -11.878839 9.110050 -0.835406
v -11.797651 8.935944 -1.031409
v -11.705027 8.806570 -1.255025
v -11.604522 8.726900 -1.497664
v -11.651742 11.473100 -1.522904
v -11.797651 11.393432 -1.304535
v -11.932122 11.264058 -1.103285
v -12.049988 11.089950 -0.926887
v -12.146716 10.877799 -0.782122
v -12.218593 10.635757 -0.674551
v -12.262854 10.373127 -0.608310
v -12.277800 10.100000 -0.585944
v -12.262854 9.826874 -0.608310
v -12.218593 9.564243 -0.674551
v -12.146716 9.322203 -0.782122
v -12.049988 9.110050 -0.926887
v -11.932122 8.935944 -1.103285
v -11.797651 8.806570 -1.304535
v -11.651742 8.726900 -1.522904
v -11.693130 11.473100 -1.556871
v -11.878839 11.393432 -1.371163
v -12.049987 11.264058 -1.200014
v -12.200001 11.089950 -1.050000
v -12.323113 10.877799 -0.926888
v -12.414595 10.635757 -0.835406
v -12.470928 10.373127 -0.779073
v -12.489950 10.100000 -0.760052
v -12.470928 9.826874 -0.779073
v -12.414595 9.564243 -0.835406
v -12.323113 9.322203 -0.926888
v -12.200001 9.110050 -1.050000
v -12.049987 8.935944 -1.200014
v -11.878839 8.806570 -1.371163
v -11.693130 8.726900 -1.556871
v -11.500001 8.700001 -1.750000
v -11.727098 11.473100 -1.598259
v -11.945466 11.393432 -1.452350
v -12.146716 11.264058 -1.317879
v -12.323113 11.089950 -1.200014
v -12.467879 10.877799 -1.103285
v -12.575449 10.635757 -1.031408
v -12.641691 10.373127 -0.987147
v -12.664058 10.100000 -0.972203
v -12.641691 9.826874 -0.987147
v -12.575449 9.564243 -1.031408
v -12.467879 9.322203 -1.103285
v -12.323113 9.110050 -1.200014
v -12.146716 8.935944 -1.317879
v -11.945466 8.806570 -1.452350
v -11.727098 8.726900 -1.598259
v -11.752337 11.473100 -1.645479
v -11.994975 11.393432 -1.544975
v -12.218593 11.264058 -1.452350
v -12.414595 11.089950 -1.371163
v -12.575449 10.877799 -1.304535
v -12.694975 10.635757 -1.255025
v -12.768579 10.373127 -1.224538
v -12.793431 10.100000 -1.214244
v -12.768579 9.826874 -1.224538
v -12.694975 9.564243 -1.255025
v -12.575449 9.322203 -1.304535
v -12.414595 9.110050 -1.371163
v -12.218593 8.935944 -1.452350
v -11.994975 8.806570 -1.544975
v -11.752337 8.726900 -1.645479
v -11.767879 11.473100 -1.696716
v -12.025463 11.393432 -1.645479
v -12.262854 11.264058 -1.598259
v -12.470928 11.089950 -1.556870
v -12.641691 10.877799 -1.522904
v -12.768579 10.635757 -1.497664
v -12.846716 10.373127 -1.482122
v -12.873099 10.100000 -1.476874
v -12.846716 9.826874 -1.482122
v -12.768579 9.564243 -1.497664
v -12.641691 9.322203 -1.522904
v -12.470928 9.110050 -1.556870
v -12.262854 8.935944 -1.598259
v -12.025463 8.806570 -1.645479
v -11.767879 8.726900 -1.696716
v -11.773128 11.473100 -1.750000
v -12.035757 11.393432 -1.750000
v -12.277799 11.264058 -1.750000
v -12.489950 11.089950 -1.750000
v -12.664058 10.877799 -1.750000
v -12.793432 10.635757 -1.750000
v -12.873099 10.373127 -1.750000
v -12.900000 10.100000 -1.750001
v -12.873099 9.826874 -1.750000
v -12.793432 9.564243 -1.750000
v -12.664058 9.322203 -1.750000
v -12.489950 9.110050 -1.750000
v -12.277799 8.935944 -1.750000
v -12.035757 8.806570 -1.750000
v -11.773128 8.726900 -1.750000
v -11.767879 11.473100 -1.803284
v -12.025463 11.393432 -1.854521
v -12.262854 11.264058 -1.901741
v -12.470928 11.089950 -1.943130
v -12.641690 10.877799 -1.977096
v -12.768579 10.635757 -2.002336
v -12.846716 10.373127 -2.017879
v -12.873098 10.100000 -2.023127
v -12.846716 9.826874 -2.017879
v -12.768579 9.564243 -2.002336
v -12.641690 9.322203 -1.977096
v -12.470928 9.110050 -1.943130
v -12.262854 8.935944 -1.901741
v -12.025463 8.806570 -1.854521
v -11.767879 8.726900 -1.803284
v -11.752337 11.473100 -1.854521
v -11.994975 11.393432 -1.955025
v -12.218592 11.264058 -2.047651
v -12.414595 11.089950 -2.128837
v -12.575449 10.877799 -2.195466
v -12.694975 10.635757 -2.244975
v -12.768579 10.373127 -2.275462
v -12.793430 10.100000 -2.285757
v -12.768579 9.826874 -2.275462
v -12.694975 9.564243 -2.244975
v -12.575449 9.322203 -2.195466
v -12.414595 9.110050 -2.128837
v -12.218592 8.935944 -2.047651
v -11.994975 8.806570 -1.955025
v -11.752337 8.726900 -1.854521
v -11.727098 11.473100 -1.901741
v -11.945466 11.393432 -2.047650
v -12.146716 11.264058 -2.182121
v -12.323113 11.089950 -2.299986
v -12.467878 10.877799 -2.396715
v -12.575449 10.635757 -2.468592
v -12.641690 10.373127 -2.512853
v -12.664057 10.100000 -2.527798
v -12.641690 9.826874 -2.512853
v -12.575449 9.564243 -2.468592
v -12.467878 9.322203 -2.396715
v -12.323113 9.110050 -2.299986
v -12.146716 8.935944 -2.182121
v -11.945466 8.806570 -2.047650
v -11.727098 8.726900 -1.901741
v -11.693130 11.473100 -1.943129
v -11.878838 11.393432 -2.128837
v -12.049987 11.264058 -2.299986
v -12.200001 11.089950 -2.450000
v -12.323113 10.877799 -2.573112
v -12.414595 10.635757 -2.664594
v -12.470928 10.373127 -2.720928
v -12.489949 10.100000 -2.739949
v -12.470928 9.826874 -2.720928
v -12.414595 9.564243 -2.664594
v -12.323113 9.322203 -2.573112
v -12.200001 9.110050 -2.450000
v -12.049987 8.935944 -2.299986
v -11.878838 8.806570 -2.128837
v -11.693130 8.726900 -1.943129
v -11.651742 11.473100 -1.977096
v -11.797651 11.393432 -2.195465
v -11.932122 11.264058 -2.396715
v -12.049987 11.089950 -2.573113
v -12.146716 10.877799 -2.717878
v -12.218593 10.635757 -2.825448
v -12.262854 10.373127 -2.891690
v -12.277798 10.100000 -2.914057
v -12.262854 9.826874 -2.891690
v -12.218593 9.564243 -2.825448
v -12.146716 9.322203 -2.717878
v -12.049987 9.110050 -2.573113
v -11.932122 8.935944 -2.396715
v -11.797651 8.806570 -2.195465
v -11.651742 8.726900 -1.977096
v -11.604522 11.473100 -2.002336
v -11.705026 11.393432 -2.244975
v -11.797651 11.264058 -2.468591
v -11.878838 11.089950 -2.664594
v -11.945466 10.877799 -2.825448
v -11.994975 10.635757 -2.944974
v -12.025463 10.373127 -3.018578
v -12.035756 10.100000 -3.043430
v -12.025463 9.826874 -3.018578
v -11.994975 9.564243 -2.944974
v -11.945466 9.322203 -2.825448
v -11.878838 9.110050 -2.664594
v -11.797651 8.935944 -2.468591
v -11.705026 8.806570 -2.244975
v -11.604522 8.726900 -2.002336
v -11.553286 11.473100 -2.017878
v -11.604522 11.393432 -2.275462
v -11.651741 11.264058 -2.512852
v -11.693130 11.089950 -2.720928
v -11.727097 10.877799 -2.891690
v -11.752337 10.635757 -3.018578
v -11.767879 10.373127 -3.096715
v -11.773127 10.100000 -3.123098
v -11.767879 9.826874 -3.096715
v -11.752337 9.564243 -3.018578
v -11.727097 9.322203 -2.891690
v -11.693130 9.110050 -2.720928
v -11.651741 8.935944 -2.512852
v -11.604522 8.806570 -2.275462
v -11.553286 8.726900 -2.017878
v -11.500001 11.473100 -2.023126
v -11.500001 11.393432 -2.285757
v -11.500001 11.089950 -2.739949
v -11.500001 10.635757 -3.043431
v -11.500001 9.564243 -3.043431
v -11.500001 9.110050 -2.739949
v -11.500001 8.935944 -2.527797
v -11.500001 8.806570 -2.285757
v -11.500001 8.726900 -2.023126
v -0.750000 13.528070 6.460571
v -0.750000 12.639429 5.571930
v -0.750000 11.478364 5.091002
v -0.750000 10.850000 5.029113
v -0.750000 10.221637 5.091002
v -0.750000 9.060572 5.571930
v -0.627412 14.008999 7.633710
v -0.509535 13.825712 7.041103
v -0.400900 13.528070 6.494954
v -0.305680 13.127512 6.016251
v -0.227535 12.639429 5.623389
v -0.169467 12.082581 5.331466
v -0.133710 11.478364 5.151701
v -0.121636 10.850000 5.091002
v -0.133710 10.221637 5.151701
v -0.169467 9.617420 5.331466
v -0.227535 9.060572 5.623389
v -0.305680 8.572489 6.016251
v -0.400900 8.171930 6.494954
v -0.509535 7.874289 7.041103
v -0.627412 7.691002 7.633710
v -0.509536 14.008999 7.669467
v -0.278312 13.825712 7.111244
v -0.065215 13.528070 6.596783
v 0.121566 13.127512 6.145854
v 0.274853 12.639429 5.775786
v 0.388755 12.082581 5.500801
v 0.458896 11.478364 5.331466
v 0.482580 10.850000 5.274289
v 0.458896 10.221637 5.331466
v 0.388755 9.617420 5.500801
v 0.274853 9.060572 5.775786
v 0.121566 8.572489 6.145854
v -0.065215 8.171930 6.596783
v -0.278312 7.874289 7.111244
v -0.509536 7.691002 7.669467
v -0.400900 14.008999 7.727534
v -0.065215 13.825712 7.225147
v 0.244153 13.528070 6.762144
v 0.515317 13.127512 6.356318
v 0.737856 12.639429 6.023267
v 0.903217 12.082581 5.775786
v 1.005046 11.478364 5.623389
v 1.039429 10.850000 5.571931
v 1.005046 10.221637 5.623389
v 0.903217 9.617420 5.775786
v 0.737856 9.060572 6.023267
v 0.515317 8.572489 6.356318
v 0.244153 8.171930 6.762144
v -0.065215 7.874289 7.225147
v -0.400900 7.691002 7.727534
v -0.305680 14.008999 7.805680
v 0.121566 13.825712 7.378434
v 0.515317 13.528070 6.984683
v 0.860444 13.127512 6.639556
v 1.143681 12.639429 6.356319
v 1.354146 12.082581 6.145854
v 1.483749 11.478364 6.016251
v 1.527511 10.850000 5.972489
v 1.483749 10.221637 6.016251
v 1.354146 9.617420 6.145854
v 1.143681 9.060572 6.356319
v 0.860444 8.572489 6.639556
v 0.515317 8.171930 6.984683
v 0.121566 7.874289 7.378434
v -0.305680 7.691002 7.805680
v -0.227535 14.008999 7.900900
v 0.274853 13.825712 7.565215
v 0.737856 13.528070 7.255847
v 1.143681 13.127512 6.984683
v 1.476733 12.639429 6.762145
v 1.724213 12.082581 6.596783
v 1.876611 11.478364 6.494955
v 1.928070 10.850000 6.460572
v 1.876611 10.221637 6.494955
v 1.724213 9.617420 6.596783
v 1.476733 9.060572 6.762145
v 1.143681 8.572489 6.984683
v 0.737856 8.171930 7.255847
v 0.274853 7.874289 7.565215
v -0.227535 7.691002 7.900900
v -0.750000 14.070888 8.250000
v -0.169468 14.008999 8.009536
v 0.388755 13.825712 7.778312
v 0.903217 13.528070 7.565215
v 1.354146 13.127512 7.378434
v 1.724213 12.639429 7.225147
v 1.999199 12.082581 7.111244
v 2.168534 11.478364 7.041104
v 2.225711 10.850000 7.017421
v 2.168534 10.221637 7.041104
v 1.999199 9.617420 7.111244
v 1.724213 9.060572 7.225147
v 1.354146 8.572489 7.378434
v 0.903217 8.171930 7.565215
v 0.388755 7.874289 7.778312
v -0.169468 7.691002 8.009536
v -0.133710 14.008999 8.127413
v 0.458896 13.825712 8.009536
v 1.005046 13.528070 7.900900
v 1.483749 13.127512 7.805679
v 1.876611 12.639429 7.727535
v 2.168534 12.082581 7.669467
v 2.348299 11.478364 7.633710
v 2.408998 10.850000 7.621637
v 2.348299 10.221637 7.633710
v 2.168534 9.617420 7.669467
v 1.876611 9.060572 7.727535
v 1.483749 8.572489 7.805679
v 1.005046 8.171930 7.900900
v 0.458896 7.874289 8.009536
v -0.133710 7.691002 8.127413
v -0.121636 14.008999 8.250000
v 0.482580 13.825712 8.250000
v 1.039429 13.528070 8.250000
v 1.527511 13.127512 8.250000
v 1.928069 12.639429 8.250000
v 2.225711 12.082581 8.250000
v 2.408998 11.478364 8.250000
v 2.470886 10.850000 8.250001
v 2.408998 10.221637 8.250000
v 2.225711 9.617420 8.250000
v 1.928069 9.060572 8.250000
v 1.527511 8.572489 8.250000
v 1.039429 8.171930 8.250000
v 0.482580 7.874289 8.250000
v -0.121636 7.691002 8.250000
v -0.133710 14.008999 8.372588
v 0.458896 13.825712 8.490464
v 1.005045 13.528070 8.599100
v 1.483749 13.127512 8.694321
v 1.876611 12.639429 8.772466
v 2.168534 12.082581 8.830532
v 2.348299 11.478364 8.866290
v 2.408998 10.850000 8.878365
v 2.348299 10.221637 8.866290
v 2.168534 9.617420 8.830532
v 1.876611 9.060572 8.772466
v 1.483749 8.572489 8.694321
v 1.005045 8.171930 8.599100
v 0.458896 7.874289 8.490464
v -0.133710 7.691002 8.372588
v -0.169468 14.008999 8.490464
v 0.388755 13.825712 8.721688
v 0.903216 13.528070 8.934785
v 1.354146 13.127512 9.121566
v 1.724213 12.639429 9.274853
v 1.999199 12.082581 9.388756
v 2.168534 11.478364 9.458897
v 2.225710 10.850000 9.482580
v 2.168534 10.221637 9.458897
v 1.999199 9.617420 9.388756
v 1.724213 9.060572 9.274853
v 1.354146 8.572489 9.121566
v 0.903216 8.171930 8.934785
v 0.388755 7.874289 8.721688
v -0.169468 7.691002 8.490464
v -0.227535 14.008999 8.599100
v 0.274853 13.825712 8.934785
v 0.737855 13.528070 9.244153
v 1.143681 13.127512 9.515317
v 1.476733 12.639429 9.737856
v 1.724213 12.082581 9.903216
v 1.876611 11.478364 10.005046
v 1.928068 10.850000 10.039429
v 1.876611 10.221637 10.005046
v 1.724213 9.617420 9.903216
v 1.476733 9.060572 9.737856
v 1.143681 8.572489 9.515317
v 0.737855 8.171930 9.244153
v 0.274853 7.874289 8.934785
v -0.227535 7.691002 8.599100
v -0.305680 14.008999 8.694321
v 0.121566 13.825712 9.121566
v 0.515317 13.528070 9.515317
v 0.860443 13.127512 9.860443
v 1.143680 12.639429 10.143681
v 1.354146 12.082581 10.354145
v 1.483749 11.478364 10.483749
v 1.527509 10.850000 10.527511
v 1.483749 10.221637 10.483749
v 1.354146 9.617420 10.354145
v 1.143680 9.060572 10.143681
v 0.860443 8.572489 9.860443
v 0.515317 8.171930 9.515317
v 0.121566 7.874289 9.121566
v -0.305680 7.691002 8.694321
v -0.400900 14.008999 8.772465
v -0.065215 13.825712 9.274853
v 0.244153 13.528070 9.737856
v 0.515317 13.127512 10.143681
v 0.737855 12.639429 10.476733
v 0.903217 12.082581 10.724214
v 1.005045 11.478364 10.876611
v 1.039427 10.850000 10.928069
v 1.005045 10.221637 10.876611
v 0.903217 9.617420 10.724214
v 0.737855 9.060572 10.476733
v 0.515317 8.572489 10.143681
v 0.244153 8.171930 9.737856
v -0.065215 7.874289 9.274853
v -0.400900 7.691002 8.772465
v -0.509536 14.008999 8.830532
v -0.278312 13.825712 9.388756
v -0.065216 13.528070 9.903216
v 0.121566 13.127512 10.354146
v 0.274852 12.639429 10.724213
v 0.388755 12.082581 10.999199
v 0.458896 11.478364 11.168533
v 0.482579 10.850000 11.225710
v 0.458896 10.221637 11.168533
v 0.388755 9.617420 10.999199
v 0.274852 9.060572 10.724213
v 0.121566 8.572489 10.354146
v -0.065216 8.171930 9.903216
v -0.278312 7.874289 9.388756
v -0.509536 7.691002 8.830532
v -0.627412 14.008999 8.866290
v -0.509536 13.825712 9.458897
v -0.400900 13.528070 10.005045
v -0.305680 13.127512 10.483749
v -0.227535 12.639429 10.876611
v -0.169467 12.082581 11.168533
v -0.133711 11.478364 11.348299
v -0.121637 10.850000 11.408997
v -0.133711 10.221637 11.348299
v -0.169467 9.617420 11.168533
v -0.227535 9.060572 10.876611
v -0.305680 8.572489 10.483749
v -0.400900 8.171930 10.005045
v -0.509536 7.874289 9.458897
v -0.627412 7.691002 8.866290
v -0.750000 14.008999 8.878364
v -0.750000 13.825712 9.482580
v -0.750000 13.528070 10.039428
v -0.750000 13.127512 10.527511
v -0.750000 12.639429 10.928069
v -0.750000 12.082581 11.225711
v -0.750000 11.478364 11.408998
v -0.750001 10.850000 11.470885
v -0.750000 10.221637 11.408998
v -0.750000 9.617420 11.225711
v -0.750000 9.060572 10.928069
v -0.750000 8.572489 10.527511
v -0.750000 8.171930 10.039428
v -0.750000 7.874289 9.482580
v -0.750000 7.691002 8.878364
v -0.872588 14.008999 8.866289
v -0.990465 13.825712 9.458897
v -1.099100 13.528070 10.005045
v -1.194320 13.127512 10.483749
v -1.272466 12.639429 10.876610
v -1.330532 12.082581 11.168533
v -1.366290 11.478364 11.348298
v -1.378365 10.850000 11.408997
v -1.366290 10.221637 11.348298
v -1.330532 9.617420 11.168533
v -1.272466 9.060572 10.876610
v -1.194320 8.572489 10.483749
v -1.099100 8.171930 10.005045
v -0.990465 7.874289 9.458897
v -0.872588 7.691002 8.866289
v -0.990464 14.008999 8.830532
v -1.221688 13.825712 9.388756
v -1.434785 13.528070 9.903215
v -1.621566 13.127512 10.354145
v -1.774853 12.639429 10.724213
v -1.888755 12.082581 10.999198
v -1.958896 11.478364 11.168533
v -1.982580 10.850000 11.225709
v -1.958896 10.221637 11.168533
v -1.888755 9.617420 10.999198
v -1.774853 9.060572 10.724213
v -1.621566 8.572489 10.354145
v -1.434785 8.171930 9.903215
v -1.221688 7.874289 9.388756
v -0.990464 7.691002 8.830532
v -1.099100 14.008999 8.772465
v -1.434785 13.825712 9.274853
v -1.744153 13.528070 9.737855
v -2.015317 13.127512 10.143681
v -2.237855 12.639429 10.476732
v -2.403216 12.082581 10.724213
v -2.505045 11.478364 10.876610
v -2.539429 10.850000 10.928067
v -2.505045 10.221637 10.876610
v -2.403216 9.617420 10.724213
v -2.237855 9.060572 10.476732
v -2.015317 8.572489 10.143681
v -1.744153 8.171930 9.737855
v -1.434785 7.874289 9.274853
v -1.099100 7.691002 8.772465
v -1.194320 14.008999 8.694320
v -1.621566 13.825712 9.121566
v -2.015317 13.528070 9.515316
v -2.360443 13.127512 9.860443
v -2.643681 12.639429 10.143681
v -2.854145 12.082581 10.354145
v -2.983749 11.478364 10.483748
v -3.027510 10.850000 10.527509
v -2.983749 10.221637 10.483748
v -2.854145 9.617420 10.354145
v -2.643681 9.060572 10.143681
v -2.360443 8.572489 9.860443
v -2.015317 8.171930 9.515316
v -1.621566 7.874289 9.121566
v -1.194320 7.691002 8.694320
v -0.750000 7.629114 8.250000
v -1.272465 14.008999 8.599100
v -1.774853 13.825712 8.934785
v -2.237855 13.528070 9.244152
v -2.643681 13.127512 9.515317
v -2.976733 12.639429 9.737855
v -3.224213 12.082581 9.903216
v -3.376611 11.478364 10.005044
v -3.428068 10.850000 10.039427
v -3.376611 10.221637 10.005044
v -3.224213 9.617420 9.903216
v -2.976733 9.060572 9.737855
v -2.643681 8.572489 9.515317
v -2.237855 8.171930 9.244152
v -1.774853 7.874289 8.934785
v -1.272465 7.691002 8.599100
v -1.330532 14.008999 8.490464
v -1.888755 13.825712 8.721687
v -2.403216 13.528070 8.934784
v -2.854146 13.127512 9.121566
v -3.224213 12.639429 9.274852
v -3.499198 12.082581 9.388755
v -3.668533 11.478364 9.458895
v -3.725709 10.850000 9.482578
v -3.668533 10.221637 9.458895
v -3.499198 9.617420 9.388755
v -3.224213 9.060572 9.274852
v -2.854146 8.572489 9.121566
v -2.403216 8.171930 8.934784
v -1.888755 7.874289 8.721687
v -1.330532 7.691002 8.490464
v -1.366290 14.008999 8.372587
v -1.958896 13.825712 8.490464
v -2.505044 13.528070 8.599099
v -2.983749 13.127512 8.694321
v -3.376610 12.639429 8.772465
v -3.668533 12.082581 8.830532
v -3.848298 11.478364 8.866289
v -3.908996 10.850000 8.878362
v -3.848298 10.221637 8.866289
v -3.668533 9.617420 8.830532
v -3.376610 9.060572 8.772465
v -2.983749 8.572489 8.694321
v -2.505044 8.171930 8.599099
v -1.958896 7.874289 8.490464
v -1.366290 7.691002 8.372587
v -1.378363 14.008999 8.250000
v -1.982580 13.825712 8.250000
v -2.539428 13.528070 8.249999
v -3.027511 13.127512 8.250000
v -3.428068 12.639429 8.249999
v -3.725710 12.082581 8.250000
v -3.908997 11.478364 8.249999
v -3.970884 10.850000 8.249998
v -3.908997 10.221637 8.249999
v -3.725710 9.617420 8.250000
v -3.428068 9.060572 8.249999
v -3.027511 8.572489 8.250000
v -2.539428 8.171930 8.249999
v -1.982580 7.874289 8.250000
v -1.378363 7.691002 8.250000
v -1.366289 14.008999 8.127413
v -1.958896 13.825712 8.009536
v -2.505044 13.528070 7.900899
v -2.983749 13.127512 7.805680
v -3.376610 12.639429 7.727534
v -3.668533 12.082581 7.669467
v -3.848298 11.478364 7.633709
v -3.908995 10.850000 7.621635
v -3.848298 10.221637 7.633709
v -3.668533 9.617420 7.669467
v -3.376610 9.060572 7.727534
v -2.983749 8.572489 7.805680
v -2.505044 8.171930 7.900899
v -1.958896 7.874289 8.009536
v -1.366289 7.691002 8.127413
v -1.330532 14.008999 8.009536
v -1.888755 13.825712 7.778312
v -2.403215 13.528070 7.565215
v -2.854145 13.127512 7.378434
v -3.224212 12.639429 7.225147
v -3.499198 12.082581 7.111245
v -3.668532 11.478364 7.041103
v -3.725708 10.850000 7.017420
v -3.668532 10.221637 7.041103
v -3.499198 9.617420 7.111245
v -3.224212 9.060572 7.225147
v -2.854145 8.572489 7.378434
v -2.403215 8.171930 7.565215
v -1.888755 7.874289 7.778312
v -1.330532 7.691002 8.009536
v -1.272465 14.008999 7.900900
v -1.774852 13.825712 7.565215
v -2.237854 13.528070 7.255847
v -2.643681 13.127512 6.984683
v -2.976732 12.639429 6.762145
v -3.224213 12.082581 6.596784
v -3.376610 11.478364 6.494955
v -3.428066 10.850000 6.460571
v -3.376610 10.221637 6.494955
v -3.224213 9.617420 6.596784
v -2.976732 9.060572 6.762145
v -2.643681 8.572489 6.984683
v -2.237854 8.171930 7.255847
v -1.774852 7.874289 7.565215
v -1.272465 7.691002 7.900900
v -1.194320 14.008999 7.805680
v -1.621565 13.825712 7.378435
v -2.015316 13.528070 6.984684
v -2.360443 13.127512 6.639557
v -2.643680 12.639429 6.356319
v -2.854145 12.082581 6.145855
v -2.983747 11.478364 6.016252
v -3.027508 10.850000 5.972490
v -2.983747 10.221637 6.016252
v -2.854145 9.617420 6.145855
v -2.643680 9.060572 6.356319
v -2.360443 8.572489 6.639557
v -2.015316 8.171930 6.984684
v -1.621565 7.874289 7.378435
v -1.194320 7.691002 7.805680
v -1.099100 14.008999 7.727535
v -1.434784 13.825712 7.225147
v -1.744152 13.528070 6.762145
v -2.015317 13.127512 6.356319
v -2.237854 12.639429 6.023268
v -2.403216 12.082581 5.775787
v -2.505044 11.478364 5.623390
v -2.539426 10.850000 5.571932
v -2.505044 10.221637 5.623390
v -2.403216 9.617420 5.775787
v -2.237854 9.060572 6.023268
v -2.015317 8.572489 6.356319
v -1.744152 8.171930 6.762145
v -1.434784 7.874289 7.225147
v -1.099100 7.691002 7.727535
v -0.990464 14.008999 7.669468
v -1.221688 13.825712 7.111245
v -1.434783 13.528070 6.596785
v -1.621565 13.127512 6.145854
v -1.774852 12.639429 5.775787
v -1.888755 12.082581 5.500802
v -1.958895 11.478364 5.331467
v -1.982577 10.850000 5.274291
v -1.958895 10.221637 5.331467
v -1.888755 9.617420 5.500802
v -1.774852 9.060572 5.775787
v -1.621565 8.572489 6.145854
v -1.434783 8.171930 6.596785
v -1.221688 7.874289 7.111245
v -0.990464 7.691002 7.669468
v -0.872588 14.008999 7.633711
v -0.990464 13.825712 7.041104
v -1.099099 13.528070 6.494956
v -1.194320 13.127512 6.016251
v -1.272464 12.639429 5.623390
v -1.330532 12.082581 5.331467
v -1.366289 11.478364 5.151702
v -1.378362 10.850000 5.091005
v -1.366289 10.221637 5.151702
v -1.330532 9.617420 5.331467
v -1.272464 9.060572 5.623390
v -1.194320 8.572489 6.016251
v -1.099099 8.171930 6.494956
v -0.990464 7.874289 7.041104
v -0.872588 7.691002 7.633711
v -0.750000 14.008999 7.621637
v -0.750000 13.825712 7.017421
v -0.750000 13.127512 5.972489
v -0.750000 12.082581 5.274290
v -0.750000 9.617420 5.274290
v -0.750000 8.572489 5.972489
v -0.749999 8.171930 6.460573
v -0.750000 7.874289 7.017421
v -0.750000 7.691002 7.621637
v 8.250000 9.485569 9.407148
v 8.250000 8.942852 8.864431
v 8.250000 8.233759 8.570715
v 8.250000 7.850000 8.532918
v 8.250000 7.466242 8.570715
v 8.250000 6.757149 8.864431
v 8.324867 9.779285 10.123615
v 8.396858 9.667347 9.761695
v 8.463205 9.485569 9.428146
v 8.521358 9.240938 9.135790
v 8.569083 8.942852 8.895859
v 8.604547 8.602770 8.717573
v 8.626385 8.233759 8.607786
v 8.633759 7.850000 8.570715
v 8.626385 7.466242 8.607786
v 8.604547 7.097231 8.717573
v 8.569083 6.757149 8.895859
v 8.521358 6.459063 9.135790
v 8.463205 6.214432 9.428146
v 8.396858 6.032654 9.761695
v 8.324867 5.920715 10.123615
v 8.396858 9.779285 10.145453
v 8.538073 9.667347 9.804531
v 8.668217 9.485569 9.490336
v 8.782289 9.240938 9.214942
v 8.875905 8.942852 8.988932
v 8.945468 8.602770 8.820991
v 8.988305 8.233759 8.717573
v 9.002769 7.850000 8.682653
v 8.988305 7.466242 8.717573
v 8.945468 7.097231 8.820991
v 8.875905 6.757149 8.988932
v 8.782289 6.459063 9.214942
v 8.668217 6.214432 9.490336
v 8.538073 6.032654 9.804531
v 8.396858 5.920715 10.145453
v 8.463204 9.779285 10.180917
v 8.668217 9.667347 9.874095
v 8.857156 9.485569 9.591327
v 9.022763 9.240938 9.343478
v 9.158673 8.942852 9.140075
v 9.259664 8.602770 8.988932
v 9.321854 8.233759 8.895859
v 9.342852 7.850000 8.864431
v 9.321854 7.466242 8.895859
v 9.259664 7.097231 8.988932
v 9.158673 6.757149 9.140075
v 9.022763 6.459063 9.343478
v 8.857156 6.214432 9.591327
v 8.668217 6.032654 9.874095
v 8.463204 5.920715 10.180917
v 8.521358 9.779285 10.228642
v 8.782289 9.667347 9.967711
v 9.022763 9.485569 9.727237
v 9.233541 9.240938 9.516459
v 9.406522 8.942852 9.343478
v 9.535058 8.602770 9.214942
v 9.614210 8.233759 9.135790
v 9.640937 7.850000 9.109063
v 9.614210 7.466242 9.135790
v 9.535058 7.097231 9.214942
v 9.406522 6.757149 9.343478
v 9.233541 6.459063 9.516459
v 9.022763 6.214432 9.727237
v 8.782289 6.032654 9.967711
v 8.521358 5.920715 10.228642
v 8.569083 9.779285 10.286796
v 8.875905 9.667347 10.081783
v 9.158673 9.485569 9.892844
v 9.406522 9.240938 9.727237
v 9.609925 8.942852 9.591327
v 9.761068 8.602770 9.490336
v 9.854141 8.233759 9.428147
v 9.885569 7.850000 9.407148
v 9.854141 7.466242 9.428147
v 9.761068 7.097231 9.490336
v 9.609925 6.757149 9.591327
v 9.406522 6.459063 9.727237
v 9.158673 6.214432 9.892844
v 8.875905 6.032654 10.081783
v 8.569083 5.920715 10.286796
v 8.250000 9.817082 10.500000
v 8.604547 9.779285 10.353142
v 8.945468 9.667347 10.211927
v 9.259664 9.485569 10.081783
v 9.535058 9.240938 9.967711
v 9.761068 8.942852 9.874095
v 9.929009 8.602770 9.804531
v 10.032427 8.233759 9.761695
v 10.067347 7.850000 9.747231
v 10.032427 7.466242 9.761695
v 9.929009 7.097231 9.804531
v 9.761068 6.757149 9.874095
v 9.535058 6.459063 9.967711
v 9.259664 6.214432 10.081783
v 8.945468 6.032654 10.211927
v 8.604547 5.920715 10.353142
v 8.626385 9.779285 10.425133
v 8.988305 9.667347 10.353142
v 9.321854 9.485569 10.286796
v 9.614210 9.240938 10.228642
v 9.854141 8.942852 10.180917
v 10.032427 8.602770 10.145453
v 10.142214 8.233759 10.123615
v 10.179284 7.850000 10.116241
v 10.142214 7.466242 10.123615
v 10.032427 7.097231 10.145453
v 9.854141 6.757149 10.180917
v 9.614210 6.459063 10.228642
v 9.321854 6.214432 10.286796
v 8.988305 6.032654 10.353142
v 8.626385 5.920715 10.425133
v 8.633759 9.779285 10.500000
v 9.002769 9.667347 10.500000
v 9.342852 9.485569 10.500000
v 9.640937 9.240938 10.500000
v 9.885569 8.942852 10.500000
v 10.067347 8.602770 10.500000
v 10.179285 8.233759 10.500000
v 10.217081 7.850000 10.500000
v 10.179285 7.466242 10.500000
v 10.067347 7.097231 10.500000
v 9.885569 6.757149 10.500000
v 9.640937 6.459063 10.500000
v 9.342852 6.214432 10.500000
v 9.002769 6.032654 10.500000
v 8.633759 5.920715 10.500000
v 8.626385 9.779285 10.574867
v 8.988305 9.667347 10.646858
v 9.321853 9.485569 10.713205
v 9.614210 9.240938 10.771358
v 9.854141 8.942852 10.819084
v 10.032427 8.602770 10.854547
v 10.142214 8.233759 10.876385
v 10.179284 7.850000 10.883759
v 10.142214 7.466242 10.876385
v 10.032427 7.097231 10.854547
v 9.854141 6.757149 10.819084
v 9.614210 6.459063 10.771358
v 9.321853 6.214432 10.713205
v 8.988305 6.032654 10.646858
v 8.626385 5.920715 10.574867
v 8.604547 9.779285 10.646858
v 8.945468 9.667347 10.788073
v 9.259664 9.485569 10.918217
v 9.535058 9.240938 11.032289
v 9.761068 8.942852 11.125905
v 9.929009 8.602770 11.195468
v 10.032427 8.233759 11.238305
v 10.067346 7.850000 11.252769
v 10.032427 7.466242 11.238305
v 9.929009 7.097231 11.195468
v 9.761068 6.757149 11.125905
v 9.535058 6.459063 11.032289
v 9.259664 6.214432 10.918217
v 8.945468 6.032654 10.788073
v 8.604547 5.920715 10.646858
v 8.569083 9.779285 10.713204
v 8.875905 9.667347 10.918217
v 9.158673 9.485569 11.107156
v 9.406522 9.240938 11.272763
v 9.609925 8.942852 11.408673
v 9.761068 8.602770 11.509664
v 9.854141 8.233759 11.571854
v 9.885568 7.850000 11.592852
v 9.854141 7.466242 11.571854
v 9.761068 7.097231 11.509664
v 9.609925 6.757149 11.408673
v 9.406522 6.459063 11.272763
v 9.158673 6.214432 11.107156
v 8.875905 6.032654 10.918217
v 8.569083 5.920715 10.713204
v 8.521358 9.779285 10.771358
v 8.782289 9.667347 11.032289
v 9.022762 9.485569 11.272763
v 9.233541 9.240938 11.483541
v 9.406521 8.942852 11.656522
v 9.535058 8.602770 11.785058
v 9.614210 8.233759 11.864210
v 9.640936 7.850000 11.890937
v 9.614210 7.466242 11.864210
v 9.535058 7.097231 11.785058
v 9.406521 6.757149 11.656522
v 9.233541 6.459063 11.483541
v 9.022762 6.214432 11.272763
v 8.782289 6.032654 11.032289
v 8.521358 5.920715 10.771358
v 8.463204 9.779285 10.819083
v 8.668217 9.667347 11.125905
v 8.857156 9.485569 11.408673
v 9.022763 9.240938 11.656522
v 9.158673 8.942852 11.859925
v 9.259664 8.602770 12.011068
v 9.321853 8.233759 12.104141
v 9.342851 7.850000 12.135569
v 9.321853 7.466242 12.104141
v 9.259664 7.097231 12.011068
v 9.158673 6.757149 11.859925
v 9.022763 6.459063 11.656522
v 8.857156 6.214432 11.408673
v 8.668217 6.032654 11.125905
v 8.463204 5.920715 10.819083
v 8.396858 9.779285 10.854547
v 8.538073 9.667347 11.195468
v 8.668216 9.485569 11.509664
v 8.782289 9.240938 11.785058
v 8.875905 8.942852 12.011068
v 8.945468 8.602770 12.179008
v 8.988305 8.233759 12.282427
v 9.002769 7.850000 12.317346
v 8.988305 7.466242 12.282427
v 8.945468 7.097231 12.179008
v 8.875905 6.757149 12.011068
v 8.782289 6.459063 11.785058
v 8.668216 6.214432 11.509664
v 8.538073 6.032654 11.195468
v 8.396858 5.920715 10.854547
v 8.324867 9.779285 10.876385
v 8.396858 9.667347 11.238305
v 8.463204 9.485569 11.571853
v 8.521358 9.240938 11.864210
v 8.569083 8.942852 12.104141
v 8.604547 8.602770 12.282427
v 8.626385 8.233759 12.392214
v 8.633758 7.850000 12.429284
v 8.626385 7.466242 12.392214
v 8.604547 7.097231 12.282427
v 8.569083 6.757149 12.104141
v 8.521358 6.459063 11.864210
v 8.463204 6.214432 11.571853
v 8.396858 6.032654 11.238305
v 8.324867 5.920715 10.876385
v 8.250000 9.779285 10.883759
v 8.250000 9.667347 11.252769
v 8.250000 9.485569 11.592852
v 8.250000 9.240938 11.890937
v 8.250000 8.942852 12.135569
v 8.250000 8.602770 12.317347
v 8.250000 8.233759 12.429284
v 8.249999 7.850000 12.467080
v 8.250000 7.466242 12.429284
v 8.250000 7.097231 12.317347
v 8.250000 6.757149 12.135569
v 8.250000 6.459063 11.890937
v 8.250000 6.214432 11.592852
v 8.250000 6.032654 11.252769
v 8.250000 5.920715 10.883759
v 8.175133 9.779285 10.876385
v 8.103142 9.667347 11.238305
v 8.036795 9.485569 11.571853
v 7.978642 9.240938 11.864210
v 7.930916 8.942852 12.104141
v 7.895453 8.602770 12.282426
v 7.873615 8.233759 12.392214
v 7.866241 7.850000 12.429283
v 7.873615 7.466242 12.392214
v 7.895453 7.097231 12.282426
v 7.930916 6.757149 12.104141
v 7.978642 6.459063 11.864210
v 8.036795 6.214432 11.571853
v 8.103142 6.032654 11.238305
v 8.175133 5.920715 10.876385
v 8.103142 9.779285 10.854547
v 7.961927 9.667347 11.195468
v 7.831784 9.485569 11.509663
v 7.717711 9.240938 11.785058
v 7.624095 8.942852 12.011067
v 7.554532 8.602770 12.179008
v 7.511695 8.233759 12.282426
v 7.497231 7.850000 12.317345
v 7.511695 7.466242 12.282426
v 7.554532 7.097231 12.179008
v 7.624095 6.757149 12.011067
v 7.717711 6.459063 11.785058
v 7.831784 6.214432 11.509663
v 7.961927 6.032654 11.195468
v 8.103142 5.920715 10.854547
v 8.036796 9.779285 10.819083
v 7.831784 9.667347 11.125905
v 7.642844 9.485569 11.408672
v 7.477237 9.240938 11.656522
v 7.341327 8.942852 11.859925
v 7.240337 8.602770 12.011068
v 7.178147 8.233759 12.104141
v 7.157148 7.850000 12.135567
v 7.178147 7.466242 12.104141
v 7.240337 7.097231 12.011068
v 7.341327 6.757149 11.859925
v 7.477237 6.459063 11.656522
v 7.642844 6.214432 11.408672
v 7.831784 6.032654 11.125905
v 8.036796 5.920715 10.819083
v 7.978642 9.779285 10.771358
v 7.717711 9.667347 11.032289
v 7.477237 9.485569 11.272762
v 7.266459 9.240938 11.483541
v 7.093479 8.942852 11.656521
v 6.964942 8.602770 11.785058
v 6.885790 8.233759 11.864210
v 6.859064 7.850000 11.890935
v 6.885790 7.466242 11.864210
v 6.964942 7.097231 11.785058
v 7.093479 6.757149 11.656521
v 7.266459 6.459063 11.483541
v 7.477237 6.214432 11.272762
v 7.717711 6.032654 11.032289
v 7.978642 5.920715 10.771358
v 8.250000 5.882919 10.500000
v 7.930917 9.779285 10.713204
v 7.624095 9.667347 10.918216
v 7.341327 9.485569 11.107156
v 7.093479 9.240938 11.272763
v 6.890075 8.942852 11.408672
v 6.738932 8.602770 11.509664
v 6.645859 8.233759 11.571853
v 6.614432 7.850000 11.592851
v 6.645859 7.466242 11.571853
v 6.738932 7.097231 11.509664
v 6.890075 6.757149 11.408672
v 7.093479 6.459063 11.272763
v 7.341327 6.214432 11.107156
v 7.624095 6.032654 10.918216
v 7.930917 5.920715 10.713204
v 7.895453 9.779285 10.646858
v 7.554532 9.667347 10.788073
v 7.240337 9.485569 10.918216
v 6.964942 9.240938 11.032289
v 6.738932 8.942852 11.125904
v 6.570992 8.602770 11.195468
v 6.467574 8.233759 11.238304
v 6.432655 7.850000 11.252769
v 6.467574 7.466242 11.238304
v 6.570992 7.097231 11.195468
v 6.738932 6.757149 11.125904
v 6.964942 6.459063 11.032289
v 7.240337 6.214432 10.918216
v 7.554532 6.032654 10.788073
v 7.895453 5.920715 10.646858
v 7.873616 9.779285 10.574867
v 7.511695 9.667347 10.646858
v 7.178147 9.485569 10.713204
v 6.885790 9.240938 10.771358
v 6.645859 8.942852 10.819083
v 6.467574 8.602770 10.854547
v 6.357787 8.233759 10.876384
v 6.320717 7.850000 10.883758
v 6.357787 7.466242 10.876384
v 6.467574 7.097231 10.854547
v 6.645859 6.757149 10.819083
v 6.885790 6.459063 10.771358
v 7.178147 6.214432 10.713204
v 7.511695 6.032654 10.646858
v 7.873616 5.920715 10.574867
v 7.866242 9.779285 10.500000
v 7.497231 9.667347 10.500000
v 7.157149 9.485569 10.500000
v 6.859064 9.240938 10.500000
v 6.614432 8.942852 10.500000
v 6.432654 8.602770 10.500000
v 6.320716 8.233759 10.499999
v 6.282920 7.850000 10.499999
v 6.320716 7.466242 10.499999
v 6.432654 7.097231 10.500000
v 6.614432 6.757149 10.500000
v 6.859064 6.459063 10.500000
v 7.157149 6.214432 10.500000
v 7.497231 6.032654 10.500000
v 7.866242 5.920715 10.500000
v 7.873616 9.779285 10.425133
v 7.511695 9.667347 10.353142
v 7.178148 9.485569 10.286795
v 6.885790 9.240938 10.228642
v 6.645859 8.942852 10.180916
v 6.467574 8.602770 10.145453
v 6.357787 8.233759 10.123615
v 6.320717 7.850000 10.116241
v 6.357787 7.466242 10.123615
v 6.467574 7.097231 10.145453
v 6.645859 6.757149 10.180916
v 6.885790 6.459063 10.228642
v 7.178148 6.214432 10.286795
v 7.511695 6.032654 10.353142
v 7.873616 5.920715 10.425133
v 7.895453 9.779285 10.353142
v 7.554532 9.667347 10.211927
v 7.240337 9.485569 10.081783
v 6.964942 9.240938 9.967711
v 6.738933 8.942852 9.874095
v 6.570992 8.602770 9.804532
v 6.467574 8.233759 9.761695
v 6.432655 7.850000 9.747231
v 6.467574 7.466242 9.761695
v 6.570992 7.097231 9.804532
v 6.738933 6.757149 9.874095
v 6.964942 6.459063 9.967711
v 7.240337 6.214432 10.081783
v 7.554532 6.032654 10.211927
v 7.895453 5.920715 10.353142
v 7.930917 9.779285 10.286796
v 7.624095 9.667347 10.081783
v 7.341328 9.485569 9.892844
v 7.093479 9.240938 9.727237
v 6.890076 8.942852 9.591327
v 6.738932 8.602770 9.490336
v 6.645859 8.233759 9.428146
v 6.614433 7.850000 9.407148
v 6.645859 7.466242 9.428146
v 6.738932 7.097231 9.490336
v 6.890076 6.757149 9.591327
v 7.093479 6.459063 9.727237
v 7.341328 6.214432 9.892844
v 7.624095 6.032654 10.081783
v 7.930917 5.920715 10.286796
v 7.978642 9.779285 10.228642
v 7.717712 9.667347 9.967711
v 7.477238 9.485569 9.727238
v 7.266459 9.240938 9.516459
v 7.093479 8.942852 9.343479
v 6.964942 8.602770 9.214943
v 6.885791 8.233759 9.135790
v 6.859065 7.850000 9.109064
v 6.885791 7.466242 9.135790
v 6.964942 7.097231 9.214943
v 7.093479 6.757149 9.343479
v 7.266459 6.459063 9.516459
v 7.477238 6.214432 9.727238
v 7.717712 6.032654 9.967711
v 7.978642 5.920715 10.228642
v 8.036796 9.779285 10.180917
v 7.831784 9.667347 9.874095
v 7.642845 9.485569 9.591328
v 7.477237 9.240938 9.343478
v 7.341328 8.942852 9.140075
v 7.240337 8.602770 8.988933
v 7.178148 8.233759 8.895859
v 7.157150 7.850000 8.864432
v 7.178148 7.466242 8.895859
v 7.240337 7.097231 8.988933
v 7.341328 6.757149 9.140075
v 7.477237 6.459063 9.343478
v 7.642845 6.214432 9.591328
v 7.831784 6.032654 9.874095
v 8.036796 5.920715 10.180917
v 8.103142 9.779285 10.145453
v 7.961928 9.667347 9.804532
v 7.831784 9.485569 9.490337
v 7.717712 9.240938 9.214942
v 7.624096 8.942852 8.988933
v 7.554532 8.602770 8.820992
v 7.511696 8.233759 8.717574
v 7.497232 7.850000 8.682655
v 7.511696 7.466242 8.717574
v 7.554532 7.097231 8.820992
v 7.624096 6.757149 8.988933
v 7.717712 6.459063 9.214942
v 7.831784 6.214432 9.490337
v 7.961928 6.032654 9.804532
v 8.103142 5.920715 10.145453
v 8.175133 9.779285 10.123615
v 8.103142 9.667347 9.761695
v 8.036796 9.485569 9.428148
v 7.978642 9.240938 9.135790
v 7.930917 8.942852 8.895860
v 7.895453 8.602770 8.717574
v 7.873616 8.233759 8.607787
v 7.866243 7.850000 8.570717
v 7.873616 7.466242 8.607787
v 7.895453 7.097231 8.717574
v 7.930917 6.757149 8.895860
v 7.978642 6.459063 9.135790
v 8.036796 6.214432 9.428148
v 8.103142 6.032654 9.761695
v 8.175133 5.920715 10.123615
v 8.250000 9.779285 10.116241
v 8.250000 9.667347 9.747231
v 8.250000 9.240938 9.109063
v 8.250000 8.602770 8.682654
v 8.250000 7.097231 8.682654
v 8.250000 6.459063 9.109063
v 8.250000 6.214432 9.407149
v 8.250000 6.032654 9.747231
v 8.250000 5.920715 10.116241
v -7.500001 6.926102 14.363928
v -7.500001 6.486073 13.923899
v -7.500001 5.911148 13.685757
v -7.500001 5.600000 13.655111
v -7.500001 5.288853 13.685757
v -7.500001 4.713928 13.923899
v -7.439299 7.164244 14.944831
v -7.380930 7.073484 14.651390
v -7.327137 6.926102 14.380953
v -7.279986 6.727757 14.143913
v -7.241292 6.486073 13.949380
v -7.212538 6.210339 13.804828
v -7.194832 5.911148 13.715814
v -7.188854 5.600000 13.685757
v -7.194832 5.288853 13.715814
v -7.212538 4.989662 13.804828
v -7.241292 4.713928 13.949380
v -7.279986 4.472244 14.143913
v -7.327137 4.273899 14.380953
v -7.380930 4.126516 14.651390
v -7.439299 4.035757 14.944831
v -7.380930 7.164244 14.962538
v -7.266435 7.073484 14.686122
v -7.160916 6.926102 14.431376
v -7.068427 6.727757 14.208089
v -6.992524 6.486073 14.024842
v -6.936123 6.210339 13.888678
v -6.901391 5.911148 13.804828
v -6.889664 5.600000 13.776516
v -6.901391 5.288853 13.804828
v -6.936123 4.989662 13.888678
v -6.992524 4.713928 14.024842
v -7.068427 4.472244 14.208089
v -7.160916 4.273899 14.431376
v -7.266435 4.126516 14.686122
v -7.380930 4.035757 14.962538
v -7.327137 7.164244 14.991290
v -7.160916 7.073484 14.742523
v -7.007726 6.926102 14.513258
v -6.873453 6.727757 14.312304
v -6.763259 6.486073 14.147388
v -6.681377 6.210339 14.024842
v -6.630954 5.911148 13.949380
v -6.613928 5.600000 13.923899
v -6.630954 5.288853 13.949380
v -6.681377 4.989662 14.024842
v -6.763259 4.713928 14.147388
v -6.873453 4.472244 14.312304
v -7.007726 4.273899 14.513258
v -7.160916 4.126516 14.742523
v -7.327137 4.035757 14.991290
v -7.279986 7.164244 15.029985
v -7.068427 7.073484 14.818426
v -6.873453 6.926102 14.623452
v -6.702557 6.727757 14.452556
v -6.562306 6.486073 14.312305
v -6.458090 6.210339 14.208089
v -6.393914 5.911148 14.143913
v -6.372245 5.600000 14.122244
v -6.393914 5.288853 14.143913
v -6.458090 4.989662 14.208089
v -6.562306 4.713928 14.312305
v -6.702557 4.472244 14.452556
v -6.873453 4.273899 14.623452
v -7.068427 4.126516 14.818426
v -7.279986 4.035757 15.029985
v -7.241292 7.164244 15.077136
v -6.992524 7.073484 14.910914
v -6.763259 6.926102 14.757725
v -6.562306 6.727757 14.623452
v -6.397388 6.486073 14.513258
v -6.274843 6.210339 14.431376
v -6.199380 5.911148 14.380953
v -6.173900 5.600000 14.363928
v -6.199380 5.288853 14.380953
v -6.274843 4.989662 14.431376
v -6.397388 4.713928 14.513258
v -6.562306 4.472244 14.623452
v -6.763259 4.273899 14.757725
v -6.992524 4.126516 14.910914
v -7.241292 4.035757 15.077136
v -7.500001 7.194889 15.250000
v -7.212538 7.164244 15.130929
v -6.936123 7.073484 15.016434
v -6.681377 6.926102 14.910914
v -6.458090 6.727757 14.818426
v -6.274843 6.486073 14.742523
v -6.138679 6.210339 14.686122
v -6.054829 5.911148 14.651390
v -6.026516 5.600000 14.639663
v -6.054829 5.288853 14.651390
v -6.138679 4.989662 14.686122
v -6.274843 4.713928 14.742523
v -6.458090 4.472244 14.818426
v -6.681377 4.273899 14.910914
v -6.936123 4.126516 15.016434
v -7.212538 4.035757 15.130929
v -7.194832 7.164244 15.189299
v -6.901391 7.073484 15.130929
v -6.630954 6.926102 15.077136
v -6.393914 6.727757 15.029985
v -6.199381 6.486073 14.991291
v -6.054829 6.210339 14.962538
v -5.965815 5.911148 14.944832
v -5.935758 5.600000 14.938853
v -5.965815 5.288853 14.944832
v -6.054829 4.989662 14.962538
v -6.199381 4.713928 14.991291
v -6.393914 4.472244 15.029985
v -6.630954 4.273899 15.077136
v -6.901391 4.126516 15.130929
v -7.194832 4.035757 15.189299
v -7.188854 7.164244 15.250000
v -6.889664 7.073484 15.250000
v -6.613929 6.926102 15.250000
v -6.372245 6.727757 15.250000
v -6.173900 6.486073 15.250000
v -6.026516 6.210339 15.250000
v -5.935758 5.911148 15.250000
v -5.905113 5.600000 15.250000
v -5.935758 5.288853 15.250000
v -6.026516 4.989662 15.250000
v -6.173900 4.713928 15.250000
v -6.372245 4.472244 15.250000
v -6.613929 4.273899 15.250000
v -6.889664 4.126516 15.250000
v -7.188854 4.035757 15.250000
v -7.194832 7.164244 15.310701
v -6.901391 7.073484 15.369071
v -6.630954 6.926102 15.422864
v -6.393914 6.727757 15.470015
v -6.199381 6.486073 15.508710
v -6.054829 6.210339 15.537462
v -5.965815 5.911148 15.555169
v -5.935759 5.600000 15.561148
v -5.965815 5.288853 15.555169
v -6.054829 4.989662 15.537462
v -6.199381 4.713928 15.508710
v -6.393914 4.472244 15.470015
v -6.630954 4.273899 15.422864
v -6.901391 4.126516 15.369071
v -7.194832 4.035757 15.310701
v -7.212538 7.164244 15.369071
v -6.936123 7.073484 15.483566
v -6.681377 6.926102 15.589086
v -6.458090 6.727757 15.681574
v -6.274844 6.486073 15.757477
v -6.138679 6.210339 15.813878
v -6.054829 5.911148 15.848610
v -6.026517 5.600000 15.860337
v -6.054829 5.288853 15.848610
v -6.138679 4.989662 15.813878
v -6.274844 4.713928 15.757477
v -6.458090 4.472244 15.681574
v -6.681377 4.273899 15.589086
v -6.936123 4.126516 15.483566
v -7.212538 4.035757 15.369071
v -7.241292 7.164244 15.422864
v -6.992524 7.073484 15.589086
v -6.763259 6.926102 15.742275
v -6.562306 6.727757 15.876548
v -6.397388 6.486073 15.986742
v -6.274843 6.210339 16.068624
v -6.199381 5.911148 16.119047
v -6.173901 5.600000 16.136072
v -6.199381 5.288853 16.119047
v -6.274843 4.989662 16.068624
v -6.397388 4.713928 15.986742
v -6.562306 4.472244 15.876548
v -6.763259 4.273899 15.742275
v -6.992524 4.126516 15.589086
v -7.241292 4.035757 15.422864
v -7.279987 7.164244 15.470015
v -7.068428 7.073484 15.681574
v -6.873454 6.926102 15.876548
v -6.702557 6.727757 16.047443
v -6.562306 6.486073 16.187695
v -6.458090 6.210339 16.291910
v -6.393914 5.911148 16.356087
v -6.372245 5.600000 16.377756
v -6.393914 5.288853 16.356087
v -6.458090 4.989662 16.291910
v -6.562306 4.713928 16.187695
v -6.702557 4.472244 16.047443
v -6.873454 4.273899 15.876548
v -7.068428 4.126516 15.681574
v -7.279987 4.035757 15.470015
v -7.327137 7.164244 15.508709
v -7.160916 7.073484 15.757477
v -7.007726 6.926102 15.986742
v -6.873453 6.727757 16.187695
v -6.763259 6.486073 16.352612
v -6.681377 6.210339 16.475157
v -6.630955 5.911148 16.550621
v -6.613929 5.600000 16.576101
v -6.630955 5.288853 16.550621
v -6.681377 4.989662 16.475157
v -6.763259 4.713928 16.352612
v -6.873453 4.472244 16.187695
v -7.007726 4.273899 15.986742
v -7.160916 4.126516 15.757477
v -7.327137 4.035757 15.508709
v -7.380930 7.164244 15.537462
v -7.266435 7.073484 15.813878
v -7.160916 6.926102 16.068624
v -7.068428 6.727757 16.291910
v -6.992524 6.486073 16.475157
v -6.936123 6.210339 16.611322
v -6.901392 5.911148 16.695171
v -6.889665 5.600000 16.723484
v -6.901392 5.288853 16.695171
v -6.936123 4.989662 16.611322
v -6.992524 4.713928 16.475157
v -7.068428 4.472244 16.291910
v -7.160916 4.273899 16.068624
v -7.266435 4.126516 15.813878
v -7.380930 4.035757 15.537462
v -7.439299 7.164244 15.555168
v -7.380930 7.073484 15.848610
v -7.327137 6.926102 16.119047
v -7.279987 6.727757 16.356087
v -7.241292 6.486073 16.550621
v -7.212538 6.210339 16.695171
v -7.194833 5.911148 16.784185
v -7.188854 5.600000 16.814241
v -7.194833 5.288853 16.784185
v -7.212538 4.989662 16.695171
v -7.241292 4.713928 16.550621
v -7.279987 4.472244 16.356087
v -7.327137 4.273899 16.119047
v -7.380930 4.126516 15.848610
v -7.439299 4.035757 15.555168
v -7.500001 7.164244 15.561147
v -7.500001 7.073484 15.860337
v -7.500001 6.926102 16.136072
v -7.500001 6.727757 16.377756
v -7.500001 6.486073 16.576101
v -7.500001 6.210339 16.723484
v -7.500001 5.911148 16.814243
v -7.500001 5.600000 16.844887
v -7.500001 5.288853 16.814243
v -7.500001 4.989662 16.723484
v -7.500001 4.713928 16.576101
v -7.500001 4.472244 16.377756
v -7.500001 4.273899 16.136072
v -7.500001 4.126516 15.860337
v -7.500001 4.035757 15.561147
v -7.560703 7.164244 15.555168
v -7.619072 7.073484 15.848610
v -7.672865 6.926102 16.119047
v -7.720016 6.727757 16.356087
v -7.758710 6.486073 16.550619
v -7.787463 6.210339 16.695171
v -7.805170 5.911148 16.784185
v -7.811149 5.600000 16.814241
v -7.805170 5.288853 16.784185
v -7.787463 4.989662 16.695171
v -7.758710 4.713928 16.550619
v -7.720016 4.472244 16.356087
v -7.672865 4.273899 16.119047
v -7.619072 4.126516 15.848610
v -7.560703 4.035757 15.555168
v -7.619072 7.164244 15.537462
v -7.733567 7.073484 15.813878
v -7.839086 6.926102 16.068624
v -7.931574 6.727757 16.291910
v -8.007478 6.486073 16.475157
v -8.063879 6.210339 16.611322
v -8.098611 5.911148 16.695171
v -8.110338 5.600000 16.723484
v -8.098611 5.288853 16.695171
v -8.063879 4.989662 16.611322
v -8.007478 4.713928 16.475157
v -7.931574 4.472244 16.291910
v -7.839086 4.273899 16.068624
v -7.733567 4.126516 15.813878
v -7.619072 4.035757 15.537462
v -7.672865 7.164244 15.508709
v -7.839086 7.073484 15.757477
v -7.992276 6.926102 15.986742
v -8.126549 6.727757 16.187695
v -8.236743 6.486073 16.352612
v -8.318624 6.210339 16.475157
v -8.369048 5.911148 16.550619
v -8.386073 5.600000 16.576099
v -8.369048 5.288853 16.550619
v -8.318624 4.989662 16.475157
v -8.236743 4.713928 16.352612
v -8.126549 4.472244 16.187695
v -7.992276 4.273899 15.986742
v -7.839086 4.126516 15.757477
v -7.672865 4.035757 15.508709
v -7.720015 7.164244 15.470015
v -7.931574 7.073484 15.681574
v -8.126549 6.926102 15.876547
v -8.297445 6.727757 16.047443
v -8.437696 6.486073 16.187695
v -8.541911 6.210339 16.291910
v -8.606088 5.911148 16.356087
v -8.627757 5.600000 16.377754
v -8.606088 5.288853 16.356087
v -8.541911 4.989662 16.291910
v -8.437696 4.713928 16.187695
v -8.297445 4.472244 16.047443
v -8.126549 4.273899 15.876547
v -7.931574 4.126516 15.681574
v -7.720015 4.035757 15.470015
v -7.500001 4.005112 15.250000
v -7.758710 7.164244 15.422864
v -8.007478 7.073484 15.589085
v -8.236743 6.926102 15.742275
v -8.437696 6.727757 15.876548
v -8.602613 6.486073 15.986742
v -8.725159 6.210339 16.068624
v -8.800621 5.911148 16.119045
v -8.826101 5.600000 16.136070
v -8.800621 5.288853 16.119045
v -8.725159 4.989662 16.068624
v -8.602613 4.713928 15.986742
v -8.437696 4.472244 15.876548
v -8.236743 4.273899 15.742275
v -8.007478 4.126516 15.589085
v -7.758710 4.035757 15.422864
v -7.787463 7.164244 15.369071
v -8.063879 7.073484 15.483566
v -8.318624 6.926102 15.589085
v -8.541912 6.727757 15.681574
v -8.725158 6.486073 15.757477
v -8.861322 6.210339 15.813878
v -8.945172 5.911148 15.848609
v -8.973484 5.600000 15.860336
v -8.945172 5.288853 15.848609
v -8.861322 4.989662 15.813878
v -8.725158 4.713928 15.757477
v -8.541912 4.472244 15.681574
v -8.318624 4.273899 15.589085
v -8.063879 4.126516 15.483566
v -7.787463 4.035757 15.369071
v -7.805169 7.164244 15.310701
v -8.098611 7.073484 15.369071
v -8.369047 6.926102 15.422864
v -8.606088 6.727757 15.470015
v -8.800621 6.486073 15.508709
v -8.945172 6.210339 15.537462
v -9.034187 5.911148 15.555168
v -9.064242 5.600000 15.561147
v -9.034187 5.288853 15.555168
v -8.945172 4.989662 15.537462
v -8.800621 4.713928 15.508709
v -8.606088 4.472244 15.470015
v -8.369047 4.273899 15.422864
v -8.098611 4.126516 15.369071
v -7.805169 4.035757 15.310701
v -7.811148 7.164244 15.250000
v -8.110338 7.073484 15.250000
v -8.386073 6.926102 15.250000
v -8.627757 6.727757 15.250000
v -8.826101 6.486073 15.250000
v -8.973485 6.210339 15.250000
v -9.064243 5.911148 15.250000
v -9.094888 5.600000 15.249999
v -9.064243 5.288853 15.250000
v -8.973485 4.989662 15.250000
v -8.826101 4.713928 15.250000
v -8.627757 4.472244 15.250000
v -8.386073 4.273899 15.250000
v -8.110338 4.126516 15.250000
v -7.811148 4.035757 15.250000
v -7.805169 7.164244 15.189299
v -8.098611 7.073484 15.130929
v -8.369047 6.926102 15.077136
v -8.606088 6.727757 15.029985
v -8.800621 6.486073 14.991290
v -8.945172 6.210339 14.962538
v -9.034186 5.911148 14.944831
v -9.064242 5.600000 14.938852
v -9.034186 5.288853 14.944831
v -8.945172 4.989662 14.962538
v -8.800621 4.713928 14.991290
v -8.606088 4.472244 15.029985
v -8.369047 4.273899 15.077136
v -8.098611 4.126516 15.130929
v -7.805169 4.035757 15.189299
v -7.787463 7.164244 15.130929
v -8.063879 7.073484 15.016434
v -8.318624 6.926102 14.910914
v -8.541912 6.727757 14.818426
v -8.725158 6.486073 14.742523
v -8.861322 6.210339 14.686122
v -8.945172 5.911148 14.651390
v -8.973484 5.600000 14.639663
v -8.945172 5.288853 14.651390
v -8.861322 4.989662 14.686122
v -8.725158 4.713928 14.742523
v -8.541912 4.472244 14.818426
v -8.318624 4.273899 14.910914
v -8.063879 4.126516 15.016434
v -7.787463 4.035757 15.130929
v -7.758710 7.164244 15.077136
v -8.007478 7.073484 14.910914
v -8.236742 6.926102 14.757725
v -8.437696 6.727757 14.623452
v -8.602612 6.486073 14.513258
v -8.725158 6.210339 14.431376
v -8.800621 5.911148 14.380953
v -8.826100 5.600000 14.363928
v -8.800621 5.288853 14.380953
v -8.725158 4.989662 14.431376
v -8.602612 4.713928 14.513258
v -8.437696 4.472244 14.623452
v -8.236742 4.273899 14.757725
v -8.007478 4.126516 14.910914
v -7.758710 4.035757 15.077136
v -7.720015 7.164244 15.029985
v -7.931574 7.073484 14.818426
v -8.126548 6.926102 14.623452
v -8.297445 6.727757 14.452556
v -8.437696 6.486073 14.312305
v -8.541911 6.210339 14.208090
v -8.606087 5.911148 14.143913
v -8.627755 5.600000 14.122244
v -8.606087 5.288853 14.143913
v -8.541911 4.989662 14.208090
v -8.437696 4.713928 14.312305
v -8.297445 4.472244 14.452556
v -8.126548 4.273899 14.623452
v -7.931574 4.126516 14.818426
v -7.720015 4.035757 15.029985
v -7.672865 7.164244 14.991291
v -7.839086 7.073484 14.742523
v -7.992276 6.926102 14.513258
v -8.126549 6.727757 14.312305
v -8.236742 6.486073 14.147388
v -8.318624 6.210339 14.024843
v -8.369047 5.911148 13.949380
v -8.386072 5.600000 13.923900
v -8.369047 5.288853 13.949380
v -8.318624 4.989662 14.024843
v -8.236742 4.713928 14.147388
v -8.126549 4.472244 14.312305
v -7.992276 4.273899 14.513258
v -7.839086 4.126516 14.742523
v -7.672865 4.035757 14.991291
v -7.619071 7.164244 14.962538
v -7.733567 7.073484 14.686122
v -7.839086 6.926102 14.431376
v -7.931574 6.727757 14.208089
v -8.007477 6.486073 14.024843
v -8.063879 6.210339 13.888679
v -8.098610 5.911148 13.804829
v -8.110337 5.600000 13.776517
v -8.098610 5.288853 13.804829
v -8.063879 4.989662 13.888679
v -8.007477 4.713928 14.024843
v -7.931574 4.472244 14.208089
v -7.839086 4.273899 14.431376
v -7.733567 4.126516 14.686122
v -7.619071 4.035757 14.962538
v -7.560703 7.164244 14.944832
v -7.619071 7.073484 14.651390
v -7.672864 6.926102 14.380954
v -7.720015 6.727757 14.143913
v -7.758710 6.486073 13.949381
v -7.787463 6.210339 13.804829
v -7.805169 5.911148 13.715815
v -7.811147 5.600000 13.685759
v -7.805169 5.288853 13.715815
v -7.787463 4.989662 13.804829
v -7.758710 4.713928 13.949381
v -7.720015 4.472244 14.143913
v -7.672864 4.273899 14.380954
v -7.619071 4.126516 14.651390
v -7.560703 4.035757 14.944832
v -7.500001 7.164244 14.938853
v -7.500001 7.073484 14.639663
v -7.500001 6.727757 14.122244
v -7.500001 6.210339 13.776516
v -7.500001 4.989662 13.776516
v -7.500001 4.472244 14.122244
v -7.500000 4.273899 14.363929
v -7.500001 4.126516 14.639663
v -7.500001 4.035757 14.938853
v -15.750001 1.350000 2.500000
v -15.750001 6.350000 2.500000
v -15.750001 1.350000 -2.500000
v -15.750001 6.350000 -2.500000
v -10.750001 1.350000 2.500000
v -10.750001 6.350000 2.500000
v -10.750001 1.350000 -2.500000
v -10.750001 6.350000 -2.500000
v 16.422226 2.522226 -0.172225
v 16.422226 5.677774 -0.172225
v 16.422226 2.522226 -3.327775
v 16.422226 5.677774 -3.327775
v 19.577774 2.522226 -0.172225
v 19.577774 5.677774 -0.172225
v 19.577774 2.522226 -3.327775
v 19.577774 5.677774 -3.327775
v 10.063303 8.913303 -13.313303
v 10.063303 10.786697 -13.313303
v 10.063303 8.913303 -15.186697
v 10.063303 10.786697 -15.186697
v 11.936697 8.913303 -13.313303
v 11.936697 10.786697 -13.313303
v 11.936697 8.913303 -15.186697
v 11.936697 10.786697 -15.186697
v 8.456826 2.364603 -18.943310
v 8.456826 4.835398 -18.943310
v 7.693309 2.364603 -21.293175
v 7.693309 4.835398 -21.293175
v 10.806691 2.364603 -19.706825
v 10.806691 4.835398 -19.706825
v 10.043174 2.364603 -22.056690
v 10.043174 4.835398 -22.056690
v -6.601642 1.074636 21.632870
v -6.601642 16.625364 21.632870
v -6.601642 1.074636 19.367130
v -6.601642 16.625364 19.367130
v -8.898359 1.074636 21.632870
v -8.898359 16.625364 21.632870
v -8.898359 1.074636 19.367130
v -8.898359 16.625364 19.367130
v 5.250000 6.926102 6.863927
v 5.250000 6.486073 6.423899
v 5.250000 5.911148 6.185757
v 5.250000 5.600000 6.155112
v 5.250000 5.288853 6.185757
v 5.250000 4.713928 6.423899
v 5.310702 7.164244 7.444831
v 5.369071 7.073484 7.151390
v 5.422864 6.926102 6.880953
v 5.470015 6.727757 6.643913
v 5.508709 6.486073 6.449379
v 5.537463 6.210339 6.304828
v 5.555169 5.911148 6.215814
v 5.561147 5.600000 6.185757
v 5.555169 5.288853 6.215814
v 5.537463 4.989662 6.304828
v 5.508709 4.713928 6.449379
v 5.470015 4.472244 6.643913
v 5.422864 4.273899 6.880953
v 5.369071 4.126516 7.151390
v 5.310702 4.035757 7.444831
v 5.369071 7.164244 7.462537
v 5.483566 7.073484 7.186122
v 5.589085 6.926102 6.931376
v 5.681574 6.727757 6.708089
v 5.757477 6.486073 6.524842
v 5.813878 6.210339 6.388678
v 5.848610 5.911148 6.304828
v 5.860337 5.600000 6.276515
v 5.848610 5.288853 6.304828
v 5.813878 4.989662 6.388678
v 5.757477 4.713928 6.524842
v 5.681574 4.472244 6.708089
v 5.589085 4.273899 6.931376
v 5.483566 4.126516 7.186122
v 5.369071 4.035757 7.462537
v 5.422864 7.164244 7.491291
v 5.589085 7.073484 7.242523
v 5.742275 6.926102 7.013258
v 5.876548 6.727757 6.812305
v 5.986742 6.486073 6.647388
v 6.068624 6.210339 6.524842
v 6.119047 5.911148 6.449379
v 6.136073 5.600000 6.423899
v 6.119047 5.288853 6.449379
v 6.068624 4.989662 6.524842
v 5.986742 4.713928 6.647388
v 5.876548 4.472244 6.812305
v 5.742275 4.273899 7.013258
v 5.589085 4.126516 7.242523
v 5.422864 4.035757 7.491291
v 5.470015 7.164244 7.529986
v 5.681574 7.073484 7.318426
v 5.876548 6.926102 7.123452
v 6.047444 6.727757 6.952556
v 6.187695 6.486073 6.812305
v 6.291911 6.210339 6.708089
v 6.356087 5.911148 6.643913
v 6.377756 5.600000 6.622244
v 6.356087 5.288853 6.643913
v 6.291911 4.989662 6.708089
v 6.187695 4.713928 6.812305
v 6.047444 4.472244 6.952556
v 5.876548 4.273899 7.123452
v 5.681574 4.126516 7.318426
v 5.470015 4.035757 7.529986
v 5.508709 7.164244 7.577136
v 5.757477 7.073484 7.410915
v 5.986742 6.926102 7.257725
v 6.187695 6.727757 7.123452
v 6.352612 6.486073 7.013258
v 6.475158 6.210339 6.931376
v 6.550621 5.911148 6.880953
v 6.576101 5.600000 6.863928
v 6.550621 5.288853 6.880953
v 6.475158 4.989662 6.931376
v 6.352612 4.713928 7.013258
v 6.187695 4.472244 7.123452
v 5.986742 4.273899 7.257725
v 5.757477 4.126516 7.410915
v 5.508709 4.035757 7.577136
v 5.250000 7.194889 7.750000
v 5.537463 7.164244 7.630929
v 5.813878 7.073484 7.516434
v 6.068624 6.926102 7.410915
v 6.291911 6.727757 7.318426
v 6.475158 6.486073 7.242523
v 6.611322 6.210339 7.186122
v 6.695172 5.911148 7.151390
v 6.723485 5.600000 7.139663
v 6.695172 5.288853 7.151390
v 6.611322 4.989662 7.186122
v 6.475158 4.713928 7.242523
v 6.291911 4.472244 7.318426
v 6.068624 4.273899 7.410915
v 5.813878 4.126516 7.516434
v 5.537463 4.035757 7.630929
v 5.555169 7.164244 7.689298
v 5.848610 7.073484 7.630929
v 6.119047 6.926102 7.577136
v 6.356087 6.727757 7.529985
v 6.550620 6.486073 7.491291
v 6.695172 6.210339 7.462537
v 6.784186 5.911148 7.444831
v 6.814243 5.600000 7.438853
v 6.784186 5.288853 7.444831
v 6.695172 4.989662 7.462537
v 6.550620 4.713928 7.491291
v 6.356087 4.472244 7.529985
v 6.119047 4.273899 7.577136
v 5.848610 4.126516 7.630929
v 5.555169 4.035757 7.689298
v 5.561147 7.164244 7.750000
v 5.860337 7.073484 7.750000
v 6.136072 6.926102 7.750000
v 6.377756 6.727757 7.750000
v 6.576101 6.486073 7.750000
v 6.723485 6.210339 7.750000
v 6.814243 5.911148 7.750000
v 6.844888 5.600000 7.750000
v 6.814243 5.288853 7.750000
v 6.723485 4.989662 7.750000
v 6.576101 4.713928 7.750000
v 6.377756 4.472244 7.750000
v 6.136072 4.273899 7.750000
v 5.860337 4.126516 7.750000
v 5.561147 4.035757 7.750000
v 5.555169 7.164244 7.810702
v 5.848610 7.073484 7.869071
v 6.119047 6.926102 7.922864
v 6.356087 6.727757 7.970014
v 6.550620 6.486073 8.008710
v 6.695172 6.210339 8.037462
v 6.784186 5.911148 8.055169
v 6.814242 5.600000 8.061148
v 6.784186 5.288853 8.055169
v 6.695172 4.989662 8.037462
v 6.550620 4.713928 8.008710
v 6.356087 4.472244 7.970014
v 6.119047 4.273899 7.922864
v 5.848610 4.126516 7.869071
v 5.555169 4.035757 7.810702
v 5.537463 7.164244 7.869071
v 5.813878 7.073484 7.983566
v 6.068624 6.926102 8.089086
v 6.291911 6.727757 8.181574
v 6.475157 6.486073 8.257477
v 6.611322 6.210339 8.313878
v 6.695172 5.911148 8.348610
v 6.723484 5.600000 8.360337
v 6.695172 5.288853 8.348610
v 6.611322 4.989662 8.313878
v 6.475157 4.713928 8.257477
v 6.291911 4.472244 8.181574
v 6.068624 4.273899 8.089086
v 5.813878 4.126516 7.983566
v 5.537463 4.035757 7.869071
v 5.508709 7.164244 7.922864
v 5.757477 7.073484 8.089086
v 5.986742 6.926102 8.242275
v 6.187695 6.727757 8.376548
v 6.352612 6.486073 8.486742
v 6.475158 6.210339 8.568624
v 6.550620 5.911148 8.619047
v 6.576100 5.600000 8.636072
v 6.550620 5.288853 8.619047
v 6.475158 4.989662 8.568624
v 6.352612 4.713928 8.486742
v 6.187695 4.472244 8.376548
v 5.986742 4.273899 8.242275
v 5.757477 4.126516 8.089086
v 5.508709 4.035757 7.922864
v 5.470014 7.164244 7.970014
v 5.681573 7.073484 8.181574
v 5.876547 6.926102 8.376548
v 6.047444 6.727757 8.547444
v 6.187695 6.486073 8.687695
v 6.291911 6.210339 8.791911
v 6.356087 5.911148 8.856087
v 6.377756 5.600000 8.877756
v 6.356087 5.288853 8.856087
v 6.291911 4.989662 8.791911
v 6.187695 4.713928 8.687695
v 6.047444 4.472244 8.547444
v 5.876547 4.273899 8.376548
v 5.681573 4.126516 8.181574
v 5.470014 4.035757 7.970014
v 5.422864 7.164244 8.008709
v 5.589085 7.073484 8.257477
v 5.742275 6.926102 8.486742
v 5.876548 6.727757 8.687695
v 5.986742 6.486073 8.852612
v 6.068624 6.210339 8.975158
v 6.119046 5.911148 9.050620
v 6.136072 5.600000 9.076101
v 6.119046 5.288853 9.050620
v 6.068624 4.989662 8.975158
v 5.986742 4.713928 8.852612
v 5.876548 4.472244 8.687695
v 5.742275 4.273899 8.486742
v 5.589085 4.126516 8.257477
v 5.422864 4.035757 8.008709
v 5.369071 7.164244 8.037462
v 5.483566 7.073484 8.313878
v 5.589085 6.926102 8.568624
v 5.681573 6.727757 8.791911
v 5.757477 6.486073 8.975158
v 5.813878 6.210339 9.111322
v 5.848609 5.911148 9.195171
v 5.860336 5.600000 9.223484
v 5.848609 5.288853 9.195171
v 5.813878 4.989662 9.111322
v 5.757477 4.713928 8.975158
v 5.681573 4.472244 8.791911
v 5.589085 4.273899 8.568624
v 5.483566 4.126516 8.313878
v 5.369071 4.035757 8.037462
v 5.310702 7.164244 8.055168
v 5.369071 7.073484 8.348610
v 5.422864 6.926102 8.619046
v 5.470014 6.727757 8.856087
v 5.508709 6.486073 9.050620
v 5.537463 6.210339 9.195171
v 5.555168 5.911148 9.284186
v 5.561147 5.600000 9.314242
v 5.555168 5.288853 9.284186
v 5.537463 4.989662 9.195171
v 5.508709 4.713928 9.050620
v 5.470014 4.472244 8.856087
v 5.422864 4.273899 8.619046
v 5.369071 4.126516 8.348610
v 5.310702 4.035757 8.055168
v 5.250000 7.164244 8.061147
v 5.250000 7.073484 8.360337
v 5.250000 6.926102 8.636072
v 5.250000 6.727757 8.877756
v 5.250000 6.486073 9.076100
v 5.250000 6.210339 9.223484
v 5.250000 5.911148 9.314242
v 5.250000 5.600000 9.344887
v 5.250000 5.288853 9.314242
v 5.250000 4.989662 9.223484
v 5.250000 4.713928 9.076100
v 5.250000 4.472244 8.877756
v 5.250000 4.273899 8.636072
v 5.250000 4.126516 8.360337
v 5.250000 4.035757 8.061147
v 5.189298 7.164244 8.055168
v 5.130929 7.073484 8.348610
v 5.077136 6.926102 8.619046
v 5.029985 6.727757 8.856087
v 4.991291 6.486073 9.050620
v 4.962538 6.210339 9.195171
v 4.944831 5.911148 9.284185
v 4.938852 5.600000 9.314241
v 4.944831 5.288853 9.284185
v 4.962538 4.989662 9.195171
v 4.991291 4.713928 9.050620
v 5.029985 4.472244 8.856087
v 5.077136 4.273899 8.619046
v 5.130929 4.126516 8.348610
v 5.189298 4.035757 8.055168
v 5.130929 7.164244 8.037462
v 5.016434 7.073484 8.313878
v 4.910915 6.926102 8.568624
v 4.818427 6.727757 8.791911
v 4.742523 6.486073 8.975157
v 4.686122 6.210339 9.111322
v 4.651390 5.911148 9.195171
v 4.639663 5.600000 9.223483
v 4.651390 5.288853 9.195171
v 4.686122 4.989662 9.111322
v 4.742523 4.713928 8.975157
v 4.818427 4.472244 8.791911
v 4.910915 4.273899 8.568624
v 5.016434 4.126516 8.313878
v 5.130929 4.035757 8.037462
v 5.077136 7.164244 8.008709
v 4.910915 7.073484 8.257477
v 4.757725 6.926102 8.486742
v 4.623452 6.727757 8.687695
v 4.513258 6.486073 8.852612
v 4.431376 6.210339 8.975158
v 4.380953 5.911148 9.050620
v 4.363928 5.600000 9.076099
v 4.380953 5.288853 9.050620
v 4.431376 4.989662 8.975158
v 4.513258 4.713928 8.852612
v 4.623452 4.472244 8.687695
v 4.757725 4.273899 8.486742
v 4.910915 4.126516 8.257477
v 5.077136 4.035757 8.008709
v 5.029986 7.164244 7.970014
v 4.818427 7.073484 8.181574
v 4.623452 6.926102 8.376547
v 4.452556 6.727757 8.547444
v 4.312305 6.486073 8.687695
v 4.208089 6.210339 8.791910
v 4.143913 5.911148 8.856087
v 4.122244 5.600000 8.877755
v 4.143913 5.288853 8.856087
v 4.208089 4.989662 8.791910
v 4.312305 4.713928 8.687695
v 4.452556 4.472244 8.547444
v 4.623452 4.273899 8.376547
v 4.818427 4.126516 8.181574
v 5.029986 4.035757 7.970014
v 5.250000 4.005112 7.750000
v 4.991291 7.164244 7.922864
v 4.742523 7.073484 8.089085
v 4.513258 6.926102 8.242275
v 4.312305 6.727757 8.376548
v 4.147388 6.486073 8.486742
v 4.024843 6.210339 8.568624
v 3.949380 5.911148 8.619046
v 3.923900 5.600000 8.636071
v 3.949380 5.288853 8.619046
v 4.024843 4.989662 8.568624
v 4.147388 4.713928 8.486742
v 4.312305 4.472244 8.376548
v 4.513258 4.273899 8.242275
v 4.742523 4.126516 8.089085
v 4.991291 4.035757 7.922864
v 4.962538 7.164244 7.869071
v 4.686122 7.073484 7.983566
v 4.431376 6.926102 8.089085
v 4.208089 6.727757 8.181574
v 4.024843 6.486073 8.257477
v 3.888678 6.210339 8.313878
v 3.804828 5.911148 8.348609
v 3.776516 5.600000 8.360336
v 3.804828 5.288853 8.348609
v 3.888678 4.989662 8.313878
v 4.024843 4.713928 8.257477
v 4.208089 4.472244 8.181574
v 4.431376 4.273899 8.089085
v 4.686122 4.126516 7.983566
v 4.962538 4.035757 7.869071
v 4.944832 7.164244 7.810702
v 4.651391 7.073484 7.869071
v 4.380954 6.926102 7.922864
v 4.143913 6.727757 7.970014
v 3.949380 6.486073 8.008709
v 3.804829 6.210339 8.037462
v 3.715814 5.911148 8.055168
v 3.685758 5.600000 8.061147
v 3.715814 5.288853 8.055168
v 3.804829 4.989662 8.037462
v 3.949380 4.713928 8.008709
v 4.143913 4.472244 7.970014
v 4.380954 4.273899 7.922864
v 4.651391 4.126516 7.869071
v 4.944832 4.035757 7.810702
v 4.938853 7.164244 7.750000
v 4.639663 7.073484 7.750000
v 4.363928 6.926102 7.750000
v 4.122244 6.727757 7.750000
v 3.923900 6.486073 7.750000
v 3.776516 6.210339 7.750000
v 3.685758 5.911148 7.750000
v 3.655113 5.600000 7.750000
v 3.685758 5.288853 7.750000
v 3.776516 4.989662 7.750000
v 3.923900 4.713928 7.750000
v 4.122244 4.472244 7.750000
v 4.363928 4.273899 7.750000
v 4.639663 4.126516 7.750000
v 4.938853 4.035757 7.750000
v 4.944832 7.164244 7.689298
v 4.651391 7.073484 7.630929
v 4.380954 6.926102 7.577136
v 4.143913 6.727757 7.529985
v 3.949380 6.486073 7.491291
v 3.804829 6.210339 7.462537
v 3.715814 5.911148 7.444831
v 3.685759 5.600000 7.438852
v 3.715814 5.288853 7.444831
v 3.804829 4.989662 7.462537
v 3.949380 4.713928 7.491291
v 4.143913 4.472244 7.529985
v 4.380954 4.273899 7.577136
v 4.651391 4.126516 7.630929
v 4.944832 4.035757 7.689298
v 4.962538 7.164244 7.630929
v 4.686122 7.073484 7.516434
v 4.431376 6.926102 7.410915
v 4.208089 6.727757 7.318427
v 4.024843 6.486073 7.242523
v 3.888678 6.210339 7.186122
v 3.804829 5.911148 7.151390
v 3.776517 5.600000 7.139663
v 3.804829 5.288853 7.151390
v 3.888678 4.989662 7.186122
v 4.024843 4.713928 7.242523
v 4.208089 4.472244 7.318427
v 4.431376 4.273899 7.410915
v 4.686122 4.126516 7.516434
v 4.962538 4.035757 7.630929
v 4.991291 7.164244 7.577136
v 4.742523 7.073484 7.410915
v 4.513258 6.926102 7.257725
v 4.312305 6.727757 7.123452
v 4.147388 6.486073 7.013258
v 4.024843 6.210339 6.931376
v 3.949380 5.911148 6.880953
v 3.923901 5.600000 6.863928
v 3.949380 5.288853 6.880953
v 4.024843 4.989662 6.931376
v 4.147388 4.713928 7.013258
v 4.312305 4.472244 7.123452
v 4.513258 4.273899 7.257725
v 4.742523 4.126516 7.410915
v 4.991291 4.035757 7.577136
v 5.029986 7.164244 7.529986
v 4.818427 7.073484 7.318427
v 4.623453 6.926102 7.123453
v 4.452556 6.727757 6.952556
v 4.312306 6.486073 6.812305
v 4.208089 6.210339 6.708089
v 4.143914 5.911148 6.643913
v 4.122245 5.600000 6.622244
v 4.143914 5.288853 6.643913
v 4.208089 4.989662 6.708089
v 4.312306 4.713928 6.812305
v 4.452556 4.472244 6.952556
v 4.623453 4.273899 7.123453
v 4.818427 4.126516 7.318427
v 5.029986 4.035757 7.529986
v 5.077136 7.164244 7.491291
v 4.910915 7.073484 7.242523
v 4.757725 6.926102 7.013258
v 4.623452 6.727757 6.812305
v 4.513258 6.486073 6.647388
v 4.431376 6.210339 6.524843
v 4.380954 5.911148 6.449380
v 4.363929 5.600000 6.423900
v 4.380954 5.288853 6.449380
v 4.431376 4.989662 6.524843
v 4.513258 4.713928 6.647388
v 4.623452 4.472244 6.812305
v 4.757725 4.273899 7.013258
v 4.910915 4.126516 7.242523
v 5.077136 4.035757 7.491291
v 5.130929 7.164244 7.462538
v 5.016434 7.073484 7.186122
v 4.910915 6.926102 6.931376
v 4.818427 6.727757 6.708089
v 4.742524 6.486073 6.524843
v 4.686122 6.210339 6.388679
v 4.651391 5.911148 6.304829
v 4.639664 5.600000 6.276517
v 4.651391 5.288853 6.304829
v 4.686122 4.989662 6.388679
v 4.742524 4.713928 6.524843
v 4.818427 4.472244 6.708089
v 4.910915 4.273899 6.931376
v 5.016434 4.126516 7.186122
v 5.130929 4.035757 7.462538
v 5.189298 7.164244 7.444832
v 5.130929 7.073484 7.151391
v 5.077137 6.926102 6.880954
v 5.029986 6.727757 6.643913
v 4.991291 6.486073 6.449380
v 4.962538 6.210339 6.304829
v 4.944832 5.911148 6.215815
v 4.938854 5.600000 6.185759
v 4.944832 5.288853 6.215815
v 4.962538 4.989662 6.304829
v 4.991291 4.713928 6.449380
v 5.029986 4.472244 6.643913
v 5.077137 4.273899 6.880954
v 5.130929 4.126516 7.151391
v 5.189298 4.035757 7.444832
v 5.250000 7.164244 7.438853
v 5.250000 7.073484 7.139663
v 5.250000 6.727757 6.622244
v 5.250000 6.210339 6.276516
v 5.250000 4.989662 6.276516
v 5.250000 4.472244 6.622244
v 5.250000 4.273899 6.863929
v 5.250000 4.126516 7.139663
v 5.250000 4.035757 7.438853
v 21.000000 9.485569 1.907148
v 21.000000 8.942852 1.364431
v 21.000000 8.233759 1.070715
v 21.000000 7.850000 1.032918
v 21.000000 7.466242 1.070715
v 21.000000 6.757149 1.364431
v 21.074867 9.779285 2.623615
v 21.146858 9.667347 2.261695
v 21.213205 9.485569 1.928147
v 21.271358 9.240938 1.635790
v 21.319084 8.942852 1.395858
v 21.354548 8.602770 1.217573
v 21.376385 8.233759 1.107786
v 21.383759 7.850000 1.070715
v 21.376385 7.466242 1.107786
v 21.354548 7.097231 1.217573
v 21.319084 6.757149 1.395858
v 21.271358 6.459063 1.635790
v 21.213205 6.214432 1.928147
v 21.146858 6.032654 2.261695
v 21.074867 5.920715 2.623615
v 21.146858 9.779285 2.645453
v 21.288073 9.667347 2.304532
v 21.418217 9.485569 1.990336
v 21.532288 9.240938 1.714942
v 21.625904 8.942852 1.488932
v 21.695469 8.602770 1.320991
v 21.738306 8.233759 1.217573
v 21.752769 7.850000 1.182654
v 21.738306 7.466242 1.217573
v 21.695469 7.097231 1.320991
v 21.625904 6.757149 1.488932
v 21.532288 6.459063 1.714942
v 21.418217 6.214432 1.990336
v 21.288073 6.032654 2.304532
v 21.146858 5.920715 2.645453
v 21.213205 9.779285 2.680916
v 21.418217 9.667347 2.374095
v 21.607157 9.485569 2.091327
v 21.772762 9.240938 1.843478
v 21.908672 8.942852 1.640075
v 22.009663 8.602770 1.488932
v 22.071854 8.233759 1.395858
v 22.092852 7.850000 1.364432
v 22.071854 7.466242 1.395858
v 22.009663 7.097231 1.488932
v 21.908672 6.757149 1.640075
v 21.772762 6.459063 1.843478
v 21.607157 6.214432 2.091327
v 21.418217 6.032654 2.374095
v 21.213205 5.920715 2.680916
v 21.271358 9.779285 2.728642
v 21.532288 9.667347 2.467711
v 21.772762 9.485569 2.227237
v 21.983541 9.240938 2.016459
v 22.156521 8.942852 1.843479
v 22.285057 8.602770 1.714942
v 22.364210 8.233759 1.635790
v 22.390938 7.850000 1.609064
v 22.364210 7.466242 1.635790
v 22.285057 7.097231 1.714942
v 22.156521 6.757149 1.843479
v 21.983541 6.459063 2.016459
v 21.772762 6.214432 2.227237
v 21.532288 6.032654 2.467711
v 21.271358 5.920715 2.728642
v 21.319084 9.779285 2.786795
v 21.625904 9.667347 2.581784
v 21.908672 9.485569 2.392844
v 22.156521 9.240938 2.227237
v 22.359926 8.942852 2.091327
v 22.511068 8.602770 1.990336
v 22.604141 8.233759 1.928147
v 22.635569 7.850000 1.907148
v 22.604141 7.466242 1.928147
v 22.511068 7.097231 1.990336
v 22.359926 6.757149 2.091327
v 22.156521 6.459063 2.227237
v 21.908672 6.214432 2.392844
v 21.625904 6.032654 2.581784
v 21.319084 5.920715 2.786795
v 21.000000 9.817082 3.000000
v 21.354548 9.779285 2.853142
v 21.695469 9.667347 2.711928
v 22.009663 9.485569 2.581784
v 22.285057 9.240938 2.467711
v 22.511068 8.942852 2.374095
v 22.679008 8.602770 2.304532
v 22.782427 8.233759 2.261695
v 22.817347 7.850000 2.247231
v 22.782427 7.466242 2.261695
v 22.679008 7.097231 2.304532
v 22.511068 6.757149 2.374095
v 22.285057 6.459063 2.467711
v 22.009663 6.214432 2.581784
v 21.695469 6.032654 2.711928
v 21.354548 5.920715 2.853142
v 21.376385 9.779285 2.925133
v 21.738306 9.667347 2.853142
v 22.071854 9.485569 2.786795
v 22.364210 9.240938 2.728642
v 22.604141 8.942852 2.680917
v 22.782427 8.602770 2.645453
v 22.892214 8.233759 2.623616
v 22.929285 7.850000 2.616242
v 22.892214 7.466242 2.623616
v 22.782427 7.097231 2.645453
v 22.604141 6.757149 2.680917
v 22.364210 6.459063 2.728642
v 22.071854 6.214432 2.786795
v 21.738306 6.032654 2.853142
v 21.376385 5.920715 2.925133
v 21.383759 9.779285 3.000000
v 21.752769 9.667347 3.000000
v 22.092852 9.485569 3.000000
v 22.390936 9.240938 3.000000
v 22.635569 8.942852 3.000000
v 22.817347 8.602770 3.000000
v 22.929285 8.233759 3.000000
v 22.967081 7.850000 3.000000
v 22.929285 7.466242 3.000000
v 22.817347 7.097231 3.000000
v 22.635569 6.757149 3.000000
v 22.390936 6.459063 3.000000
v 22.092852 6.214432 3.000000
v 21.752769 6.032654 3.000000
v 21.383759 5.920715 3.000000
v 21.376385 9.779285 3.074867
v 21.738306 9.667347 3.146858
v 22.071854 9.485569 3.213205
v 22.364210 9.240938 3.271358
v 22.604141 8.942852 3.319084
v 22.782427 8.602770 3.354547
v 22.892214 8.233759 3.376385
v 22.929283 7.850000 3.383759
v 22.892214 7.466242 3.376385
v 22.782427 7.097231 3.354547
v 22.604141 6.757149 3.319084
v 22.364210 6.459063 3.271358
v 22.071854 6.214432 3.213205
v 21.738306 6.032654 3.146858
v 21.376385 5.920715 3.074867
v 21.354548 9.779285 3.146858
v 21.695469 9.667347 3.288073
v 22.009663 9.485569 3.418216
v 22.285057 9.240938 3.532288
v 22.511068 8.942852 3.625905
v 22.679008 8.602770 3.695468
v 22.782427 8.233759 3.738305
v 22.817347 7.850000 3.752770
v 22.782427 7.466242 3.738305
v 22.679008 7.097231 3.695468
v 22.511068 6.757149 3.625905
v 22.285057 6.459063 3.532288
v 22.009663 6.214432 3.418216
v 21.695469 6.032654 3.288073
v 21.354548 5.920715 3.146858
v 21.319084 9.779285 3.213205
v 21.625904 9.667347 3.418216
v 21.908672 9.485569 3.607156
v 22.156521 9.240938 3.772763
v 22.359924 8.942852 3.908673
v 22.511068 8.602770 4.009664
v 22.604141 8.233759 4.071853
v 22.635569 7.850000 4.092852
v 22.604141 7.466242 4.071853
v 22.511068 7.097231 4.009664
v 22.359924 6.757149 3.908673
v 22.156521 6.459063 3.772763
v 21.908672 6.214432 3.607156
v 21.625904 6.032654 3.418216
v 21.319084 5.920715 3.213205
v 21.271358 9.779285 3.271358
v 21.532288 9.667347 3.532289
v 21.772762 9.485569 3.772763
v 21.983541 9.240938 3.983541
v 22.156521 8.942852 4.156521
v 22.285057 8.602770 4.285058
v 22.364210 8.233759 4.364210
v 22.390936 7.850000 4.390937
v 22.364210 7.466242 4.364210
v 22.285057 7.097231 4.285058
v 22.156521 6.757149 4.156521
v 21.983541 6.459063 3.983541
v 21.772762 6.214432 3.772763
v 21.532288 6.032654 3.532289
v 21.271358 5.920715 3.271358
v 21.213205 9.779285 3.319083
v 21.418217 9.667347 3.625905
v 21.607155 9.485569 3.908673
v 21.772762 9.240938 4.156522
v 21.908672 8.942852 4.359925
v 22.009663 8.602770 4.511068
v 22.071854 8.233759 4.604141
v 22.092852 7.850000 4.635568
v 22.071854 7.466242 4.604141
v 22.009663 7.097231 4.511068
v 21.908672 6.757149 4.359925
v 21.772762 6.459063 4.156522
v 21.607155 6.214432 3.908673
v 21.418217 6.032654 3.625905
v 21.213205 5.920715 3.319083
v 21.146858 9.779285 3.354547
v 21.288073 9.667347 3.695468
v 21.418217 9.485569 4.009664
v 21.532288 9.240938 4.285058
v 21.625904 8.942852 4.511068
v 21.695469 8.602770 4.679009
v 21.738304 8.233759 4.782426
v 21.752769 7.850000 4.817346
v 21.738304 7.466242 4.782426
v 21.695469 7.097231 4.679009
v 21.625904 6.757149 4.511068
v 21.532288 6.459063 4.285058
v 21.418217 6.214432 4.009664
v 21.288073 6.032654 3.695468
v 21.146858 5.920715 3.354547
v 21.074867 9.779285 3.376384
v 21.146858 9.667347 3.738305
v 21.213205 9.485569 4.071853
v 21.271358 9.240938 4.364210
v 21.319084 8.942852 4.604141
v 21.354548 8.602770 4.782426
v 21.376385 8.233759 4.892214
v 21.383759 7.850000 4.929284
v 21.376385 7.466242 4.892214
v 21.354548 7.097231 4.782426
v 21.319084 6.757149 4.604141
v 21.271358 6.459063 4.364210
v 21.213205 6.214432 4.071853
v 21.146858 6.032654 3.738305
v 21.074867 5.920715 3.376384
v 21.000000 9.779285 3.383758
v 21.000000 9.667347 3.752769
v 21.000000 9.485569 4.092852
v 21.000000 9.240938 4.390937
v 21.000000 8.942852 4.635568
v 21.000000 8.602770 4.817346
v 21.000000 8.233759 4.929284
v 21.000000 7.850000 4.967081
v 21.000000 7.466242 4.929284
v 21.000000 7.097231 4.817346
v 21.000000 6.757149 4.635568
v 21.000000 6.459063 4.390937
v 21.000000 6.214432 4.092852
v 21.000000 6.032654 3.752769
v 21.000000 5.920715 3.383758
v 20.925133 9.779285 3.376384
v 20.853142 9.667347 3.738305
v 20.786795 9.485569 4.071853
v 20.728642 9.240938 4.364210
v 20.680916 8.942852 4.604141
v 20.645452 8.602770 4.782426
v 20.623615 8.233759 4.892213
v 20.616241 7.850000 4.929283
v 20.623615 7.466242 4.892213
v 20.645452 7.097231 4.782426
v 20.680916 6.757149 4.604141
v 20.728642 6.459063 4.364210
v 20.786795 6.214432 4.071853
v 20.853142 6.032654 3.738305
v 20.925133 5.920715 3.376384
v 20.853142 9.779285 3.354547
v 20.711927 9.667347 3.695468
v 20.581783 9.485569 4.009663
v 20.467712 9.240938 4.285058
v 20.374096 8.942852 4.511068
v 20.304531 8.602770 4.679009
v 20.261694 8.233759 4.782426
v 20.247231 7.850000 4.817345
v 20.261694 7.466242 4.782426
v 20.304531 7.097231 4.679009
v 20.374096 6.757149 4.511068
v 20.467712 6.459063 4.285058
v 20.581783 6.214432 4.009663
v 20.711927 6.032654 3.695468
v 20.853142 5.920715 3.354547
v 20.786795 9.779285 3.319083
v 20.581783 9.667347 3.625905
v 20.392843 9.485569 3.908673
v 20.227238 9.240938 4.156521
v 20.091328 8.942852 4.359925
v 19.990337 8.602770 4.511068
v 19.928146 8.233759 4.604141
v 19.907148 7.850000 4.635567
v 19.928146 7.466242 4.604141
v 19.990337 7.097231 4.511068
v 20.091328 6.757149 4.359925
v 20.227238 6.459063 4.156521
v 20.392843 6.214432 3.908673
v 20.581783 6.032654 3.625905
v 20.786795 5.920715 3.319083
v 20.728642 9.779285 3.271358
v 20.467712 9.667347 3.532288
v 20.227238 9.485569 3.772762
v 20.016459 9.240938 3.983541
v 19.843479 8.942852 4.156521
v 19.714943 8.602770 4.285058
v 19.635790 8.233759 4.364210
v 19.609064 7.850000 4.390935
v 19.635790 7.466242 4.364210
v 19.714943 7.097231 4.285058
v 19.843479 6.757149 4.156521
v 20.016459 6.459063 3.983541
v 20.227238 6.214432 3.772762
v 20.467712 6.032654 3.532288
v 20.728642 5.920715 3.271358
v 21.000000 5.882919 3.000000
v 20.680916 9.779285 3.213205
v 20.374096 9.667347 3.418216
v 20.091328 9.485569 3.607155
v 19.843479 9.240938 3.772763
v 19.640076 8.942852 3.908673
v 19.488932 8.602770 4.009664
v 19.395859 8.233759 4.071853
v 19.364431 7.850000 4.092851
v 19.395859 7.466242 4.071853
v 19.488932 7.097231 4.009664
v 19.640076 6.757149 3.908673
v 19.843479 6.459063 3.772763
v 20.091328 6.214432 3.607155
v 20.374096 6.032654 3.418216
v 20.680916 5.920715 3.213205
v 20.645454 9.779285 3.146858
v 20.304531 9.667347 3.288072
v 19.990337 9.485569 3.418216
v 19.714943 9.240938 3.532288
v 19.488932 8.942852 3.625905
v 19.320992 8.602770 3.695468
v 19.217573 8.233759 3.738305
v 19.182655 7.850000 3.752768
v 19.217573 7.466242 3.738305
v 19.320992 7.097231 3.695468
v 19.488932 6.757149 3.625905
v 19.714943 6.459063 3.532288
v 19.990337 6.214432 3.418216
v 20.304531 6.032654 3.288072
v 20.645454 5.920715 3.146858
v 20.623615 9.779285 3.074867
v 20.261696 9.667347 3.146858
v 19.928148 9.485569 3.213204
v 19.635790 9.240938 3.271358
v 19.395859 8.942852 3.319083
v 19.217573 8.602770 3.354547
v 19.107786 8.233759 3.376384
v 19.070717 7.850000 3.383757
v 19.107786 7.466242 3.376384
v 19.217573 7.097231 3.354547
v 19.395859 6.757149 3.319083
v 19.635790 6.459063 3.271358
v 19.928148 6.214432 3.213204
v 20.261696 6.032654 3.146858
v 20.623615 5.920715 3.074867
v 20.616241 9.779285 3.000000
v 20.247231 9.667347 3.000000
v 19.907148 9.485569 3.000000
v 19.609064 9.240938 3.000000
v 19.364431 8.942852 3.000000
v 19.182653 8.602770 3.000000
v 19.070717 8.233759 3.000000
v 19.032921 7.850000 2.999999
v 19.070717 7.466242 3.000000
v 19.182653 7.097231 3.000000
v 19.364431 6.757149 3.000000
v 19.609064 6.459063 3.000000
v 19.907148 6.214432 3.000000
v 20.247231 6.032654 3.000000
v 20.616241 5.920715 3.000000
v 20.623615 9.779285 2.925133
v 20.261696 9.667347 2.853142
v 19.928148 9.485569 2.786795
v 19.635790 9.240938 2.728642
v 19.395859 8.942852 2.680916
v 19.217573 8.602770 2.645453
v 19.107786 8.233759 2.623615
v 19.070717 7.850000 2.616241
v 19.107786 7.466242 2.623615
v 19.217573 7.097231 2.645453
v 19.395859 6.757149 2.680916
v 19.635790 6.459063 2.728642
v 19.928148 6.214432 2.786795
v 20.261696 6.032654 2.853142
v 20.623615 5.920715 2.925133
v 20.645454 9.779285 2.853142
v 20.304531 9.667347 2.711928
v 19.990337 9.485569 2.581784
v 19.714943 9.240938 2.467712
v 19.488934 8.942852 2.374095
v 19.320992 8.602770 2.304532
v 19.217575 8.233759 2.261694
v 19.182655 7.850000 2.247230
v 19.217575 7.466242 2.261694
v 19.320992 7.097231 2.304532
v 19.488934 6.757149 2.374095
v 19.714943 6.459063 2.467712
v 19.990337 6.214432 2.581784
v 20.304531 6.032654 2.711928
v 20.645454 5.920715 2.853142
v 20.680916 9.779285 2.786795
v 20.374096 9.667347 2.581784
v 20.091328 9.485569 2.392844
v 19.843479 9.240938 2.227237
v 19.640076 8.942852 2.091327
v 19.488932 8.602770 1.990337
v 19.395859 8.233759 1.928147
v 19.364433 7.850000 1.907148
v 19.395859 7.466242 1.928147
v 19.488932 7.097231 1.990337
v 19.640076 6.757149 2.091327
v 19.843479 6.459063 2.227237
v 20.091328 6.214432 2.392844
v 20.374096 6.032654 2.581784
v 20.680916 5.920715 2.786795
v 20.728642 9.779285 2.728642
v 20.467712 9.667347 2.467712
v 20.227238 9.485569 2.227237
v 20.016460 9.240938 2.016459
v 19.843479 8.942852 1.843479
v 19.714943 8.602770 1.714943
v 19.635790 8.233759 1.635790
v 19.609066 7.850000 1.609064
v 19.635790 7.466242 1.635790
v 19.714943 7.097231 1.714943
v 19.843479 6.757149 1.843479
v 20.016460 6.459063 2.016459
v 20.227238 6.214432 2.227237
v 20.467712 6.032654 2.467712
v 20.728642 5.920715 2.728642
v 20.786795 9.779285 2.680917
v 20.581783 9.667347 2.374095
v 20.392845 9.485569 2.091327
v 20.227238 9.240938 1.843479
v 20.091328 8.942852 1.640075
v 19.990337 8.602770 1.488932
v 19.928148 8.233759 1.395859
v 19.907150 7.850000 1.364433
v 19.928148 7.466242 1.395859
v 19.990337 7.097231 1.488932
v 20.091328 6.757149 1.640075
v 20.227238 6.459063 1.843479
v 20.392845 6.214432 2.091327
v 20.581783 6.032654 2.374095
v 20.786795 5.920715 2.680917
v 20.853142 9.779285 2.645454
v 20.711927 9.667347 2.304532
v 20.581785 9.485569 1.990337
v 20.467712 9.240938 1.714942
v 20.374096 8.942852 1.488932
v 20.304531 8.602770 1.320991
v 20.261696 8.233759 1.217574
v 20.247232 7.850000 1.182655
v 20.261696 7.466242 1.217574
v 20.304531 7.097231 1.320991
v 20.374096 6.757149 1.488932
v 20.467712 6.459063 1.714942
v 20.581785 6.214432 1.990337
v 20.711927 6.032654 2.304532
v 20.853142 5.920715 2.645454
v 20.925133 9.779285 2.623616
v 20.853142 9.667347 2.261695
v 20.786797 9.485569 1.928148
v 20.728642 9.240938 1.635790
v 20.680918 8.942852 1.395859
v 20.645454 8.602770 1.217574
v 20.623615 8.233759 1.107787
v 20.616243 7.850000 1.070717
v 20.623615 7.466242 1.107787
v 20.645454 7.097231 1.217574
v 20.680918 6.757149 1.395859
v 20.728642 6.459063 1.635790
v 20.786797 6.214432 1.928148
v 20.853142 6.032654 2.261695
v 20.925133 5.920715 2.623616
v 21.000000 9.779285 2.616242
v 21.000000 9.667347 2.247231
v 21.000000 9.240938 1.609064
v 21.000000 8.602770 1.182654
v 21.000000 7.097231 1.182654
v 21.000000 6.459063 1.609064
v 21.000000 6.214432 1.907149
v 21.000000 6.032654 2.247231
v 21.000000 5.920715 2.616242
v 1.250000 11.264058 -10.027799
v 1.250000 10.877799 -10.414058
v 1.250000 10.373127 -10.623099
v 1.250000 10.100000 -10.650000
v 1.250000 9.826874 -10.623099
v 1.250000 9.322203 -10.414058
v 1.303284 11.473100 -9.517879
v 1.354521 11.393432 -9.775462
v 1.401741 11.264058 -10.012854
v 1.443130 11.089950 -10.220928
v 1.477096 10.877799 -10.391690
v 1.502336 10.635757 -10.518579
v 1.517878 10.373127 -10.596716
v 1.523126 10.100000 -10.623099
v 1.517878 9.826874 -10.596716
v 1.502336 9.564243 -10.518579
v 1.477096 9.322203 -10.391690
v 1.443130 9.110050 -10.220928
v 1.401741 8.935944 -10.012854
v 1.354521 8.806570 -9.775462
v 1.303284 8.726900 -9.517879
v 1.354521 11.473100 -9.502336
v 1.455025 11.393432 -9.744975
v 1.547651 11.264058 -9.968592
v 1.628837 11.089950 -10.164594
v 1.695465 10.877799 -10.325449
v 1.744975 10.635757 -10.444975
v 1.775462 10.373127 -10.518579
v 1.785757 10.100000 -10.543431
v 1.775462 9.826874 -10.518579
v 1.744975 9.564243 -10.444975
v 1.695465 9.322203 -10.325449
v 1.628837 9.110050 -10.164594
v 1.547651 8.935944 -9.968592
v 1.455025 8.806570 -9.744975
v 1.354521 8.726900 -9.502336
v 1.401741 11.473100 -9.477097
v 1.547651 11.393432 -9.695465
v 1.682122 11.264058 -9.896715
v 1.799986 11.089950 -10.073112
v 1.896716 10.877799 -10.217878
v 1.968592 10.635757 -10.325449
v 2.012853 10.373127 -10.391690
v 2.027798 10.100000 -10.414057
v 2.012853 9.826874 -10.391690
v 1.968592 9.564243 -10.325449
v 1.896716 9.322203 -10.217878
v 1.799986 9.110050 -10.073112
v 1.682122 8.935944 -9.896715
v 1.547651 8.806570 -9.695465
v 1.401741 8.726900 -9.477097
v 1.443130 11.473100 -9.443130
v 1.628837 11.393432 -9.628838
v 1.799986 11.264058 -9.799986
v 1.950000 11.089950 -9.950000
v 2.073113 10.877799 -10.073112
v 2.164594 10.635757 -10.164594
v 2.220928 10.373127 -10.220928
v 2.239949 10.100000 -10.239949
v 2.220928 9.826874 -10.220928
v 2.164594 9.564243 -10.164594
v 2.073113 9.322203 -10.073112
v 1.950000 9.110050 -9.950000
v 1.799986 8.935944 -9.799986
v 1.628837 8.806570 -9.628838
v 1.443130 8.726900 -9.443130
v 1.477096 11.473100 -9.401741
v 1.695466 11.393432 -9.547650
v 1.896716 11.264058 -9.682121
v 2.073113 11.089950 -9.799987
v 2.217878 10.877799 -9.896715
v 2.325449 10.635757 -9.968592
v 2.391690 10.373127 -10.012853
v 2.414057 10.100000 -10.027798
v 2.391690 9.826874 -10.012853
v 2.325449 9.564243 -9.968592
v 2.217878 9.322203 -9.896715
v 2.073113 9.110050 -9.799987
v 1.896716 8.935944 -9.682121
v 1.695466 8.806570 -9.547650
v 1.477096 8.726900 -9.401741
v 1.250000 11.500000 -9.250000
v 1.502336 11.473100 -9.354521
v 1.744975 11.393432 -9.455026
v 1.968592 11.264058 -9.547650
v 2.164594 11.089950 -9.628838
v 2.325449 10.877799 -9.695465
v 2.444974 10.635757 -9.744975
v 2.518578 10.373127 -9.775462
v 2.543431 10.100000 -9.785756
v 2.518578 9.826874 -9.775462
v 2.444974 9.564243 -9.744975
v 2.325449 9.322203 -9.695465
v 2.164594 9.110050 -9.628838
v 1.968592 8.935944 -9.547650
v 1.744975 8.806570 -9.455026
v 1.502336 8.726900 -9.354521
v 1.517878 11.473100 -9.303285
v 1.775462 11.393432 -9.354521
v 2.012853 11.264058 -9.401741
v 2.220928 11.089950 -9.443130
v 2.391690 10.877799 -9.477097
v 2.518578 10.635757 -9.502336
v 2.596715 10.373127 -9.517879
v 2.623099 10.100000 -9.523127
v 2.596715 9.826874 -9.517879
v 2.518578 9.564243 -9.502336
v 2.391690 9.322203 -9.477097
v 2.220928 9.110050 -9.443130
v 2.012853 8.935944 -9.401741
v 1.775462 8.806570 -9.354521
v 1.517878 8.726900 -9.303285
v 1.523126 11.473100 -9.250000
v 1.785757 11.393432 -9.250000
v 2.027798 11.264058 -9.250000
v 2.239949 11.089950 -9.250000
v 2.414057 10.877799 -9.250000
v 2.543431 10.635757 -9.250000
v 2.623099 10.373127 -9.250000
v 2.650000 10.100000 -9.250000
v 2.623099 9.826874 -9.250000
v 2.543431 9.564243 -9.250000
v 2.414057 9.322203 -9.250000
v 2.239949 9.110050 -9.250000
v 2.027798 8.935944 -9.250000
v 1.785757 8.806570 -9.250000
v 1.523126 8.726900 -9.250000
v 1.517878 11.473100 -9.196715
v 1.775462 11.393432 -9.145479
v 2.012853 11.264058 -9.098259
v 2.220928 11.089950 -9.056870
v 2.391690 10.877799 -9.022903
v 2.518578 10.635757 -8.997664
v 2.596715 10.373127 -8.982121
v 2.623099 10.100000 -8.976873
v 2.596715 9.826874 -8.982121
v 2.518578 9.564243 -8.997664
v 2.391690 9.322203 -9.022903
v 2.220928 9.110050 -9.056870
v 2.012853 8.935944 -9.098259
v 1.775462 8.806570 -9.145479
v 1.517878 8.726900 -9.196715
v 1.502336 11.473100 -9.145479
v 1.744975 11.393432 -9.044974
v 1.968592 11.264058 -8.952350
v 2.164594 11.089950 -8.871162
v 2.325449 10.877799 -8.804535
v 2.444974 10.635757 -8.755026
v 2.518578 10.373127 -8.724538
v 2.543431 10.100000 -8.714243
v 2.518578 9.826874 -8.724538
v 2.444974 9.564243 -8.755026
v 2.325449 9.322203 -8.804535
v 2.164594 9.110050 -8.871162
v 1.968592 8.935944 -8.952350
v 1.744975 8.806570 -9.044974
v 1.502336 8.726900 -9.145479
v 1.477096 11.473100 -9.098259
v 1.695465 11.393432 -8.952350
v 1.896715 11.264058 -8.817879
v 2.073113 11.089950 -8.700014
v 2.217878 10.877799 -8.603285
v 2.325449 10.635757 -8.531408
v 2.391690 10.373127 -8.487147
v 2.414057 10.100000 -8.472201
v 2.391690 9.826874 -8.487147
v 2.325449 9.564243 -8.531408
v 2.217878 9.322203 -8.603285
v 2.073113 9.110050 -8.700014
v 1.896715 8.935944 -8.817879
v 1.695465 8.806570 -8.952350
v 1.477096 8.726900 -9.098259
v 1.443129 11.473100 -9.056870
v 1.628837 11.393432 -8.871162
v 1.799986 11.264058 -8.700014
v 1.950000 11.089950 -8.550000
v 2.073112 10.877799 -8.426888
v 2.164594 10.635757 -8.335406
v 2.220928 10.373127 -8.279072
v 2.239949 10.100000 -8.260051
v 2.220928 9.826874 -8.279072
v 2.164594 9.564243 -8.335406
v 2.073112 9.322203 -8.426888
v 1.950000 9.110050 -8.550000
v 1.799986 8.935944 -8.700014
v 1.628837 8.806570 -8.871162
v 1.443129 8.726900 -9.056870
v 1.401741 11.473100 -9.022903
v 1.547650 11.393432 -8.804535
v 1.682121 11.264058 -8.603285
v 1.799986 11.089950 -8.426888
v 1.896715 10.877799 -8.282122
v 1.968592 10.635757 -8.174551
v 2.012853 10.373127 -8.108310
v 2.027798 10.100000 -8.085943
v 2.012853 9.826874 -8.108310
v 1.968592 9.564243 -8.174551
v 1.896715 9.322203 -8.282122
v 1.799986 9.110050 -8.426888
v 1.682121 8.935944 -8.603285
v 1.547650 8.806570 -8.804535
v 1.401741 8.726900 -9.022903
v 1.354521 11.473100 -8.997664
v 1.455025 11.393432 -8.755025
v 1.547650 11.264058 -8.531408
v 1.628837 11.089950 -8.335406
v 1.695465 10.877799 -8.174551
v 1.744975 10.635757 -8.055025
v 1.775462 10.373127 -7.981422
v 1.785756 10.100000 -7.956569
v 1.775462 9.826874 -7.981422
v 1.744975 9.564243 -8.055025
v 1.695465 9.322203 -8.174551
v 1.628837 9.110050 -8.335406
v 1.547650 8.935944 -8.531408
v 1.455025 8.806570 -8.755025
v 1.354521 8.726900 -8.997664
v 1.303284 11.473100 -8.982121
v 1.354521 11.393432 -8.724538
v 1.401741 11.264058 -8.487147
v 1.443130 11.089950 -8.279072
v 1.477096 10.877799 -8.108310
v 1.502336 10.635757 -7.981422
v 1.517878 10.373127 -7.903285
v 1.523126 10.100000 -7.876902
v 1.517878 9.826874 -7.903285
v 1.502336 9.564243 -7.981422
v 1.477096 9.322203 -8.108310
v 1.443130 9.110050 -8.279072
v 1.401741 8.935944 -8.487147
v 1.354521 8.806570 -8.724538
v 1.303284 8.726900 -8.982121
v 1.250000 11.473100 -8.976873
v 1.250000 11.393432 -8.714243
v 1.250000 11.264058 -8.472202
v 1.250000 11.089950 -8.260051
v 1.250000 10.877799 -8.085943
v 1.250000 10.635757 -7.956569
v 1.250000 10.373127 -7.876901
v 1.250000 10.100000 -7.850001
v 1.250000 9.826874 -7.876901
v 1.250000 9.564243 -7.956569
v 1.250000 9.322203 -8.085943
v 1.250000 9.110050 -8.260051
v 1.250000 8.935944 -8.472202
v 1.250000 8.806570 -8.714243
v 1.250000 8.726900 -8.976873
v 1.196716 11.473100 -8.982121
v 1.145479 11.393432 -8.724538
v 1.098259 11.264058 -8.487147
v 1.056870 11.089950 -8.279073
v 1.022904 10.877799 -8.108310
v 0.997664 10.635757 -7.981422
v 0.982121 10.373127 -7.903285
v 0.976873 10.100000 -7.876902
v 0.982121 9.826874 -7.903285
v 0.997664 9.564243 -7.981422
v 1.022904 9.322203 -8.108310
v 1.056870 9.110050 -8.279073
v 1.098259 8.935944 -8.487147
v 1.145479 8.806570 -8.724538
v 1.196716 8.726900 -8.982121
v 1.145479 11.473100 -8.997664
v 1.044975 11.393432 -8.755026
v 0.952350 11.264058 -8.531408
v 0.871163 11.089950 -8.335406
v 0.804535 10.877799 -8.174552
v 0.755026 10.635757 -8.055026
v 0.724538 10.373127 -7.981422
v 0.714243 10.100000 -7.956570
v 0.724538 9.826874 -7.981422
v 0.755026 9.564243 -8.055026
v 0.804535 9.322203 -8.174552
v 0.871163 9.110050 -8.335406
v 0.952350 8.935944 -8.531408
v 1.044975 8.806570 -8.755026
v 1.145479 8.726900 -8.997664
v 1.098259 11.473100 -9.022903
v 0.952350 11.393432 -8.804535
v 0.817879 11.264058 -8.603285
v 0.700014 11.089950 -8.426888
v 0.603285 10.877799 -8.282122
v 0.531408 10.635757 -8.174551
v 0.487147 10.373127 -8.108311
v 0.472202 10.100000 -8.085943
v 0.487147 9.826874 -8.108311
v 0.531408 9.564243 -8.174551
v 0.603285 9.322203 -8.282122
v 0.700014 9.110050 -8.426888
v 0.817879 8.935944 -8.603285
v 0.952350 8.806570 -8.804535
v 1.098259 8.726900 -9.022903
v 1.056871 11.473100 -9.056870
v 0.871163 11.393432 -8.871162
v 0.700014 11.264058 -8.700014
v 0.550000 11.089950 -8.550000
v 0.426887 10.877799 -8.426888
v 0.335406 10.635757 -8.335406
v 0.279072 10.373127 -8.279073
v 0.260051 10.100000 -8.260052
v 0.279072 9.826874 -8.279073
v 0.335406 9.564243 -8.335406
v 0.426887 9.322203 -8.426888
v 0.550000 9.110050 -8.550000
v 0.700014 8.935944 -8.700014
v 0.871163 8.806570 -8.871162
v 1.056871 8.726900 -9.056870
v 1.250000 8.700001 -9.250000
v 1.022904 11.473100 -9.098259
v 0.804535 11.393432 -8.952350
v 0.603285 11.264058 -8.817879
v 0.426887 11.089950 -8.700014
v 0.282122 10.877799 -8.603285
v 0.174552 10.635757 -8.531408
v 0.108310 10.373127 -8.487147
v 0.085943 10.100000 -8.472203
v 0.108310 9.826874 -8.487147
v 0.174552 9.564243 -8.531408
v 0.282122 9.322203 -8.603285
v 0.426887 9.110050 -8.700014
v 0.603285 8.935944 -8.817879
v 0.804535 8.806570 -8.952350
v 1.022904 8.726900 -9.098259
v 0.997664 11.473100 -9.145479
v 0.755025 11.393432 -9.044975
v 0.531409 11.264058 -8.952350
v 0.335406 11.089950 -8.871162
v 0.174552 10.877799 -8.804535
v 0.055026 10.635757 -8.755026
v -0.018578 10.373127 -8.724538
v -0.043430 10.100000 -8.714244
v -0.018578 9.826874 -8.724538
v 0.055026 9.564243 -8.755026
v 0.174552 9.322203 -8.804535
v 0.335406 9.110050 -8.871162
v 0.531409 8.935944 -8.952350
v 0.755025 8.806570 -9.044975
v 0.997664 8.726900 -9.145479
v 0.982122 11.473100 -9.196715
v 0.724538 11.393432 -9.145479
v 0.487147 11.264058 -9.098259
v 0.279072 11.089950 -9.056870
v 0.108310 10.877799 -9.022904
v -0.018578 10.635757 -8.997664
v -0.096715 10.373127 -8.982122
v -0.123098 10.100000 -8.976874
v -0.096715 9.826874 -8.982122
v -0.018578 9.564243 -8.997664
v 0.108310 9.322203 -9.022904
v 0.279072 9.110050 -9.056870
v 0.487147 8.935944 -9.098259
v 0.724538 8.806570 -9.145479
v 0.982122 8.726900 -9.196715
v 0.976874 11.473100 -9.250000
v 0.714243 11.393432 -9.250000
v 0.472202 11.264058 -9.250000
v 0.260051 11.089950 -9.250000
v 0.085943 10.877799 -9.250000
v -0.043431 10.635757 -9.250000
v -0.123099 10.373127 -9.250000
v -0.149999 10.100000 -9.250001
v -0.123099 9.826874 -9.250000
v -0.043431 9.564243 -9.250000
v 0.085943 9.322203 -9.250000
v 0.260051 9.110050 -9.250000
v 0.472202 8.935944 -9.250000
v 0.714243 8.806570 -9.250000
v 0.976874 8.726900 -9.250000
v 0.982122 11.473100 -9.303285
v 0.724538 11.393432 -9.354521
v 0.487148 11.264058 -9.401741
v 0.279072 11.089950 -9.443130
v 0.108310 10.877799 -9.477097
v -0.018578 10.635757 -9.502336
v -0.096715 10.373127 -9.517879
v -0.123098 10.100000 -9.523127
v -0.096715 9.826874 -9.517879
v -0.018578 9.564243 -9.502336
v 0.108310 9.322203 -9.477097
v 0.279072 9.110050 -9.443130
v 0.487148 8.935944 -9.401741
v 0.724538 8.806570 -9.354521
v 0.982122 8.726900 -9.303285
v 0.997664 11.473100 -9.354521
v 0.755026 11.393432 -9.455026
v 0.531409 11.264058 -9.547650
v 0.335406 11.089950 -9.628838
v 0.174552 10.877799 -9.695465
v 0.055026 10.635757 -9.744974
v -0.018578 10.373127 -9.775462
v -0.043430 10.100000 -9.785757
v -0.018578 9.826874 -9.775462
v 0.055026 9.564243 -9.744974
v 0.174552 9.322203 -9.695465
v 0.335406 9.110050 -9.628838
v 0.531409 8.935944 -9.547650
v 0.755026 8.806570 -9.455026
v 0.997664 8.726900 -9.354521
v 1.022904 11.473100 -9.401741
v 0.804535 11.393432 -9.547650
v 0.603285 11.264058 -9.682121
v 0.426887 11.089950 -9.799986
v 0.282122 10.877799 -9.896715
v 0.174552 10.635757 -9.968592
v 0.108310 10.373127 -10.012853
v 0.085944 10.100000 -10.027798
v 0.108310 9.826874 -10.012853
v 0.174552 9.564243 -9.968592
v 0.282122 9.322203 -9.896715
v 0.426887 9.110050 -9.799986
v 0.603285 8.935944 -9.682121
v 0.804535 8.806570 -9.547650
v 1.022904 8.726900 -9.401741
v 1.056871 11.473100 -9.443130
v 0.871163 11.393432 -9.628838
v 0.700014 11.264058 -9.799986
v 0.550000 11.089950 -9.950000
v 0.426888 10.877799 -10.073112
v 0.335406 10.635757 -10.164594
v 0.279073 10.373127 -10.220927
v 0.260052 10.100000 -10.239949
v 0.279073 9.826874 -10.220927
v 0.335406 9.564243 -10.164594
v 0.426888 9.322203 -10.073112
v 0.550000 9.110050 -9.950000
v 0.700014 8.935944 -9.799986
v 0.871163 8.806570 -9.628838
v 1.056871 8.726900 -9.443130
v 1.098259 11.473100 -9.477097
v 0.952350 11.393432 -9.695465
v 0.817879 11.264058 -9.896715
v 0.700014 11.089950 -10.073112
v 0.603285 10.877799 -10.217878
v 0.531408 10.635757 -10.325448
v 0.487148 10.373127 -10.391690
v 0.472203 10.100000 -10.414057
v 0.487148 9.826874 -10.391690
v 0.531408 9.564243 -10.325448
v 0.603285 9.322203 -10.217878
v 0.700014 9.110050 -10.073112
v 0.817879 8.935944 -9.896715
v 0.952350 8.806570 -9.695465
v 1.098259 8.726900 -9.477097
v 1.145479 11.473100 -9.502336
v 1.044975 11.393432 -9.744974
v 0.952350 11.264058 -9.968592
v 0.871163 11.089950 -10.164594
v 0.804535 10.877799 -10.325448
v 0.755026 10.635757 -10.444974
v 0.724538 10.373127 -10.518578
v 0.714244 10.100000 -10.543430
v 0.724538 9.826874 -10.518578
v 0.755026 9.564243 -10.444974
v 0.804535 9.322203 -10.325448
v 0.871163 9.110050 -10.164594
v 0.952350 8.935944 -9.968592
v 1.044975 8.806570 -9.744974
v 1.145479 8.726900 -9.502336
v 1.196716 11.473100 -9.517879
v 1.145479 11.393432 -9.775462
v 1.098260 11.264058 -10.012853
v 1.056871 11.089950 -10.220927
v 1.022904 10.877799 -10.391689
v 0.997664 10.635757 -10.518578
v 0.982122 10.373127 -10.596715
v 0.976875 10.100000 -10.623097
v 0.982122 9.826874 -10.596715
v 0.997664 9.564243 -10.518578
v 1.022904 9.322203 -10.391689
v 1.056871 9.110050 -10.220927
v 1.098260 8.935944 -10.012853
v 1.145479 8.806570 -9.775462
v 1.196716 8.726900 -9.517879
v 1.250000 11.473100 -9.523127
v 1.250000 11.393432 -9.785756
v 1.250000 11.089950 -10.239949
v 1.250000 10.635757 -10.543430
v 1.250000 9.564243 -10.543430
v 1.250000 9.110050 -10.239949
v 1.250000 8.935944 -10.027798
v 1.250000 8.806570 -9.785756
v 1.250000 8.726900 -9.523127
v -2.500000 4.264057 -23.527798
v -2.500000 3.877798 -23.914057
v -2.500000 3.373127 -24.123100
v -2.500000 3.100000 -24.150000
v -2.500000 2.826874 -24.123100
v -2.500000 2.322203 -23.914057
v -2.446716 4.473101 -23.017878
v -2.395479 4.393431 -23.275463
v -2.348259 4.264057 -23.512854
v -2.306870 4.089951 -23.720928
v -2.272904 3.877798 -23.891691
v -2.247664 3.635757 -24.018578
v -2.232122 3.373127 -24.096716
v -2.226874 3.100000 -24.123100
v -2.232122 2.826874 -24.096716
v -2.247664 2.564243 -24.018578
v -2.272904 2.322203 -23.891691
v -2.306870 2.110050 -23.720928
v -2.348259 1.935944 -23.512854
v -2.395479 1.806570 -23.275463
v -2.446716 1.726900 -23.017878
v -2.395479 4.473101 -23.002337
v -2.294975 4.393431 -23.244974
v -2.202349 4.264057 -23.468592
v -2.121163 4.089951 -23.664595
v -2.054534 3.877798 -23.825449
v -2.005025 3.635757 -23.944975
v -1.974538 3.373127 -24.018578
v -1.964243 3.100000 -24.043430
v -1.974538 2.826874 -24.018578
v -2.005025 2.564243 -23.944975
v -2.054534 2.322203 -23.825449
v -2.121163 2.110050 -23.664595
v -2.202349 1.935944 -23.468592
v -2.294975 1.806570 -23.244974
v -2.395479 1.726900 -23.002337
v -2.348259 4.473101 -22.977097
v -2.202349 4.393431 -23.195465
v -2.067878 4.264057 -23.396715
v -1.950014 4.089951 -23.573112
v -1.853284 3.877798 -23.717878
v -1.781408 3.635757 -23.825449
v -1.737147 3.373127 -23.891691
v -1.722202 3.100000 -23.914057
v -1.737147 2.826874 -23.891691
v -1.781408 2.564243 -23.825449
v -1.853284 2.322203 -23.717878
v -1.950014 2.110050 -23.573112
v -2.067878 1.935944 -23.396715
v -2.202349 1.806570 -23.195465
v -2.348259 1.726900 -22.977097
v -2.306870 4.473101 -22.943129
v -2.121163 4.393431 -23.128838
v -1.950014 4.264057 -23.299986
v -1.800000 4.089951 -23.450001
v -1.676887 3.877798 -23.573112
v -1.585406 3.635757 -23.664595
v -1.529072 3.373127 -23.720928
v -1.510051 3.100000 -23.739948
v -1.529072 2.826874 -23.720928
v -1.585406 2.564243 -23.664595
v -1.676887 2.322203 -23.573112
v -1.800000 2.110050 -23.450001
v -1.950014 1.935944 -23.299986
v -2.121163 1.806570 -23.128838
v -2.306870 1.726900 -22.943129
v -2.272904 4.473101 -22.901741
v -2.054534 4.393431 -23.047651
v -1.853284 4.264057 -23.182121
v -1.676887 4.089951 -23.299986
v -1.532122 3.877798 -23.396715
v -1.424551 3.635757 -23.468592
v -1.358310 3.373127 -23.512854
v -1.335943 3.100000 -23.527798
v -1.358310 2.826874 -23.512854
v -1.424551 2.564243 -23.468592
v -1.532122 2.322203 -23.396715
v -1.676887 2.110050 -23.299986
v -1.853284 1.935944 -23.182121
v -2.054534 1.806570 -23.047651
v -2.272904 1.726900 -22.901741
v -2.500000 4.500000 -22.750000
v -2.247664 4.473101 -22.854521
v -2.005025 4.393431 -22.955025
v -1.781408 4.264057 -23.047651
v -1.585406 4.089951 -23.128838
v -1.424551 3.877798 -23.195465
v -1.305025 3.635757 -23.244974
v -1.231422 3.373127 -23.275463
v -1.206569 3.100000 -23.285757
v -1.231422 2.826874 -23.275463
v -1.305025 2.564243 -23.244974
v -1.424551 2.322203 -23.195465
v -1.585406 2.110050 -23.128838
v -1.781408 1.935944 -23.047651
v -2.005025 1.806570 -22.955025
v -2.247664 1.726900 -22.854521
v -2.232122 4.473101 -22.803284
v -1.974538 4.393431 -22.854521
v -1.737147 4.264057 -22.901741
v -1.529072 4.089951 -22.943130
v -1.358310 3.877798 -22.977097
v -1.231422 3.635757 -23.002337
v -1.153285 3.373127 -23.017878
v -1.126901 3.100000 -23.023127
v -1.153285 2.826874 -23.017878
v -1.231422 2.564243 -23.002337
v -1.358310 2.322203 -22.977097
v -1.529072 2.110050 -22.943130
v -1.737147 1.935944 -22.901741
v -1.974538 1.806570 -22.854521
v -2.232122 1.726900 -22.803284
v -2.226874 4.473101 -22.750000
v -1.964243 4.393431 -22.750000
v -1.722202 4.264057 -22.750000
v -1.510051 4.089951 -22.750000
v -1.335943 3.877798 -22.750000
v -1.206569 3.635757 -22.750000
v -1.126901 3.373127 -22.750000
v -1.100000 3.100000 -22.750000
v -1.126901 2.826874 -22.750000
v -1.206569 2.564243 -22.750000
v -1.335943 2.322203 -22.750000
v -1.510051 2.110050 -22.750000
v -1.722202 1.935944 -22.750000
v -1.964243 1.806570 -22.750000
v -2.226874 1.726900 -22.750000
v -2.232122 4.473101 -22.696716
v -1.974538 4.393431 -22.645479
v -1.737147 4.264057 -22.598259
v -1.529072 4.089951 -22.556871
v -1.358310 3.877798 -22.522903
v -1.231422 3.635757 -22.497663
v -1.153285 3.373127 -22.482122
v -1.126901 3.100000 -22.476873
v -1.153285 2.826874 -22.482122
v -1.231422 2.564243 -22.497663
v -1.358310 2.322203 -22.522903
v -1.529072 2.110050 -22.556871
v -1.737147 1.935944 -22.598259
v -1.974538 1.806570 -22.645479
v -2.232122 1.726900 -22.696716
v -2.247664 4.473101 -22.645479
v -2.005025 4.393431 -22.544975
v -1.781408 4.264057 -22.452349
v -1.585406 4.089951 -22.371162
v -1.424551 3.877798 -22.304535
v -1.305025 3.635757 -22.255026
v -1.231422 3.373127 -22.224537
v -1.206569 3.100000 -22.214243
v -1.231422 2.826874 -22.224537
v -1.305025 2.564243 -22.255026
v -1.424551 2.322203 -22.304535
v -1.585406 2.110050 -22.371162
v -1.781408 1.935944 -22.452349
v -2.005025 1.806570 -22.544975
v -2.247664 1.726900 -22.645479
v -2.272904 4.473101 -22.598259
v -2.054535 4.393431 -22.452349
v -1.853285 4.264057 -22.317879
v -1.676887 4.089951 -22.200014
v -1.532122 3.877798 -22.103285
v -1.424551 3.635757 -22.031408
v -1.358310 3.373127 -21.987146
v -1.335943 3.100000 -21.972202
v -1.358310 2.826874 -21.987146
v -1.424551 2.564243 -22.031408
v -1.532122 2.322203 -22.103285
v -1.676887 2.110050 -22.200014
v -1.853285 1.935944 -22.317879
v -2.054535 1.806570 -22.452349
v -2.272904 1.726900 -22.598259
v -2.306870 4.473101 -22.556871
v -2.121163 4.393431 -22.371162
v -1.950014 4.264057 -22.200014
v -1.800000 4.089951 -22.049999
v -1.676888 3.877798 -21.926888
v -1.585406 3.635757 -21.835405
v -1.529072 3.373127 -21.779072
v -1.510051 3.100000 -21.760050
v -1.529072 2.826874 -21.779072
v -1.585406 2.564243 -21.835405
v -1.676888 2.322203 -21.926888
v -1.800000 2.110050 -22.049999
v -1.950014 1.935944 -22.200014
v -2.121163 1.806570 -22.371162
v -2.306870 1.726900 -22.556871
v -2.348259 4.473101 -22.522903
v -2.202350 4.393431 -22.304535
v -2.067879 4.264057 -22.103285
v -1.950014 4.089951 -21.926888
v -1.853285 3.877798 -21.782122
v -1.781408 3.635757 -21.674551
v -1.737147 3.373127 -21.608311
v -1.722202 3.100000 -21.585943
v -1.737147 2.826874 -21.608311
v -1.781408 2.564243 -21.674551
v -1.853285 2.322203 -21.782122
v -1.950014 2.110050 -21.926888
v -2.067879 1.935944 -22.103285
v -2.202350 1.806570 -22.304535
v -2.348259 1.726900 -22.522903
v -2.395479 4.473101 -22.497663
v -2.294975 4.393431 -22.255026
v -2.202350 4.264057 -22.031408
v -2.121163 4.089951 -21.835405
v -2.054535 3.877798 -21.674551
v -2.005025 3.635757 -21.555025
v -1.974538 3.373127 -21.481422
v -1.964244 3.100000 -21.456570
v -1.974538 2.826874 -21.481422
v -2.005025 2.564243 -21.555025
v -2.054535 2.322203 -21.674551
v -2.121163 2.110050 -21.835405
v -2.202350 1.935944 -22.031408
v -2.294975 1.806570 -22.255026
v -2.395479 1.726900 -22.497663
v -2.446716 4.473101 -22.482122
v -2.395479 4.393431 -22.224537
v -2.348259 4.264057 -21.987146
v -2.306870 4.089951 -21.779072
v -2.272904 3.877798 -21.608311
v -2.247664 3.635757 -21.481422
v -2.232122 3.373127 -21.403284
v -2.226874 3.100000 -21.376902
v -2.232122 2.826874 -21.403284
v -2.247664 2.564243 -21.481422
v -2.272904 2.322203 -21.608311
v -2.306870 2.110050 -21.779072
v -2.348259 1.935944 -21.987146
v -2.395479 1.806570 -22.224537
v -2.446716 1.726900 -22.482122
v -2.500000 4.473101 -22.476873
v -2.500000 4.393431 -22.214243
v -2.500000 4.264057 -21.972202
v -2.500000 4.089951 -21.760050
v -2.500000 3.877798 -21.585943
v -2.500000 3.635757 -21.456570
v -2.500000 3.373127 -21.376902
v -2.500000 3.100000 -21.350000
v -2.500000 2.826874 -21.376902
v -2.500000 2.564243 -21.456570
v -2.500000 2.322203 -21.585943
v -2.500000 2.110050 -21.760050
v -2.500000 1.935944 -21.972202
v -2.500000 1.806570 -22.214243
v -2.500000 1.726900 -22.476873
v -2.553284 4.473101 -22.482122
v -2.604521 4.393431 -22.224537
v -2.651741 4.264057 -21.987146
v -2.693130 4.089951 -21.779072
v -2.727096 3.877798 -21.608311
v -2.752336 3.635757 -21.481422
v -2.767879 3.373127 -21.403284
v -2.773127 3.100000 -21.376902
v -2.767879 2.826874 -21.403284
v -2.752336 2.564243 -21.481422
v -2.727096 2.322203 -21.608311
v -2.693130 2.110050 -21.779072
v -2.651741 1.935944 -21.987146
v -2.604521 1.806570 -22.224537
v -2.553284 1.726900 -22.482122
v -2.604521 4.473101 -22.497663
v -2.705025 4.393431 -22.255026
v -2.797651 4.264057 -22.031408
v -2.878837 4.089951 -21.835405
v -2.945466 3.877798 -21.674551
v -2.994975 3.635757 -21.555025
v -3.025462 3.373127 -21.481422
v -3.035757 3.100000 -21.456570
v -3.025462 2.826874 -21.481422
v -2.994975 2.564243 -21.555025
v -2.945466 2.322203 -21.674551
v -2.878837 2.110050 -21.835405
v -2.797651 1.935944 -22.031408
v -2.705025 1.806570 -22.255026
v -2.604521 1.726900 -22.497663
v -2.651741 4.473101 -22.522903
v -2.797651 4.393431 -22.304535
v -2.932122 4.264057 -22.103285
v -3.049986 4.089951 -21.926888
v -3.146715 3.877798 -21.782122
v -3.218592 3.635757 -21.674551
v -3.262853 3.373127 -21.608311
v -3.277798 3.100000 -21.585943
v -3.262853 2.826874 -21.608311
v -3.218592 2.564243 -21.674551
v -3.146715 2.322203 -21.782122
v -3.049986 2.110050 -21.926888
v -2.932122 1.935944 -22.103285
v -2.797651 1.806570 -22.304535
v -2.651741 1.726900 -22.522903
v -2.693130 4.473101 -22.556871
v -2.878837 4.393431 -22.371162
v -3.049986 4.264057 -22.200014
v -3.200000 4.089951 -22.049999
v -3.323112 3.877798 -21.926888
v -3.414594 3.635757 -21.835405
v -3.470928 3.373127 -21.779072
v -3.489949 3.100000 -21.760052
v -3.470928 2.826874 -21.779072
v -3.414594 2.564243 -21.835405
v -3.323112 2.322203 -21.926888
v -3.200000 2.110050 -22.049999
v -3.049986 1.935944 -22.200014
v -2.878837 1.806570 -22.371162
v -2.693130 1.726900 -22.556871
v -2.500000 1.700001 -22.750000
v -2.727096 4.473101 -22.598259
v -2.945465 4.393431 -22.452349
v -3.146715 4.264057 -22.317879
v -3.323113 4.089951 -22.200014
v -3.467878 3.877798 -22.103285
v -3.575449 3.635757 -22.031408
v -3.641690 3.373127 -21.987148
v -3.664057 3.100000 -21.972202
v -3.641690 2.826874 -21.987148
v -3.575449 2.564243 -22.031408
v -3.467878 2.322203 -22.103285
v -3.323113 2.110050 -22.200014
v -3.146715 1.935944 -22.317879
v -2.945465 1.806570 -22.452349
v -2.727096 1.726900 -22.598259
v -2.752336 4.473101 -22.645479
v -2.994975 4.393431 -22.544975
v -3.218591 4.264057 -22.452351
v -3.414594 4.089951 -22.371162
v -3.575448 3.877798 -22.304535
v -3.694974 3.635757 -22.255026
v -3.768578 3.373127 -22.224539
v -3.793430 3.100000 -22.214245
v -3.768578 2.826874 -22.224539
v -3.694974 2.564243 -22.255026
v -3.575448 2.322203 -22.304535
v -3.414594 2.110050 -22.371162
v -3.218591 1.935944 -22.452351
v -2.994975 1.806570 -22.544975
v -2.752336 1.726900 -22.645479
v -2.767878 4.473101 -22.696716
v -3.025462 4.393431 -22.645479
v -3.262853 4.264057 -22.598259
v -3.470928 4.089951 -22.556871
v -3.641690 3.877798 -22.522903
v -3.768578 3.635757 -22.497663
v -3.846715 3.373127 -22.482122
v -3.873098 3.100000 -22.476875
v -3.846715 2.826874 -22.482122
v -3.768578 2.564243 -22.497663
v -3.641690 2.322203 -22.522903
v -3.470928 2.110050 -22.556871
v -3.262853 1.935944 -22.598259
v -3.025462 1.806570 -22.645479
v -2.767878 1.726900 -22.696716
v -2.773126 4.473101 -22.750000
v -3.035757 4.393431 -22.750000
v -3.277798 4.264057 -22.750000
v -3.489949 4.089951 -22.750000
v -3.664057 3.877798 -22.750000
v -3.793431 3.635757 -22.750000
v -3.873099 3.373127 -22.750000
v -3.899999 3.100000 -22.750000
v -3.873099 2.826874 -22.750000
v -3.793431 2.564243 -22.750000
v -3.664057 2.322203 -22.750000
v -3.489949 2.110050 -22.750000
v -3.277798 1.935944 -22.750000
v -3.035757 1.806570 -22.750000
v -2.773126 1.726900 -22.750000
v -2.767878 4.473101 -22.803284
v -3.025462 4.393431 -22.854521
v -3.262852 4.264057 -22.901741
v -3.470928 4.089951 -22.943130
v -3.641690 3.877798 -22.977097
v -3.768578 3.635757 -23.002337
v -3.846715 3.373127 -23.017879
v -3.873098 3.100000 -23.023127
v -3.846715 2.826874 -23.017879
v -3.768578 2.564243 -23.002337
v -3.641690 2.322203 -22.977097
v -3.470928 2.110050 -22.943130
v -3.262852 1.935944 -22.901741
v -3.025462 1.806570 -22.854521
v -2.767878 1.726900 -22.803284
v -2.752336 4.473101 -22.854521
v -2.994975 4.393431 -22.955025
v -3.218591 4.264057 -23.047651
v -3.414594 4.089951 -23.128838
v -3.575448 3.877798 -23.195465
v -3.694974 3.635757 -23.244974
v -3.768578 3.373127 -23.275463
v -3.793430 3.100000 -23.285757
v -3.768578 2.826874 -23.275463
v -3.694974 2.564243 -23.244974
v -3.575448 2.322203 -23.195465
v -3.414594 2.110050 -23.128838
v -3.218591 1.935944 -23.047651
v -2.994975 1.806570 -22.955025
v -2.752336 1.726900 -22.854521
v -2.727096 4.473101 -22.901741
v -2.945465 4.393431 -23.047651
v -3.146715 4.264057 -23.182121
v -3.323112 4.089951 -23.299986
v -3.467878 3.877798 -23.396715
v -3.575448 3.635757 -23.468592
v -3.641690 3.373127 -23.512854
v -3.664056 3.100000 -23.527798
v -3.641690 2.826874 -23.512854
v -3.575448 2.564243 -23.468592
v -3.467878 2.322203 -23.396715
v -3.323112 2.110050 -23.299986
v -3.146715 1.935944 -23.182121
v -2.945465 1.806570 -23.047651
v -2.727096 1.726900 -22.901741
v -2.693129 4.473101 -22.943129
v -2.878837 4.393431 -23.128838
v -3.049986 4.264057 -23.299986
v -3.200000 4.089951 -23.450001
v -3.323112 3.877798 -23.573112
v -3.414594 3.635757 -23.664593
v -3.470927 3.373127 -23.720928
v -3.489948 3.100000 -23.739948
v -3.470927 2.826874 -23.720928
v -3.414594 2.564243 -23.664593
v -3.323112 2.322203 -23.573112
v -3.200000 2.110050 -23.450001
v -3.049986 1.935944 -23.299986
v -2.878837 1.806570 -23.128838
v -2.693129 1.726900 -22.943129
v -2.651741 4.473101 -22.977097
v -2.797650 4.393431 -23.195465
v -2.932121 4.264057 -23.396715
v -3.049986 4.089951 -23.573112
v -3.146715 3.877798 -23.717878
v -3.218591 3.635757 -23.825449
v -3.262852 3.373127 -23.891689
v -3.277797 3.100000 -23.914057
v -3.262852 2.826874 -23.891689
v -3.218591 2.564243 -23.825449
v -3.146715 2.322203 -23.717878
v -3.049986 2.110050 -23.573112
v -2.932121 1.935944 -23.396715
v -2.797650 1.806570 -23.195465
v -2.651741 1.726900 -22.977097
v -2.604521 4.473101 -23.002337
v -2.705025 4.393431 -23.244974
v -2.797650 4.264057 -23.468592
v -2.878837 4.089951 -23.664595
v -2.945465 3.877798 -23.825449
v -2.994974 3.635757 -23.944975
v -3.025462 3.373127 -24.018578
v -3.035756 3.100000 -24.043430
v -3.025462 2.826874 -24.018578
v -2.994974 2.564243 -23.944975
v -2.945465 2.322203 -23.825449
v -2.878837 2.110050 -23.664595
v -2.797650 1.935944 -23.468592
v -2.705025 1.806570 -23.244974
v -2.604521 1.726900 -23.002337
v -2.553284 4.473101 -23.017878
v -2.604521 4.393431 -23.275461
v -2.651741 4.264057 -23.512852
v -2.693129 4.089951 -23.720928
v -2.727096 3.877798 -23.891689
v -2.752336 3.635757 -24.018578
v -2.767878 3.373127 -24.096714
v -2.773125 3.100000 -24.123098
v -2.767878 2.826874 -24.096714
v -2.752336 2.564243 -24.018578
v -2.727096 2.322203 -23.891689
v -2.693129 2.110050 -23.720928
v -2.651741 1.935944 -23.512852
v -2.604521 1.806570 -23.275461
v -2.553284 1.726900 -23.017878
v -2.500000 4.473101 -23.023127
v -2.500000 4.393431 -23.285757
v -2.500000 4.089951 -23.739948
v -2.500000 3.635757 -24.043430
v -2.500000 2.564243 -24.043430
v -2.500000 2.110050 -23.739948
v -2.500000 1.935944 -23.527798
v -2.500000 1.806570 -23.285757
v -2.500000 1.726900 -23.023127
v 5.750000 7.764057 -0.027798
v 5.750000 7.377798 -0.414057
v 5.750000 6.873127 -0.623099
v 5.750000 6.600000 -0.650000
v 5.750000 6.326874 -0.623099
v 5.750000 5.822203 -0.414057
v 5.803284 7.973101 0.482122
v 5.854521 7.893431 0.224538
v 5.901741 7.764057 -0.012853
v 5.943130 7.589951 -0.220928
v 5.977097 7.377798 -0.391690
v 6.002336 7.135757 -0.518578
v 6.017879 6.873127 -0.596716
v 6.023127 6.600000 -0.623099
v 6.017879 6.326874 -0.596716
v 6.002336 6.064243 -0.518578
v 5.977097 5.822203 -0.391690
v 5.943130 5.610050 -0.220928
v 5.901741 5.435944 -0.012853
v 5.854521 5.306570 0.224538
v 5.803284 5.226900 0.482122
v 5.854521 7.973101 0.497664
v 5.955025 7.893431 0.255025
v 6.047650 7.764057 0.031408
v 6.128837 7.589951 -0.164594
v 6.195466 7.377798 -0.325449
v 6.244975 7.135757 -0.444975
v 6.275462 6.873127 -0.518578
v 6.285757 6.600000 -0.543431
v 6.275462 6.326874 -0.518578
v 6.244975 6.064243 -0.444975
v 6.195466 5.822203 -0.325449
v 6.128837 5.610050 -0.164594
v 6.047650 5.435944 0.031408
v 5.955025 5.306570 0.255025
v 5.854521 5.226900 0.497664
v 5.901741 7.973101 0.522904
v 6.047650 7.893431 0.304534
v 6.182122 7.764057 0.103284
v 6.299986 7.589951 -0.073113
v 6.396716 7.377798 -0.217878
v 6.468592 7.135757 -0.325449
v 6.512853 6.873127 -0.391690
v 6.527798 6.600000 -0.414057
v 6.512853 6.326874 -0.391690
v 6.468592 6.064243 -0.325449
v 6.396716 5.822203 -0.217878
v 6.299986 5.610050 -0.073113
v 6.182122 5.435944 0.103284
v 6.047650 5.306570 0.304534
v 5.901741 5.226900 0.522904
v 5.943130 7.973101 0.556870
v 6.128837 7.893431 0.371163
v 6.299986 7.764057 0.200014
v 6.450000 7.589951 0.050000
v 6.573113 7.377798 -0.073113
v 6.664594 7.135757 -0.164594
v 6.720928 6.873127 -0.220928
v 6.739949 6.600000 -0.239949
v 6.720928 6.326874 -0.220928
v 6.664594 6.064243 -0.164594
v 6.573113 5.822203 -0.073113
v 6.450000 5.610050 0.050000
v 6.299986 5.435944 0.200014
v 6.128837 5.306570 0.371163
v 5.943130 5.226900 0.556870
v 5.977097 7.973101 0.598259
v 6.195466 7.893431 0.452350
v 6.396716 7.764057 0.317879
v 6.573113 7.589951 0.200014
v 6.717878 7.377798 0.103285
v 6.825449 7.135757 0.031408
v 6.891690 6.873127 -0.012853
v 6.914057 6.600000 -0.027798
v 6.891690 6.326874 -0.012853
v 6.825449 6.064243 0.031408
v 6.717878 5.822203 0.103285
v 6.573113 5.610050 0.200014
v 6.396716 5.435944 0.317879
v 6.195466 5.306570 0.452350
v 5.977097 5.226900 0.598259
v 5.750000 8.000000 0.750000
v 6.002336 7.973101 0.645479
v 6.244975 7.893431 0.544975
v 6.468592 7.764057 0.452350
v 6.664594 7.589951 0.371163
v 6.825449 7.377798 0.304535
v 6.944974 7.135757 0.255025
v 7.018579 6.873127 0.224538
v 7.043431 6.600000 0.214244
v 7.018579 6.326874 0.224538
v 6.944974 6.064243 0.255025
v 6.825449 5.822203 0.304535
v 6.664594 5.610050 0.371163
v 6.468592 5.435944 0.452350
v 6.244975 5.306570 0.544975
v 6.002336 5.226900 0.645479
v 6.017879 7.973101 0.696716
v 6.275462 7.893431 0.645479
v 6.512853 7.764057 0.598259
v 6.720928 7.589951 0.556870
v 6.891690 7.377798 0.522904
v 7.018579 7.135757 0.497664
v 7.096715 6.873127 0.482122
v 7.123099 6.600000 0.476874
v 7.096715 6.326874 0.482122
v 7.018579 6.064243 0.497664
v 6.891690 5.822203 0.522904
v 6.720928 5.610050 0.556870
v 6.512853 5.435944 0.598259
v 6.275462 5.306570 0.645479
v 6.017879 5.226900 0.696716
v 6.023127 7.973101 0.750000
v 6.285757 7.893431 0.750000
v 6.527798 7.764057 0.750000
v 6.739949 7.589951 0.750000
v 6.914057 7.377798 0.750000
v 7.043431 7.135757 0.750000
v 7.123099 6.873127 0.750000
v 7.150000 6.600000 0.750000
v 7.123099 6.326874 0.750000
v 7.043431 6.064243 0.750000
v 6.914057 5.822203 0.750000
v 6.739949 5.610050 0.750000
v 6.527798 5.435944 0.750000
v 6.285757 5.306570 0.750000
v 6.023127 5.226900 0.750000
v 6.017879 7.973101 0.803284
v 6.275462 7.893431 0.854521
v 6.512853 7.764057 0.901741
v 6.720928 7.589951 0.943130
v 6.891690 7.377798 0.977096
v 7.018579 7.135757 1.002336
v 7.096715 6.873127 1.017879
v 7.123099 6.600000 1.023127
v 7.096715 6.326874 1.017879
v 7.018579 6.064243 1.002336
v 6.891690 5.822203 0.977096
v 6.720928 5.610050 0.943130
v 6.512853 5.435944 0.901741
v 6.275462 5.306570 0.854521
v 6.017879 5.226900 0.803284
v 6.002336 7.973101 0.854521
v 6.244975 7.893431 0.955025
v 6.468592 7.764057 1.047651
v 6.664594 7.589951 1.128837
v 6.825449 7.377798 1.195466
v 6.944974 7.135757 1.244975
v 7.018578 6.873127 1.275462
v 7.043431 6.600000 1.285757
v 7.018578 6.326874 1.275462
v 6.944974 6.064243 1.244975
v 6.825449 5.822203 1.195466
v 6.664594 5.610050 1.128837
v 6.468592 5.435944 1.047651
v 6.244975 5.306570 0.955025
v 6.002336 5.226900 0.854521
v 5.977096 7.973101 0.901741
v 6.195466 7.893431 1.047651
v 6.396715 7.764057 1.182122
v 6.573113 7.589951 1.299986
v 6.717878 7.377798 1.396716
v 6.825449 7.135757 1.468592
v 6.891690 6.873127 1.512853
v 6.914057 6.600000 1.527798
v 6.891690 6.326874 1.512853
v 6.825449 6.064243 1.468592
v 6.717878 5.822203 1.396716
v 6.573113 5.610050 1.299986
v 6.396715 5.435944 1.182122
v 6.195466 5.306570 1.047651
v 5.977096 5.226900 0.901741
v 5.943130 7.973101 0.943129
v 6.128837 7.893431 1.128837
v 6.299986 7.764057 1.299986
v 6.450000 7.589951 1.450000
v 6.573112 7.377798 1.573113
v 6.664594 7.135757 1.664594
v 6.720928 6.873127 1.720928
v 6.739949 6.600000 1.739949
v 6.720928 6.326874 1.720928
v 6.664594 6.064243 1.664594
v 6.573112 5.822203 1.573113
v 6.450000 5.610050 1.450000
v 6.299986 5.435944 1.299986
v 6.128837 5.306570 1.128837
v 5.943130 5.226900 0.943129
v 5.901741 7.973101 0.977096
v 6.047650 7.893431 1.195465
v 6.182121 7.764057 1.396716
v 6.299986 7.589951 1.573113
v 6.396715 7.377798 1.717878
v 6.468592 7.135757 1.825449
v 6.512853 6.873127 1.891690
v 6.527798 6.600000 1.914057
v 6.512853 6.326874 1.891690
v 6.468592 6.064243 1.825449
v 6.396715 5.822203 1.717878
v 6.299986 5.610050 1.573113
v 6.182121 5.435944 1.396716
v 6.047650 5.306570 1.195465
v 5.901741 5.226900 0.977096
v 5.854521 7.973101 1.002336
v 5.955025 7.893431 1.244975
v 6.047650 7.764057 1.468592
v 6.128837 7.589951 1.664594
v 6.195465 7.377798 1.825449
v 6.244975 7.135757 1.944974
v 6.275462 6.873127 2.018578
v 6.285756 6.600000 2.043431
v 6.275462 6.326874 2.018578
v 6.244975 6.064243 1.944974
v 6.195465 5.822203 1.825449
v 6.128837 5.610050 1.664594
v 6.047650 5.435944 1.468592
v 5.955025 5.306570 1.244975
v 5.854521 5.226900 1.002336
v 5.803284 7.973101 1.017878
v 5.854521 7.893431 1.275462
v 5.901741 7.764057 1.512853
v 5.943130 7.589951 1.720928
v 5.977096 7.377798 1.891690
v 6.002336 7.135757 2.018578
v 6.017878 6.873127 2.096715
v 6.023126 6.600000 2.123099
v 6.017878 6.326874 2.096715
v 6.002336 6.064243 2.018578
v 5.977096 5.822203 1.891690
v 5.943130 5.610050 1.720928
v 5.901741 5.435944 1.512853
v 5.854521 5.306570 1.275462
v 5.803284 5.226900 1.017878
v 5.750000 7.973101 1.023126
v 5.750000 7.893431 1.285757
v 5.750000 7.764057 1.527798
v 5.750000 7.589951 1.739949
v 5.750000 7.377798 1.914057
v 5.750000 7.135757 2.043431
v 5.750000 6.873127 2.123099
v 5.750000 6.600000 2.149999
v 5.750000 6.326874 2.123099
v 5.750000 6.064243 2.043431
v 5.750000 5.822203 1.914057
v 5.750000 5.610050 1.739949
v 5.750000 5.435944 1.527798
v 5.750000 5.306570 1.285757
v 5.750000 5.226900 1.023126
v 5.696716 7.973101 1.017878
v 5.645479 7.893431 1.275462
v 5.598259 7.764057 1.512853
v 5.556870 7.589951 1.720928
v 5.522903 7.377798 1.891690
v 5.497664 7.135757 2.018578
v 5.482121 6.873127 2.096715
v 5.476873 6.600000 2.123098
v 5.482121 6.326874 2.096715
v 5.497664 6.064243 2.018578
v 5.522903 5.822203 1.891690
v 5.556870 5.610050 1.720928
v 5.598259 5.435944 1.512853
v 5.645479 5.306570 1.275462
v 5.696716 5.226900 1.017878
v 5.645479 7.973101 1.002336
v 5.544975 7.893431 1.244975
v 5.452350 7.764057 1.468591
v 5.371163 7.589951 1.664594
v 5.304534 7.377798 1.825448
v 5.255025 7.135757 1.944974
v 5.224538 6.873127 2.018578
v 5.214243 6.600000 2.043430
v 5.224538 6.326874 2.018578
v 5.255025 6.064243 1.944974
v 5.304534 5.822203 1.825448
v 5.371163 5.610050 1.664594
v 5.452350 5.435944 1.468591
v 5.544975 5.306570 1.244975
v 5.645479 5.226900 1.002336
v 5.598259 7.973101 0.977096
v 5.452350 7.893431 1.195465
v 5.317879 7.764057 1.396715
v 5.200014 7.589951 1.573113
v 5.103284 7.377798 1.717878
v 5.031408 7.135757 1.825449
v 4.987147 6.873127 1.891690
v 4.972202 6.600000 1.914056
v 4.987147 6.326874 1.891690
v 5.031408 6.064243 1.825449
v 5.103284 5.822203 1.717878
v 5.200014 5.610050 1.573113
v 5.317879 5.435944 1.396715
v 5.452350 5.306570 1.195465
v 5.598259 5.226900 0.977096
v 5.556870 7.973101 0.943129
v 5.371163 7.893431 1.128837
v 5.200014 7.764057 1.299986
v 5.050000 7.589951 1.450000
v 4.926888 7.377798 1.573112
v 4.835406 7.135757 1.664594
v 4.779072 6.873127 1.720927
v 4.760051 6.600000 1.739948
v 4.779072 6.326874 1.720927
v 4.835406 6.064243 1.664594
v 4.926888 5.822203 1.573112
v 5.050000 5.610050 1.450000
v 5.200014 5.435944 1.299986
v 5.371163 5.306570 1.128837
v 5.556870 5.226900 0.943129
v 5.750000 5.200001 0.750000
v 5.522904 7.973101 0.901741
v 5.304534 7.893431 1.047650
v 5.103285 7.764057 1.182121
v 4.926888 7.589951 1.299986
v 4.782122 7.377798 1.396715
v 4.674551 7.135757 1.468592
v 4.608310 6.873127 1.512853
v 4.585943 6.600000 1.527797
v 4.608310 6.326874 1.512853
v 4.674551 6.064243 1.468592
v 4.782122 5.822203 1.396715
v 4.926888 5.610050 1.299986
v 5.103285 5.435944 1.182121
v 5.304534 5.306570 1.047650
v 5.522904 5.226900 0.901741
v 5.497664 7.973101 0.854521
v 5.255025 7.893431 0.955025
v 5.031408 7.764057 1.047650
v 4.835406 7.589951 1.128837
v 4.674552 7.377798 1.195465
v 4.555026 7.135757 1.244975
v 4.481422 6.873127 1.275462
v 4.456570 6.600000 1.285756
v 4.481422 6.326874 1.275462
v 4.555026 6.064243 1.244975
v 4.674552 5.822203 1.195465
v 4.835406 5.610050 1.128837
v 5.031408 5.435944 1.047650
v 5.255025 5.306570 0.955025
v 5.497664 5.226900 0.854521
v 5.482122 7.973101 0.803284
v 5.224538 7.893431 0.854521
v 4.987147 7.764057 0.901741
v 4.779072 7.589951 0.943129
v 4.608310 7.377798 0.977096
v 4.481422 7.135757 1.002336
v 4.403285 6.873127 1.017878
v 4.376902 6.600000 1.023126
v 4.403285 6.326874 1.017878
v 4.481422 6.064243 1.002336
v 4.608310 5.822203 0.977096
v 4.779072 5.610050 0.943129
v 4.987147 5.435944 0.901741
v 5.224538 5.306570 0.854521
v 5.482122 5.226900 0.803284
v 5.476874 7.973101 0.750000
v 5.214243 7.893431 0.750000
v 4.972202 7.764057 0.750000
v 4.760051 7.589951 0.750000
v 4.585943 7.377798 0.750000
v 4.456569 7.135757 0.750000
v 4.376901 6.873127 0.750000
v 4.350001 6.600000 0.749999
v 4.376901 6.326874 0.750000
v 4.456569 6.064243 0.750000
v 4.585943 5.822203 0.750000
v 4.760051 5.610050 0.750000
v 4.972202 5.435944 0.750000
v 5.214243 5.306570 0.750000
v 5.476874 5.226900 0.750000
v 5.482122 7.973101 0.696716
v 5.224538 7.893431 0.645479
v 4.987147 7.764057 0.598259
v 4.779072 7.589951 0.556870
v 4.608310 7.377798 0.522904
v 4.481422 7.135757 0.497664
v 4.403285 6.873127 0.482121
v 4.376902 6.600000 0.476873
v 4.403285 6.326874 0.482121
v 4.481422 6.064243 0.497664
v 4.608310 5.822203 0.522904
v 4.779072 5.610050 0.556870
v 4.987147 5.435944 0.598259
v 5.224538 5.306570 0.645479
v 5.482122 5.226900 0.696716
v 5.497664 7.973101 0.645479
v 5.255025 7.893431 0.544975
v 5.031409 7.764057 0.452350
v 4.835406 7.589951 0.371163
v 4.674552 7.377798 0.304535
v 4.555026 7.135757 0.255025
v 4.481422 6.873127 0.224538
v 4.456570 6.600000 0.214243
v 4.481422 6.326874 0.224538
v 4.555026 6.064243 0.255025
v 4.674552 5.822203 0.304535
v 4.835406 5.610050 0.371163
v 5.031409 5.435944 0.452350
v 5.255025 5.306570 0.544975
v 5.497664 5.226900 0.645479
v 5.522904 7.973101 0.598259
v 5.304535 7.893431 0.452350
v 5.103285 7.764057 0.317879
v 4.926888 7.589951 0.200014
v 4.782123 7.377798 0.103285
v 4.674552 7.135757 0.031408
v 4.608311 6.873127 -0.012853
v 4.585944 6.600000 -0.027798
v 4.608311 6.326874 -0.012853
v 4.674552 6.064243 0.031408
v 4.782123 5.822203 0.103285
v 4.926888 5.610050 0.200014
v 5.103285 5.435944 0.317879
v 5.304535 5.306570 0.452350
v 5.522904 5.226900 0.598259
v 5.556870 7.973101 0.556871
v 5.371163 7.893431 0.371163
v 5.200014 7.764057 0.200014
v 5.050000 7.589951 0.050000
v 4.926888 7.377798 -0.073113
v 4.835406 7.135757 -0.164594
v 4.779073 6.873127 -0.220928
v 4.760052 6.600000 -0.239949
v 4.779073 6.326874 -0.220928
v 4.835406 6.064243 -0.164594
v 4.926888 5.822203 -0.073113
v 5.050000 5.610050 0.050000
v 5.200014 5.435944 0.200014
v 5.371163 5.306570 0.371163
v 5.556870 5.226900 0.556871
v 5.598259 7.973101 0.522904
v 5.452350 7.893431 0.304535
v 5.317879 7.764057 0.103285
v 5.200014 7.589951 -0.073113
v 5.103285 7.377798 -0.217878
v 5.031408 7.135757 -0.325448
v 4.987148 6.873127 -0.391690
v 4.972203 6.600000 -0.414057
v 4.987148 6.326874 -0.391690
v 5.031408 6.064243 -0.325448
v 5.103285 5.822203 -0.217878
v 5.200014 5.610050 -0.073113
v 5.317879 5.435944 0.103285
v 5.452350 5.306570 0.304535
v 5.598259 5.226900 0.522904
v 5.645479 7.973101 0.497664
v 5.544975 7.893431 0.255025
v 5.452350 7.764057 0.031409
v 5.371163 7.589951 -0.164594
v 5.304535 7.377798 -0.325448
v 5.255025 7.135757 -0.444974
v 5.224538 6.873127 -0.518578
v 5.214244 6.600000 -0.543430
v 5.224538 6.326874 -0.518578
v 5.255025 6.064243 -0.444974
v 5.304535 5.822203 -0.325448
v 5.371163 5.610050 -0.164594
v 5.452350 5.435944 0.031409
v 5.544975 5.306570 0.255025
v 5.645479 5.226900 0.497664
v 5.696716 7.973101 0.482122
v 5.645479 7.893431 0.224538
v 5.598259 7.764057 -0.012852
v 5.556870 7.589951 -0.220928
v 5.522904 7.377798 -0.391690
v 5.497664 7.135757 -0.518578
v 5.482122 6.873127 -0.596715
v 5.476874 6.600000 -0.623098
v 5.482122 6.326874 -0.596715
v 5.497664 6.064243 -0.518578
v 5.522904 5.822203 -0.391690
v 5.556870 5.610050 -0.220928
v 5.598259 5.435944 -0.012852
v 5.645479 5.306570 0.224538
v 5.696716 5.226900 0.482122
v 5.750000 7.973101 0.476874
v 5.750000 7.893431 0.214244
v 5.750000 7.589951 -0.239949
v 5.750000 7.135757 -0.543431
v 5.750000 6.064243 -0.543431
v 5.750000 5.610050 -0.239949
v 5.750000 5.435944 -0.027797
v 5.750000 5.306570 0.214244
v 5.750000 5.226900 0.476874
v 14.250000 6.012939 -1.611140
v 14.250000 5.461142 -2.162939
v 14.250000 4.740181 -2.461571
v 14.250000 4.350000 -2.500000
v 14.250000 3.959820 -2.461571
v 14.250000 3.238859 -2.162939
v 14.326120 6.311571 -0.882683
v 14.399316 6.197760 -1.250661
v 14.466773 6.012939 -1.589790
v 14.525899 5.764214 -1.887040
v 14.574424 5.461142 -2.130986
v 14.610480 5.115368 -2.312255
v 14.632684 4.740181 -2.423879
v 14.640181 4.350000 -2.461571
v 14.632684 3.959820 -2.423879
v 14.610480 3.584633 -2.312255
v 14.574424 3.238859 -2.130986
v 14.525899 2.935787 -1.887040
v 14.466773 2.687061 -1.589790
v 14.399316 2.502241 -1.250661
v 14.326120 2.388430 -0.882683
v 14.399316 6.311571 -0.860480
v 14.542893 6.197760 -1.207107
v 14.675215 6.012939 -1.526560
v 14.791196 5.764214 -1.806563
v 14.886379 5.461142 -2.036355
v 14.957107 5.115368 -2.207107
v 15.000661 4.740181 -2.312255
v 15.015367 4.350000 -2.347759
v 15.000661 3.959820 -2.312255
v 14.957107 3.584633 -2.207107
v 14.886379 3.238859 -2.036355
v 14.791196 2.935787 -1.806563
v 14.675215 2.687061 -1.526560
v 14.542893 2.502241 -1.207107
v 14.399316 2.388430 -0.860480
v 14.466773 6.311571 -0.824423
v 14.675215 6.197760 -1.136379
v 14.867316 6.012939 -1.423879
v 15.035695 5.764214 -1.675876
v 15.173880 5.461142 -1.882683
v 15.276560 5.115368 -2.036355
v 15.339790 4.740181 -2.130986
v 15.361140 4.350000 -2.162939
v 15.339790 3.959820 -2.130986
v 15.276560 3.584633 -2.036355
v 15.173880 3.238859 -1.882683
v 15.035695 2.935787 -1.675876
v 14.867316 2.687061 -1.423879
v 14.675215 2.502241 -1.136379
v 14.466773 2.388430 -0.824423
v 14.525899 6.311571 -0.775899
v 14.791196 6.197760 -1.041196
v 15.035695 6.012939 -1.285695
v 15.250000 5.764214 -1.500000
v 15.425876 5.461142 -1.675875
v 15.556562 5.115368 -1.806563
v 15.637040 4.740181 -1.887040
v 15.664213 4.350000 -1.914213
v 15.637040 3.959820 -1.887040
v 15.556562 3.584633 -1.806563
v 15.425876 3.238859 -1.675875
v 15.250000 2.935787 -1.500000
v 15.035695 2.687061 -1.285695
v 14.791196 2.502241 -1.041196
v 14.525899 2.388430 -0.775899
v 14.574423 6.311571 -0.716773
v 14.886379 6.197760 -0.925215
v 15.173880 6.012939 -1.117316
v 15.425876 5.764214 -1.285695
v 15.632683 5.461142 -1.423879
v 15.786355 5.115368 -1.526560
v 15.880986 4.740181 -1.589790
v 15.912939 4.350000 -1.611140
v 15.880986 3.959820 -1.589790
v 15.786355 3.584633 -1.526560
v 15.632683 3.238859 -1.423879
v 15.425876 2.935787 -1.285695
v 15.173880 2.687061 -1.117316
v 14.886379 2.502241 -0.925215
v 14.574423 2.388430 -0.716773
v 14.250000 6.350000 -0.500000
v 14.610479 6.311571 -0.649316
v 14.957107 6.197760 -0.792893
v 15.276560 6.012939 -0.925215
v 15.556562 5.764214 -1.041196
v 15.786355 5.461142 -1.136379
v 15.957107 5.115368 -1.207107
v 16.062254 4.740181 -1.250660
v 16.097759 4.350000 -1.265366
v 16.062254 3.959820 -1.250660
v 15.957107 3.584633 -1.207107
v 15.786355 3.238859 -1.136379
v 15.556562 2.935787 -1.041196
v 15.276560 2.687061 -0.925215
v 14.957107 2.502241 -0.792893
v 14.610479 2.388430 -0.649316
v 14.632684 6.311571 -0.576120
v 15.000661 6.197760 -0.649316
v 15.339790 6.012939 -0.716773
v 15.637040 5.764214 -0.775899
v 15.880986 5.461142 -0.824423
v 16.062254 5.115368 -0.860480
v 16.173880 4.740181 -0.882683
v 16.211571 4.350000 -0.890180
v 16.173880 3.959820 -0.882683
v 16.062254 3.584633 -0.860480
v 15.880986 3.238859 -0.824423
v 15.637040 2.935787 -0.775899
v 15.339790 2.687061 -0.716773
v 15.000661 2.502241 -0.649316
v 14.632684 2.388430 -0.576120
v 14.640181 6.311571 -0.500000
v 15.015367 6.197760 -0.500000
v 15.361140 6.012939 -0.500000
v 15.664213 5.764214 -0.500000
v 15.912939 5.461142 -0.500000
v 16.097759 5.115368 -0.500000
v 16.211571 4.740181 -0.500000
v 16.250000 4.350000 -0.500000
v 16.211571 3.959820 -0.500000
v 16.097759 3.584633 -0.500000
v 15.912939 3.238859 -0.500000
v 15.664213 2.935787 -0.500000
v 15.361140 2.687061 -0.500000
v 15.015367 2.502241 -0.500000
v 14.640181 2.388430 -0.500000
v 14.632684 6.311571 -0.423880
v 15.000661 6.197760 -0.350684
v 15.339790 6.012939 -0.283227
v 15.637039 5.764214 -0.224101
v 15.880986 5.461142 -0.175577
v 16.062254 5.115368 -0.139520
v 16.173880 4.740181 -0.117316
v 16.211571 4.350000 -0.109819
v 16.173880 3.959820 -0.117316
v 16.062254 3.584633 -0.139520
v 15.880986 3.238859 -0.175577
v 15.637039 2.935787 -0.224101
v 15.339790 2.687061 -0.283227
v 15.000661 2.502241 -0.350684
v 14.632684 2.388430 -0.423880
v 14.610479 6.311571 -0.350684
v 14.957107 6.197760 -0.207107
v 15.276560 6.012939 -0.074785
v 15.556562 5.764214 0.041196
v 15.786355 5.461142 0.136379
v 15.957107 5.115368 0.207107
v 16.062254 4.740181 0.250661
v 16.097757 4.350000 0.265367
v 16.062254 3.959820 0.250661
v 15.957107 3.584633 0.207107
v 15.786355 3.238859 0.136379
v 15.556562 2.935787 0.041196
v 15.276560 2.687061 -0.074785
v 14.957107 2.502241 -0.207107
v 14.610479 2.388430 -0.350684
v 14.574423 6.311571 -0.283227
v 14.886379 6.197760 -0.074785
v 15.173880 6.012939 0.117316
v 15.425876 5.764214 0.285695
v 15.632683 5.461142 0.423879
v 15.786355 5.115368 0.526560
v 15.880986 4.740181 0.589790
v 15.912938 4.350000 0.611140
v 15.880986 3.959820 0.589790
v 15.786355 3.584633 0.526560
v 15.632683 3.238859 0.423879
v 15.425876 2.935787 0.285695
v 15.173880 2.687061 0.117316
v 14.886379 2.502241 -0.074785
v 14.574423 2.388430 -0.283227
v 14.525899 6.311571 -0.224101
v 14.791196 6.197760 0.041196
v 15.035694 6.012939 0.285695
v 15.250000 5.764214 0.500000
v 15.425875 5.461142 0.675875
v 15.556562 5.115368 0.806563
v 15.637039 4.740181 0.887040
v 15.664212 4.350000 0.914213
v 15.637039 3.959820 0.887040
v 15.556562 3.584633 0.806563
v 15.425875 3.238859 0.675875
v 15.250000 2.935787 0.500000
v 15.035694 2.687061 0.285695
v 14.791196 2.502241 0.041196
v 14.525899 2.388430 -0.224101
v 14.466773 6.311571 -0.175577
v 14.675215 6.197760 0.136379
v 14.867316 6.012939 0.423879
v 15.035695 5.764214 0.675875
v 15.173879 5.461142 0.882683
v 15.276560 5.115368 1.036355
v 15.339789 4.740181 1.130986
v 15.361139 4.350000 1.162939
v 15.339789 3.959820 1.130986
v 15.276560 3.584633 1.036355
v 15.173879 3.238859 0.882683
v 15.035695 2.935787 0.675875
v 14.867316 2.687061 0.423879
v 14.675215 2.502241 0.136379
v 14.466773 2.388430 -0.175577
v 14.399316 6.311571 -0.139520
v 14.542893 6.197760 0.207107
v 14.675215 6.012939 0.526560
v 14.791196 5.764214 0.806563
v 14.886379 5.461142 1.036355
v 14.957107 5.115368 1.207106
v 15.000660 4.740181 1.312254
v 15.015366 4.350000 1.347758
v 15.000660 3.959820 1.312254
v 14.957107 3.584633 1.207106
v 14.886379 3.238859 1.036355
v 14.791196 2.935787 0.806563
v 14.675215 2.687061 0.526560
v 14.542893 2.502241 0.207107
v 14.399316 2.388430 -0.139520
v 14.326120 6.311571 -0.117317
v 14.399316 6.197760 0.250660
v 14.466772 6.012939 0.589790
v 14.525899 5.764214 0.887040
v 14.574423 5.461142 1.130986
v 14.610480 5.115368 1.312254
v 14.632683 4.740181 1.423879
v 14.640180 4.350000 1.461570
v 14.632683 3.959820 1.423879
v 14.610480 3.584633 1.312254
v 14.574423 3.238859 1.130986
v 14.525899 2.935787 0.887040
v 14.466772 2.687061 0.589790
v 14.399316 2.502241 0.250660
v 14.326120 2.388430 -0.117317
v 14.250000 6.311571 -0.109820
v 14.250000 6.197760 0.265367
v 14.250000 6.012939 0.611140
v 14.250000 5.764214 0.914213
v 14.250000 5.461142 1.162939
v 14.250000 5.115368 1.347759
v 14.250000 4.740181 1.461570
v 14.249999 4.350000 1.499999
v 14.250000 3.959820 1.461570
v 14.250000 3.584633 1.347759
v 14.250000 3.238859 1.162939
v 14.250000 2.935787 0.914213
v 14.250000 2.687061 0.611140
v 14.250000 2.502241 0.265367
v 14.250000 2.388430 -0.109820
v 14.173880 6.311571 -0.117317
v 14.100684 6.197760 0.250660
v 14.033227 6.012939 0.589790
v 13.974101 5.764214 0.887040
v 13.925576 5.461142 1.130986
v 13.889521 5.115368 1.312254
v 13.867316 4.740181 1.423879
v 13.859819 4.350000 1.461569
v 13.867316 3.959820 1.423879
v 13.889521 3.584633 1.312254
v 13.925576 3.238859 1.130986
v 13.974101 2.935787 0.887040
v 14.033227 2.687061 0.589790
v 14.100684 2.502241 0.250660
v 14.173880 2.388430 -0.117317
v 14.100684 6.311571 -0.139520
v 13.957107 6.197760 0.207107
v 13.824785 6.012939 0.526559
v 13.708804 5.764214 0.806563
v 13.613621 5.461142 1.036355
v 13.542893 5.115368 1.207106
v 13.499339 4.740181 1.312254
v 13.484633 4.350000 1.347757
v 13.499339 3.959820 1.312254
v 13.542893 3.584633 1.207106
v 13.613621 3.238859 1.036355
v 13.708804 2.935787 0.806563
v 13.824785 2.687061 0.526559
v 13.957107 2.502241 0.207107
v 14.100684 2.388430 -0.139520
v 14.033227 6.311571 -0.175577
v 13.824785 6.197760 0.136379
v 13.632684 6.012939 0.423879
v 13.464305 5.764214 0.675875
v 13.326120 5.461142 0.882683
v 13.223440 5.115368 1.036355
v 13.160210 4.740181 1.130985
v 13.138860 4.350000 1.162938
v 13.160210 3.959820 1.130985
v 13.223440 3.584633 1.036355
v 13.326120 3.238859 0.882683
v 13.464305 2.935787 0.675875
v 13.632684 2.687061 0.423879
v 13.824785 2.502241 0.136379
v 14.033227 2.388430 -0.175577
v 13.974101 6.311571 -0.224101
v 13.708804 6.197760 0.041196
v 13.464306 6.012939 0.285694
v 13.250000 5.764214 0.500000
v 13.074125 5.461142 0.675875
v 12.943438 5.115368 0.806563
v 12.862961 4.740181 0.887039
v 12.835787 4.350000 0.914212
v 12.862961 3.959820 0.887039
v 12.943438 3.584633 0.806563
v 13.074125 3.238859 0.675875
v 13.250000 2.935787 0.500000
v 13.464306 2.687061 0.285694
v 13.708804 2.502241 0.041196
v 13.974101 2.388430 -0.224101
v 14.250000 2.350000 -0.500000
v 13.925577 6.311571 -0.283227
v 13.613621 6.197760 -0.074785
v 13.326121 6.012939 0.117316
v 13.074124 5.764214 0.285695
v 12.867317 5.461142 0.423879
v 12.713645 5.115368 0.526560
v 12.619014 4.740181 0.589789
v 12.587062 4.350000 0.611139
v 12.619014 3.959820 0.589789
v 12.713645 3.584633 0.526560
v 12.867317 3.238859 0.423879
v 13.074124 2.935787 0.285695
v 13.326121 2.687061 0.117316
v 13.613621 2.502241 -0.074785
v 13.925577 2.388430 -0.283227
v 13.889521 6.311571 -0.350684
v 13.542893 6.197760 -0.207107
v 13.223441 6.012939 -0.074786
v 12.943438 5.764214 0.041196
v 12.713645 5.461142 0.136379
v 12.542894 5.115368 0.207107
v 12.437746 4.740181 0.250660
v 12.402243 4.350000 0.265365
v 12.437746 3.959820 0.250660
v 12.542894 3.584633 0.207107
v 12.713645 3.238859 0.136379
v 12.943438 2.935787 0.041196
v 13.223441 2.687061 -0.074786
v 13.542893 2.502241 -0.207107
v 13.889521 2.388430 -0.350684
v 13.867317 6.311571 -0.423880
v 13.499340 6.197760 -0.350684
v 13.160211 6.012939 -0.283228
v 12.862961 5.764214 -0.224101
v 12.619015 5.461142 -0.175577
v 12.437746 5.115368 -0.139520
v 12.326121 4.740181 -0.117317
v 12.288431 4.350000 -0.109821
v 12.326121 3.959820 -0.117317
v 12.437746 3.584633 -0.139520
v 12.619015 3.238859 -0.175577
v 12.862961 2.935787 -0.224101
v 13.160211 2.687061 -0.283228
v 13.499340 2.502241 -0.350684
v 13.867317 2.388430 -0.423880
v 13.859819 6.311571 -0.500000
v 13.484633 6.197760 -0.500000
v 13.138861 6.012939 -0.500000
v 12.835787 5.764214 -0.500000
v 12.587062 5.461142 -0.500000
v 12.402242 5.115368 -0.500000
v 12.288430 4.740181 -0.500001
v 12.250002 4.350000 -0.500001
v 12.288430 3.959820 -0.500001
v 12.402242 3.584633 -0.500000
v 12.587062 3.238859 -0.500000
v 12.835787 2.935787 -0.500000
v 13.138861 2.687061 -0.500000
v 13.484633 2.502241 -0.500000
v 13.859819 2.388430 -0.500000
v 13.867317 6.311571 -0.576120
v 13.499340 6.197760 -0.649316
v 13.160211 6.012939 -0.716773
v 12.862961 5.764214 -0.775899
v 12.619015 5.461142 -0.824424
v 12.437746 5.115368 -0.860480
v 12.326121 4.740181 -0.882684
v 12.288431 4.350000 -0.890181
v 12.326121 3.959820 -0.882684
v 12.437746 3.584633 -0.860480
v 12.619015 3.238859 -0.824424
v 12.862961 2.935787 -0.775899
v 13.160211 2.687061 -0.716773
v 13.499340 2.502241 -0.649316
v 13.867317 2.388430 -0.576120
v 13.889521 6.311571 -0.649316
v 13.542893 6.197760 -0.792893
v 13.223441 6.012939 -0.925215
v 12.943438 5.764214 -1.041196
v 12.713646 5.461142 -1.136379
v 12.542894 5.115368 -1.207106
v 12.437746 4.740181 -1.250661
v 12.402243 4.350000 -1.265367
v 12.437746 3.959820 -1.250661
v 12.542894 3.584633 -1.207106
v 12.713646 3.238859 -1.136379
v 12.943438 2.935787 -1.041196
v 13.223441 2.687061 -0.925215
v 13.542893 2.502241 -0.792893
v 13.889521 2.388430 -0.649316
v 13.925577 6.311571 -0.716773
v 13.613621 6.197760 -0.925215
v 13.326121 6.012939 -1.117316
v 13.074125 5.764214 -1.285695
v 12.867317 5.461142 -1.423879
v 12.713645 5.115368 -1.526559
v 12.619015 4.740181 -1.589790
v 12.587063 4.350000 -1.611140
v 12.619015 3.959820 -1.589790
v 12.713645 3.584633 -1.526559
v 12.867317 3.238859 -1.423879
v 13.074125 2.935787 -1.285695
v 13.326121 2.687061 -1.117316
v 13.613621 2.502241 -0.925215
v 13.925577 2.388430 -0.716773
v 13.974101 6.311571 -0.775899
v 13.708804 6.197760 -1.041196
v 13.464306 6.012939 -1.285694
v 13.250000 5.764214 -1.500000
v 13.074125 5.461142 -1.675875
v 12.943438 5.115368 -1.806562
v 12.862961 4.740181 -1.887039
v 12.835789 4.350000 -1.914213
v 12.862961 3.959820 -1.887039
v 12.943438 3.584633 -1.806562
v 13.074125 3.238859 -1.675875
v 13.250000 2.935787 -1.500000
v 13.464306 2.687061 -1.285694
v 13.708804 2.502241 -1.041196
v 13.974101 2.388430 -0.775899
v 14.033228 6.311571 -0.824423
v 13.824785 6.197760 -1.136379
v 13.632685 6.012939 -1.423879
v 13.464306 5.764214 -1.675875
v 13.326121 5.461142 -1.882683
v 13.223440 5.115368 -2.036355
v 13.160211 4.740181 -2.130986
v 13.138862 4.350000 -2.162938
v 13.160211 3.959820 -2.130986
v 13.223440 3.584633 -2.036355
v 13.326121 3.238859 -1.882683
v 13.464306 2.935787 -1.675875
v 13.632685 2.687061 -1.423879
v 13.824785 2.502241 -1.136379
v 14.033228 2.388430 -0.824423
v 14.100684 6.311571 -0.860480
v 13.957107 6.197760 -1.207106
v 13.824786 6.012939 -1.526559
v 13.708804 5.764214 -1.806563
v 13.613622 5.461142 -2.036355
v 13.542893 5.115368 -2.207106
v 13.499340 4.740181 -2.312254
v 13.484634 4.350000 -2.347757
v 13.499340 3.959820 -2.312254
v 13.542893 3.584633 -2.207106
v 13.613622 3.238859 -2.036355
v 13.708804 2.935787 -1.806563
v 13.824786 2.687061 -1.526559
v 13.957107 2.502241 -1.207106
v 14.100684 2.388430 -0.860480
v 14.173880 6.311571 -0.882683
v 14.100684 6.197760 -1.250660
v 14.033228 6.012939 -1.589789
v 13.974101 5.764214 -1.887040
v 13.925577 5.461142 -2.130985
v 13.889521 5.115368 -2.312254
v 13.867317 4.740181 -2.423878
v 13.859820 4.350000 -2.461568
v 13.867317 3.959820 -2.423878
v 13.889521 3.584633 -2.312254
v 13.925577 3.238859 -2.130985
v 13.974101 2.935787 -1.887040
v 14.033228 2.687061 -1.589789
v 14.100684 2.502241 -1.250660
v 14.173880 2.388430 -0.882683
v 14.250000 6.311571 -0.890180
v 14.250000 6.197760 -1.265366
v 14.250000 5.764214 -1.914213
v 14.250000 5.115368 -2.347758
v 14.250000 3.584633 -2.347758
v 14.250000 2.935787 -1.914213
v 14.250000 2.687061 -1.611139
v 14.250000 2.502241 -1.265366
v 14.250000 2.388430 -0.890180
v -2.000000 9.928675 -6.138926
v -2.000000 9.238926 -6.828674
v -2.000000 8.337727 -7.201963
v -2.000000 7.850000 -7.250000
v -2.000000 7.362274 -7.201963
v -2.000000 6.461075 -6.828674
v -1.904849 10.301964 -5.228354
v -1.813355 10.159699 -5.688326
v -1.729034 9.928675 -6.112238
v -1.655126 9.617767 -6.483800
v -1.594471 9.238926 -6.788733
v -1.549400 8.806709 -7.015318
v -1.521646 8.337727 -7.154849
v -1.512274 7.850000 -7.201963
v -1.521646 7.362274 -7.154849
v -1.549400 6.893291 -7.015318
v -1.594471 6.461075 -6.788733
v -1.655126 6.082233 -6.483800
v -1.729034 5.771326 -6.112238
v -1.813355 5.540302 -5.688326
v -1.904849 5.398037 -5.228354
v -1.813355 10.301964 -5.200600
v -1.633883 10.159699 -5.633883
v -1.468481 9.928675 -6.033200
v -1.323505 9.617767 -6.383204
v -1.204526 9.238926 -6.670444
v -1.116117 8.806709 -6.883883
v -1.061674 8.337727 -7.015318
v -1.043291 7.850000 -7.059699
v -1.061674 7.362274 -7.015318
v -1.116117 6.893291 -6.883883
v -1.204526 6.461075 -6.670444
v -1.323505 6.082233 -6.383204
v -1.468481 5.771326 -6.033200
v -1.633883 5.540302 -5.633883
v -1.813355 5.398037 -5.200600
v -1.729034 10.301964 -5.155529
v -1.468481 10.159699 -5.545474
v -1.228354 9.928675 -5.904849
v -1.017881 9.617767 -6.219844
v -0.845151 9.238926 -6.478354
v -0.716800 8.806709 -6.670444
v -0.637762 8.337727 -6.788733
v -0.611074 7.850000 -6.828673
v -0.637762 7.362274 -6.788733
v -0.716800 6.893291 -6.670444
v -0.845151 6.461075 -6.478354
v -1.017881 6.082233 -6.219844
v -1.228354 5.771326 -5.904849
v -1.468481 5.540302 -5.545474
v -1.729034 5.398037 -5.155529
v -1.655126 10.301964 -5.094874
v -1.323505 10.159699 -5.426495
v -1.017881 9.928675 -5.732119
v -0.750000 9.617767 -6.000000
v -0.530156 9.238926 -6.219844
v -0.366796 8.806709 -6.383204
v -0.266200 8.337727 -6.483799
v -0.232233 7.850000 -6.517766
v -0.266200 7.362274 -6.483799
v -0.366796 6.893291 -6.383204
v -0.530156 6.461075 -6.219844
v -0.750000 6.082233 -6.000000
v -1.017881 5.771326 -5.732119
v -1.323505 5.540302 -5.426495
v -1.655126 5.398037 -5.094874
v -1.594471 10.301964 -5.020966
v -1.204526 10.159699 -5.281519
v -0.845151 9.928675 -5.521646
v -0.530156 9.617767 -5.732119
v -0.271646 9.238926 -5.904849
v -0.079556 8.806709 -6.033200
v 0.038733 8.337727 -6.112237
v 0.078674 7.850000 -6.138925
v 0.038733 7.362274 -6.112237
v -0.079556 6.893291 -6.033200
v -0.271646 6.461075 -5.904849
v -0.530156 6.082233 -5.732119
v -0.845151 5.771326 -5.521646
v -1.204526 5.540302 -5.281519
v -1.594471 5.398037 -5.020966
v -2.000000 10.350000 -4.750000
v -1.549400 10.301964 -4.936645
v -1.116117 10.159699 -5.116117
v -0.716800 9.928675 -5.281518
v -0.366796 9.617767 -5.426495
v -0.079556 9.238926 -5.545474
v 0.133883 8.806709 -5.633883
v 0.265318 8.337727 -5.688325
v 0.309699 7.850000 -5.706708
v 0.265318 7.362274 -5.688325
v 0.133883 6.893291 -5.633883
v -0.079556 6.461075 -5.545474
v -0.366796 6.082233 -5.426495
v -0.716800 5.771326 -5.281518
v -1.116117 5.540302 -5.116117
v -1.549400 5.398037 -4.936645
v -1.521646 10.301964 -4.845150
v -1.061674 10.159699 -4.936645
v -0.637762 9.928675 -5.020966
v -0.266200 9.617767 -5.094874
v 0.038733 9.238926 -5.155529
v 0.265318 8.806709 -5.200600
v 0.404849 8.337727 -5.228354
v 0.451963 7.850000 -5.237725
v 0.404849 7.362274 -5.228354
v 0.265318 6.893291 -5.200600
v 0.038733 6.461075 -5.155529
v -0.266200 6.082233 -5.094874
v -0.637762 5.771326 -5.020966
v -1.061674 5.540302 -4.936645
v -1.521646 5.398037 -4.845150
v -1.512274 10.301964 -4.750000
v -1.043292 10.159699 -4.750000
v -0.611075 9.928675 -4.750000
v -0.232233 9.617767 -4.750000
v 0.078674 9.238926 -4.750000
v 0.309699 8.806709 -4.750000
v 0.451963 8.337727 -4.750000
v 0.499999 7.850000 -4.750000
v 0.451963 7.362274 -4.750000
v 0.309699 6.893291 -4.750000
v 0.078674 6.461075 -4.750000
v -0.232233 6.082233 -4.750000
v -0.611075 5.771326 -4.750000
v -1.043292 5.540302 -4.750000
v -1.512274 5.398037 -4.750000
v -1.521646 10.301964 -4.654850
v -1.061674 10.159699 -4.563355
v -0.637763 9.928675 -4.479034
v -0.266200 9.617767 -4.405126
v 0.038732 9.238926 -4.344471
v 0.265318 8.806709 -4.299400
v 0.404849 8.337727 -4.271646
v 0.451962 7.850000 -4.262274
v 0.404849 7.362274 -4.271646
v 0.265318 6.893291 -4.299400
v 0.038732 6.461075 -4.344471
v -0.266200 6.082233 -4.405126
v -0.637763 5.771326 -4.479034
v -1.061674 5.540302 -4.563355
v -1.521646 5.398037 -4.654850
v -1.549400 10.301964 -4.563355
v -1.116117 10.159699 -4.383883
v -0.716800 9.928675 -4.218481
v -0.366796 9.617767 -4.073505
v -0.079556 9.238926 -3.954526
v 0.133883 8.806709 -3.866117
v 0.265318 8.337727 -3.811674
v 0.309698 7.850000 -3.793291
v 0.265318 7.362274 -3.811674
v 0.133883 6.893291 -3.866117
v -0.079556 6.461075 -3.954526
v -0.366796 6.082233 -4.073505
v -0.716800 5.771326 -4.218481
v -1.116117 5.540302 -4.383883
v -1.549400 5.398037 -4.563355
v -1.594471 10.301964 -4.479034
v -1.204526 10.159699 -4.218481
v -0.845151 9.928675 -3.978354
v -0.530156 9.617767 -3.767881
v -0.271646 9.238926 -3.595151
v -0.079556 8.806709 -3.466800
v 0.038732 8.337727 -3.387762
v 0.078673 7.850000 -3.361074
v 0.038732 7.362274 -3.387762
v -0.079556 6.893291 -3.466800
v -0.271646 6.461075 -3.595151
v -0.530156 6.082233 -3.767881
v -0.845151 5.771326 -3.978354
v -1.204526 5.540302 -4.218481
v -1.594471 5.398037 -4.479034
v -1.655126 10.301964 -4.405126
v -1.323505 10.159699 -4.073505
v -1.017882 9.928675 -3.767881
v -0.750000 9.617767 -3.500000
v -0.530156 9.238926 -3.280156
v -0.366796 8.806709 -3.116797
v -0.266201 8.337727 -3.016201
v -0.232234 7.850000 -2.982234
v -0.266201 7.362274 -3.016201
v -0.366796 6.893291 -3.116797
v -0.530156 6.461075 -3.280156
v -0.750000 6.082233 -3.500000
v -1.017882 5.771326 -3.767881
v -1.323505 5.540302 -4.073505
v -1.655126 5.398037 -4.405126
v -1.729034 10.301964 -4.344471
v -1.468481 10.159699 -3.954526
v -1.228355 9.928675 -3.595151
v -1.017881 9.617767 -3.280156
v -0.845151 9.238926 -3.021646
v -0.716800 8.806709 -2.829556
v -0.637763 8.337727 -2.711267
v -0.611076 7.850000 -2.671327
v -0.637763 7.362274 -2.711267
v -0.716800 6.893291 -2.829556
v -0.845151 6.461075 -3.021646
v -1.017881 6.082233 -3.280156
v -1.228355 5.771326 -3.595151
v -1.468481 5.540302 -3.954526
v -1.729034 5.398037 -4.344471
v -1.813356 10.301964 -4.299400
v -1.633884 10.159699 -3.866117
v -1.468482 9.928675 -3.466800
v -1.323505 9.617767 -3.116796
v -1.204526 9.238926 -2.829556
v -1.116117 8.806709 -2.616117
v -1.061675 8.337727 -2.484682
v -1.043293 7.850000 -2.440302
v -1.061675 7.362274 -2.484682
v -1.116117 6.893291 -2.616117
v -1.204526 6.461075 -2.829556
v -1.323505 6.082233 -3.116796
v -1.468482 5.771326 -3.466800
v -1.633884 5.540302 -3.866117
v -1.813356 5.398037 -4.299400
v -1.904850 10.301964 -4.271646
v -1.813356 10.159699 -3.811675
v -1.729034 9.928675 -3.387763
v -1.655126 9.617767 -3.016201
v -1.594471 9.238926 -2.711268
v -1.549400 8.806709 -2.484682
v -1.521646 8.337727 -2.345151
v -1.512275 7.850000 -2.298038
v -1.521646 7.362274 -2.345151
v -1.549400 6.893291 -2.484682
v -1.594471 6.461075 -2.711268
v -1.655126 6.082233 -3.016201
v -1.729034 5.771326 -3.387763
v -1.813356 5.540302 -3.811675
v -1.904850 5.398037 -4.271646
v -2.000000 10.301964 -4.262275
v -2.000000 10.159699 -3.793292
v -2.000000 9.928675 -3.361075
v -2.000000 9.617767 -2.982234
v -2.000000 9.238926 -2.671327
v -2.000000 8.806709 -2.440302
v -2.000000 8.337727 -2.298038
v -2.000001 7.850000 -2.250002
v -2.000000 7.362274 -2.298038
v -2.000000 6.893291 -2.440302
v -2.000000 6.461075 -2.671327
v -2.000000 6.082233 -2.982234
v -2.000000 5.771326 -3.361075
v -2.000000 5.540302 -3.793292
v -2.000000 5.398037 -4.262275
v -2.095150 10.301964 -4.271646
v -2.186645 10.159699 -3.811675
v -2.270966 9.928675 -3.387763
v -2.344874 9.617767 -3.016201
v -2.405529 9.238926 -2.711268
v -2.450600 8.806709 -2.484682
v -2.478354 8.337727 -2.345151
v -2.487726 7.850000 -2.298039
v -2.478354 7.362274 -2.345151
v -2.450600 6.893291 -2.484682
v -2.405529 6.461075 -2.711268
v -2.344874 6.082233 -3.016201
v -2.270966 5.771326 -3.387763
v -2.186645 5.540302 -3.811675
v -2.095150 5.398037 -4.271646
v -2.186645 10.301964 -4.299400
v -2.366117 10.159699 -3.866117
v -2.531519 9.928675 -3.466801
v -2.676495 9.617767 -3.116797
v -2.795474 9.238926 -2.829556
v -2.883883 8.806709 -2.616117
v -2.938326 8.337727 -2.484682
v -2.956709 7.850000 -2.440303
v -2.938326 7.362274 -2.484682
v -2.883883 6.893291 -2.616117
v -2.795474 6.461075 -2.829556
v -2.676495 6.082233 -3.116797
v -2.531519 5.771326 -3.466801
v -2.366117 5.540302 -3.866117
v -2.186645 5.398037 -4.299400
v -2.270966 10.301964 -4.344471
v -2.531519 10.159699 -3.954526
v -2.771646 9.928675 -3.595151
v -2.982119 9.617767 -3.280156
v -3.154849 9.238926 -3.021646
v -3.283199 8.806709 -2.829556
v -3.362238 8.337727 -2.711268
v -3.388925 7.850000 -2.671328
v -3.362238 7.362274 -2.711268
v -3.283199 6.893291 -2.829556
v -3.154849 6.461075 -3.021646
v -2.982119 6.082233 -3.280156
v -2.771646 5.771326 -3.595151
v -2.531519 5.540302 -3.954526
v -2.270966 5.398037 -4.344471
v -2.344874 10.301964 -4.405126
v -2.676495 10.159699 -4.073505
v -2.982118 9.928675 -3.767882
v -3.250000 9.617767 -3.500000
v -3.469844 9.238926 -3.280157
v -3.633203 8.806709 -3.116797
v -3.733799 8.337727 -3.016201
v -3.767766 7.850000 -2.982235
v -3.733799 7.362274 -3.016201
v -3.633203 6.893291 -3.116797
v -3.469844 6.461075 -3.280157
v -3.250000 6.082233 -3.500000
v -2.982118 5.771326 -3.767882
v -2.676495 5.540302 -4.073505
v -2.344874 5.398037 -4.405126
v -2.000000 5.350000 -4.750000
v -2.405529 10.301964 -4.479034
v -2.795474 10.159699 -4.218482
v -3.154849 9.928675 -3.978355
v -3.469844 9.617767 -3.767882
v -3.728354 9.238926 -3.595151
v -3.920444 8.806709 -3.466800
v -4.038733 8.337727 -3.387763
v -4.078673 7.850000 -3.361076
v -4.038733 7.362274 -3.387763
v -3.920444 6.893291 -3.466800
v -3.728354 6.461075 -3.595151
v -3.469844 6.082233 -3.767882
v -3.154849 5.771326 -3.978355
v -2.795474 5.540302 -4.218482
v -2.405529 5.398037 -4.479034
v -2.450599 10.301964 -4.563355
v -2.883883 10.159699 -4.383883
v -3.283199 9.928675 -4.218482
v -3.633203 9.617767 -4.073505
v -3.920444 9.238926 -3.954527
v -4.133883 8.806709 -3.866117
v -4.265318 8.337727 -3.811675
v -4.309697 7.850000 -3.793293
v -4.265318 7.362274 -3.811675
v -4.133883 6.893291 -3.866117
v -3.920444 6.461075 -3.954527
v -3.633203 6.082233 -4.073505
v -3.283199 5.771326 -4.218482
v -2.883883 5.540302 -4.383883
v -2.450599 5.398037 -4.563355
v -2.478354 10.301964 -4.654850
v -2.938325 10.159699 -4.563355
v -3.362237 9.928675 -4.479034
v -3.733799 9.617767 -4.405126
v -4.038732 9.238926 -4.344471
v -4.265318 8.806709 -4.299400
v -4.404849 8.337727 -4.271646
v -4.451961 7.850000 -4.262276
v -4.404849 7.362274 -4.271646
v -4.265318 6.893291 -4.299400
v -4.038732 6.461075 -4.344471
v -3.733799 6.082233 -4.405126
v -3.362237 5.771326 -4.479034
v -2.938325 5.540302 -4.563355
v -2.478354 5.398037 -4.654850
v -2.487725 10.301964 -4.750000
v -2.956708 10.159699 -4.750000
v -3.388924 9.928675 -4.750000
v -3.767766 9.617767 -4.750000
v -4.078673 9.238926 -4.750000
v -4.309698 8.806709 -4.750000
v -4.451962 8.337727 -4.750000
v -4.499998 7.850000 -4.750001
v -4.451962 7.362274 -4.750000
v -4.309698 6.893291 -4.750000
v -4.078673 6.461075 -4.750000
v -3.767766 6.082233 -4.750000
v -3.388924 5.771326 -4.750000
v -2.956708 5.540302 -4.750000
v -2.487725 5.398037 -4.750000
v -2.478354 10.301964 -4.845150
v -2.938325 10.159699 -4.936645
v -3.362236 9.928675 -5.020966
v -3.733799 9.617767 -5.094874
v -4.038732 9.238926 -5.155529
v -4.265318 8.806709 -5.200600
v -4.404848 8.337727 -5.228355
v -4.451961 7.850000 -5.237726
v -4.404848 7.362274 -5.228355
v -4.265318 6.893291 -5.200600
v -4.038732 6.461075 -5.155529
v -3.733799 6.082233 -5.094874
v -3.362236 5.771326 -5.020966
v -2.938325 5.540302 -4.936645
v -2.478354 5.398037 -4.845150
v -2.450599 10.301964 -4.936645
v -2.883883 10.159699 -5.116117
v -3.283199 9.928675 -5.281519
v -3.633203 9.617767 -5.426495
v -3.920443 9.238926 -5.545474
v -4.133883 8.806709 -5.633883
v -4.265317 8.337727 -5.688326
v -4.309696 7.850000 -5.706709
v -4.265317 7.362274 -5.688326
v -4.133883 6.893291 -5.633883
v -3.920443 6.461075 -5.545474
v -3.633203 6.082233 -5.426495
v -3.283199 5.771326 -5.281519
v -2.883883 5.540302 -5.116117
v -2.450599 5.398037 -4.936645
v -2.405529 10.301964 -5.020966
v -2.795474 10.159699 -5.281518
v -3.154848 9.928675 -5.521646
v -3.469844 9.617767 -5.732119
v -3.728353 9.238926 -5.904849
v -3.920444 8.806709 -6.033199
v -4.038732 8.337727 -6.112238
v -4.078671 7.850000 -6.138925
v -4.038732 7.362274 -6.112238
v -3.920444 6.893291 -6.033199
v -3.728353 6.461075 -5.904849
v -3.469844 6.082233 -5.732119
v -3.154848 5.771326 -5.521646
v -2.795474 5.540302 -5.281518
v -2.405529 5.398037 -5.020966
v -2.344874 10.301964 -5.094874
v -2.676495 10.159699 -5.426495
v -2.982117 9.928675 -5.732118
v -3.250000 9.617767 -6.000000
v -3.469843 9.238926 -6.219844
v -3.633203 8.806709 -6.383203
v -3.733799 8.337727 -6.483799
v -3.767764 7.850000 -6.517766
v -3.733799 7.362274 -6.483799
v -3.633203 6.893291 -6.383203
v -3.469843 6.461075 -6.219844
v -3.250000 6.082233 -6.000000
v -2.982117 5.771326 -5.732118
v -2.676495 5.540302 -5.426495
v -2.344874 5.398037 -5.094874
v -2.270966 10.301964 -5.155529
v -2.531518 10.159699 -5.545474
v -2.771645 9.928675 -5.904849
v -2.982118 9.617767 -6.219844
v -3.154848 9.238926 -6.478354
v -3.283199 8.806709 -6.670444
v -3.362236 8.337727 -6.788732
v -3.388923 7.850000 -6.828672
v -3.362236 7.362274 -6.788732
v -3.283199 6.893291 -6.670444
v -3.154848 6.461075 -6.478354
v -2.982118 6.082233 -6.219844
v -2.771645 5.771326 -5.904849
v -2.531518 5.540302 -5.545474
v -2.270966 5.398037 -5.155529
v -2.186644 10.301964 -5.200600
v -2.366116 10.159699 -5.633883
v -2.531518 9.928675 -6.033199
v -2.676495 9.617767 -6.383204
v -2.795473 9.238926 -6.670443
v -2.883883 8.806709 -6.883883
v -2.938324 8.337727 -7.015317
v -2.956707 7.850000 -7.059696
v -2.938324 7.362274 -7.015317
v -2.883883 6.893291 -6.883883
v -2.795473 6.461075 -6.670443
v -2.676495 6.082233 -6.383204
v -2.531518 5.771326 -6.033199
v -2.366116 5.540302 -5.633883
v -2.186644 5.398037 -5.200600
v -2.095150 10.301964 -5.228354
v -2.186644 10.159699 -5.688325
v -2.270965 9.928675 -6.112236
v -2.344874 9.617767 -6.483799
v -2.405528 9.238926 -6.788732
v -2.450599 8.806709 -7.015317
v -2.478353 8.337727 -7.154848
v -2.487724 7.850000 -7.201961
v -2.478353 7.362274 -7.154848
v -2.450599 6.893291 -7.015317
v -2.405528 6.461075 -6.788732
v -2.344874 6.082233 -6.483799
v -2.270965 5.771326 -6.112236
v -2.186644 5.540302 -5.688325
v -2.095150 5.398037 -5.228354
v -2.000000 10.301964 -5.237725
v -2.000000 10.159699 -5.706708
v -2.000000 9.617767 -6.517766
v -2.000000 8.806709 -7.059698
v -2.000000 6.893291 -7.059698
v -2.000000 6.082233 -6.517766
v -1.999999 5.771326 -6.138924
v -2.000000 5.540302 -5.706708
v -2.000000 5.398037 -5.237725
v 5.514603 2.364603 -1.014603
v 5.514603 4.835398 -1.014603
v 5.514603 2.364603 -3.485397
v 5.514603 4.835398 -3.485397
v 7.985397 2.364603 -1.014603
v 7.985397 4.835398 -1.014603
v 7.985397 2.364603 -3.485397
v 7.985397 4.835398 -3.485397
v 7.563303 8.913303 4.936697
v 7.563303 10.786697 4.936697
v 7.563303 8.913303 3.063303
v 7.563303 10.786697 3.063303
v 9.436697 8.913303 4.936697
v 9.436697 10.786697 4.936697
v 9.436697 8.913303 3.063303
v 9.436697 10.786697 3.063303
v -18.250000 1.350000 20.750000
v -18.250000 6.350000 20.750000
v -18.250000 1.350000 15.750000
v -18.250000 6.350000 15.750000
v -13.250000 1.350000 20.750000
v -13.250000 6.350000 20.750000
v -13.250000 1.350000 15.750000
v -13.250000 6.350000 15.750000
v 1.261842 14.019890 -18.953186
v 0.494292 15.728195 -18.906616
v 1.866508 14.339116 -20.697342
v 1.098958 16.047421 -20.650774
v 2.860232 14.719459 -18.271013
v 2.092682 16.427765 -18.224445
v 3.464899 15.038685 -20.015171
v 2.697349 16.746990 -19.968601
v -2.435678 4.327345 -11.312016
v -3.728541 7.204817 -11.233575
v -1.417177 4.865051 -14.249876
v -2.710040 7.742521 -14.171434
v 0.256654 5.505701 -10.162966
v -1.036209 8.383171 -10.084524
v 1.275155 6.043406 -13.100825
v -0.017708 8.920877 -13.022384
v -14.261637 5.976538 -9.622526
v -15.029187 7.684843 -9.575956
v -13.656971 6.295763 -11.366682
v -14.424520 8.004068 -11.320113
v -12.663246 6.676107 -8.940354
v -13.430796 8.384413 -8.893785
v -12.058579 6.995333 -10.684511
v -12.826130 8.703638 -10.637941
v -11.405655 0.254000 -16.072063
v -12.417966 2.507059 -16.010645
v -10.608169 0.675022 -18.372408
v -11.620480 2.928082 -18.310987
v -9.297560 1.176651 -15.172358
v -10.309871 3.429710 -15.110938
v -8.500073 1.597673 -17.472700
v -9.512384 3.850733 -17.411282
v 17.500000 0.850000 16.250000
v 17.500000 13.350000 16.250000
v 17.743862 0.850000 16.274019
v 17.743862 13.350000 16.274019
v 17.978354 0.850000 16.345150
v 17.978354 13.350000 16.345150
v 18.194462 0.850000 16.460663
v 18.194462 13.350000 16.460663
v 18.383884 0.850000 16.616116
v 18.383884 13.350000 16.616116
v 18.539337 0.850000 16.805538
v 18.539337 13.350000 16.805538
v 18.654850 0.850000 17.021646
v 18.654850 13.350000 17.021646
v 18.725981 0.850000 17.256138
v 18.725981 13.350000 17.256138
v 18.750000 0.850000 17.500000
v 18.750000 13.350000 17.500000
v 18.725981 0.850000 17.743862
v 18.725981 13.350000 17.743862
v 18.654850 0.850000 17.978354
v 18.654850 13.350000 17.978354
v 18.539337 0.850000 18.194462
v 18.539337 13.350000 18.194462
v 18.383884 0.850000 18.383884
v 18.383884 13.350000 18.383884
v 18.194462 0.850000 18.539337
v 18.194462 13.350000 18.539337
v 17.978354 0.850000 18.654850
v 17.978354 13.350000 18.654850
v 17.743862 0.850000 18.725981
v 17.743862 13.350000 18.725981
v 17.500000 0.850000 18.750000
v 17.500000 13.350000 18.750000
v 17.256138 0.850000 18.725981
v 17.256138 13.350000 18.725981
v 17.021646 0.850000 18.654850
v 17.021646 13.350000 18.654850
v 16.805538 0.850000 18.539337
v 16.805538 13.350000 18.539337
v 16.616116 0.850000 18.383884
v 16.616116 13.350000 18.383884
v 16.460663 0.850000 18.194462
v 16.460663 13.350000 18.194462
v 16.345150 0.850000 17.978354
v 16.345150 13.350000 17.978354
v 16.274019 0.850000 17.743862
v 16.274019 13.350000 17.743862
v 16.250000 0.850000 17.500000
v 16.250000 13.350000 17.500000
v 16.274019 0.850000 17.256138
v 16.274019 13.350000 17.256138
v 16.345150 0.850000 17.021646
v 16.345150 13.350000 17.021646
v 16.460663 0.850000 16.805538
v 16.460663 13.350000 16.805538
v 16.616116 0.850000 16.616116
v 16.616116 13.350000 16.616116
v 16.805538 0.850000 16.460663
v 16.805538 13.350000 16.460663
v 17.021646 0.850000 16.345150
v 17.021646 13.350000 16.345150
v 17.256138 0.850000 16.274019
v 17.256138 13.350000 16.274019
v -0.250000 0.850000 16.250000
v -0.250000 13.350000 16.250000
v -0.006137 0.850000 16.274019
v -0.006137 13.350000 16.274019
v 0.228354 0.850000 16.345150
v 0.228354 13.350000 16.345150
v 0.444463 0.850000 16.460663
v 0.444463 13.350000 16.460663
v 0.633883 0.850000 16.616116
v 0.633883 13.350000 16.616116
v 0.789337 0.850000 16.805538
v 0.789337 13.350000 16.805538
v 0.904849 0.850000 17.021646
v 0.904849 13.350000 17.021646
v 0.975982 0.850000 17.256138
v 0.975982 13.350000 17.256138
v 1.000000 0.850000 17.500000
v 1.000000 13.350000 17.500000
v 0.975982 0.850000 17.743862
v 0.975982 13.350000 17.743862
v 0.904849 0.850000 17.978354
v 0.904849 13.350000 17.978354
v 0.789337 0.850000 18.194462
v 0.789337 13.350000 18.194462
v 0.633883 0.850000 18.383884
v 0.633883 13.350000 18.383884
v 0.444463 0.850000 18.539337
v 0.444463 13.350000 18.539337
v 0.228354 0.850000 18.654850
v 0.228354 13.350000 18.654850
v -0.006137 0.850000 18.725981
v -0.006137 13.350000 18.725981
v -0.250000 0.850000 18.750000
v -0.250000 13.350000 18.750000
v -0.493863 0.850000 18.725981
v -0.493863 13.350000 18.725981
v -0.728354 0.850000 18.654850
v -0.728354 13.350000 18.654850
v -0.944463 0.850000 18.539337
v -0.944463 13.350000 18.539337
v -1.133883 0.850000 18.383884
v -1.133883 13.350000 18.383884
v -1.289337 0.850000 18.194462
v -1.289337 13.350000 18.194462
v -1.404849 0.850000 17.978354
v -1.404849 13.350000 17.978354
v -1.475982 0.850000 17.743862
v -1.475982 13.350000 17.743862
v -1.500000 0.850000 17.500000
v -1.500000 13.350000 17.500000
v -1.475982 0.850000 17.256138
v -1.475982 13.350000 17.256138
v -1.404849 0.850000 17.021646
v -1.404849 13.350000 17.021646
v -1.289337 0.850000 16.805538
v -1.289337 13.350000 16.805538
v -1.133883 0.850000 16.616116
v -1.133883 13.350000 16.616116
v -0.944463 0.850000 16.460663
v -0.944463 13.350000 16.460663
v -0.728354 0.850000 16.345150
v -0.728354 13.350000 16.345150
v -0.493863 0.850000 16.274019
v -0.493863 13.350000 16.274019
v 7.143087 0.850000 13.822255
v 7.143087 13.350000 13.822255
v 7.462584 0.850000 13.852696
v 7.462584 13.350000 13.852696
v 7.769804 0.850000 13.942848
v 7.769804 13.350000 13.942848
v 8.052938 0.850000 14.089247
v 8.052938 13.350000 14.089247
v 8.301108 0.850000 14.286267
v 8.301108 13.350000 14.286267
v 8.504776 0.850000 14.526337
v 8.504776 13.350000 14.526337
v 8.656115 0.850000 14.800230
v 8.656115 13.350000 14.800230
v 8.749309 0.850000 15.097422
v 8.749309 13.350000 15.097422
v 8.780777 0.850000 15.406490
v 8.780777 13.350000 15.406490
v 8.749309 0.850000 15.715559
v 8.749309 13.350000 15.715559
v 8.656115 0.850000 16.012751
v 8.656115 13.350000 16.012751
v 8.504776 0.850000 16.286644
v 8.504776 13.350000 16.286644
v 8.301108 0.850000 16.526714
v 8.301108 13.350000 16.526714
v 8.052938 0.850000 16.723734
v 8.052938 13.350000 16.723734
v 7.769804 0.850000 16.870132
v 7.769804 13.350000 16.870132
v 7.462584 0.850000 16.960285
v 7.462584 13.350000 16.960285
v 7.143087 0.850000 16.990725
v 7.143087 13.350000 16.990725
v 6.823590 0.850000 16.960285
v 6.823590 13.350000 16.960285
v 6.516371 0.850000 16.870132
v 6.516371 13.350000 16.870132
v 6.233236 0.850000 16.723734
v 6.233236 13.350000 16.723734
v 5.985066 0.850000 16.526714
v 5.985066 13.350000 16.526714
v 5.781399 0.850000 16.286644
v 5.781399 13.350000 16.286644
v 5.630060 0.850000 16.012751
v 5.630060 13.350000 16.012751
v 5.536866 0.850000 15.715559
v 5.536866 13.350000 15.715559
v 5.505398 0.850000 15.406490
v 5.505398 13.350000 15.406490
v 5.536866 0.850000 15.097422
v 5.536866 13.350000 15.097422
v 5.630060 0.850000 14.800230
v 5.630060 13.350000 14.800230
v 5.781399 0.850000 14.526337
v 5.781399 13.350000 14.526337
v 5.985066 0.850000 14.286267
v 5.985066 13.350000 14.286267
v 6.233236 0.850000 14.089247
v 6.233236 13.350000 14.089247
v 6.516371 0.850000 13.942848
v 6.516371 13.350000 13.942848
v 6.823590 0.850000 13.852696
v 6.823590 13.350000 13.852696
v 14.183197 0.850000 3.421135
v 14.183197 13.350000 3.421135
v 14.159179 0.850000 3.664998
v 14.159179 13.350000 3.664998
v 14.088046 0.850000 3.899489
v 14.088046 13.350000 3.899489
v 13.972534 0.850000 4.115598
v 13.972534 13.350000 4.115598
v 13.817080 0.850000 4.305018
v 13.817080 13.350000 4.305018
v 13.627660 0.850000 4.460472
v 13.627660 13.350000 4.460472
v 13.411551 0.850000 4.575984
v 13.411551 13.350000 4.575984
v 13.177060 0.850000 4.647117
v 13.177060 13.350000 4.647117
v 12.933197 0.850000 4.671135
v 12.933197 13.350000 4.671135
v 12.689334 0.850000 4.647117
v 12.689334 13.350000 4.647117
v 12.454843 0.850000 4.575984
v 12.454843 13.350000 4.575984
v 12.238734 0.850000 4.460472
v 12.238734 13.350000 4.460472
v 12.049314 0.850000 4.305018
v 12.049314 13.350000 4.305018
v 11.893860 0.850000 4.115598
v 11.893860 13.350000 4.115598
v 11.778348 0.850000 3.899489
v 11.778348 13.350000 3.899489
v 11.707215 0.850000 3.664998
v 11.707215 13.350000 3.664998
v 11.683197 0.850000 3.421135
v 11.683197 13.350000 3.421135
v 11.707215 0.850000 3.177272
v 11.707215 13.350000 3.177272
v 11.778348 0.850000 2.942780
v 11.778348 13.350000 2.942780
v 11.893860 0.850000 2.726672
v 11.893860 13.350000 2.726672
v 12.049314 0.850000 2.537251
v 12.049314 13.350000 2.537251
v 12.238734 0.850000 2.381798
v 12.238734 13.350000 2.381798
v 12.454843 0.850000 2.266285
v 12.454843 13.350000 2.266285
v 12.689334 0.850000 2.195153
v 12.689334 13.350000 2.195153
v 12.933197 0.850000 2.171135
v 12.933197 13.350000 2.171135
v 13.177060 0.850000 2.195153
v 13.177060 13.350000 2.195153
v 13.411551 0.850000 2.266285
v 13.411551 13.350000 2.266285
v 13.627660 0.850000 2.381798
v 13.627660 13.350000 2.381798
v 13.817080 0.850000 2.537251
v 13.817080 13.350000 2.537251
v 13.972534 0.850000 2.726672
v 13.972534 13.350000 2.726672
v 14.088046 0.850000 2.942781
v 14.088046 13.350000 2.942781
v 14.159179 0.850000 3.177272
v 14.159179 13.350000 3.177272
v 14.183197 0.850000 -14.328864
v 14.183197 13.350000 -14.328864
v 14.159179 0.850000 -14.085001
v 14.159179 13.350000 -14.085001
v 14.088046 0.850000 -13.850510
v 14.088046 13.350000 -13.850510
v 13.972534 0.850000 -13.634401
v 13.972534 13.350000 -13.634401
v 13.817080 0.850000 -13.444981
v 13.817080 13.350000 -13.444981
v 13.627660 0.850000 -13.289527
v 13.627660 13.350000 -13.289527
v 13.411551 0.850000 -13.174015
v 13.411551 13.350000 -13.174015
v 13.177060 0.850000 -13.102882
v 13.177060 13.350000 -13.102882
v 12.933197 0.850000 -13.078864
v 12.933197 13.350000 -13.078864
v 12.689334 0.850000 -13.102882
v 12.689334 13.350000 -13.102882
v 12.454843 0.850000 -13.174015
v 12.454843 13.350000 -13.174015
v 12.238734 0.850000 -13.289527
v 12.238734 13.350000 -13.289527
v 12.049314 0.850000 -13.444981
v 12.049314 13.350000 -13.444981
v 11.893860 0.850000 -13.634401
v 11.893860 13.350000 -13.634401
v 11.778348 0.850000 -13.850510
v 11.778348 13.350000 -13.850510
v 11.707215 0.850000 -14.085001
v 11.707215 13.350000 -14.085001
v 11.683197 0.850000 -14.328864
v 11.683197 13.350000 -14.328864
v 11.707215 0.850000 -14.572727
v 11.707215 13.350000 -14.572727
v 11.778348 0.850000 -14.807219
v 11.778348 13.350000 -14.807219
v 11.893860 0.850000 -15.023327
v 11.893860 13.350000 -15.023327
v 12.049314 0.850000 -15.212748
v 12.049314 13.350000 -15.212748
v 12.238734 0.850000 -15.368201
v 12.238734 13.350000 -15.368201
v 12.454843 0.850000 -15.483713
v 12.454843 13.350000 -15.483713
v 12.689334 0.850000 -15.554846
v 12.689334 13.350000 -15.554846
v 12.933197 0.850000 -15.578864
v 12.933197 13.350000 -15.578864
v 13.177060 0.850000 -15.554846
v 13.177060 13.350000 -15.554846
v 13.411551 0.850000 -15.483713
v 13.411551 13.350000 -15.483713
v 13.627660 0.850000 -15.368201
v 13.627660 13.350000 -15.368201
v 13.817080 0.850000 -15.212748
v 13.817080 13.350000 -15.212748
v 13.972534 0.850000 -15.023327
v 13.972534 13.350000 -15.023327
v 14.088046 0.850000 -14.807219
v 14.088046 13.350000 -14.807219
v 14.159179 0.850000 -14.572727
v 14.159179 13.350000 -14.572727
v 16.610941 0.850000 -6.935776
v 16.610941 13.350000 -6.935776
v 16.580502 0.850000 -6.616278
v 16.580502 13.350000 -6.616278
v 16.490349 0.850000 -6.309059
v 16.490349 13.350000 -6.309059
v 16.343950 0.850000 -6.025924
v 16.343950 13.350000 -6.025924
v 16.146931 0.850000 -5.777755
v 16.146931 13.350000 -5.777755
v 15.906860 0.850000 -5.574087
v 15.906860 13.350000 -5.574087
v 15.632967 0.850000 -5.422748
v 15.632967 13.350000 -5.422748
v 15.335775 0.850000 -5.329555
v 15.335775 13.350000 -5.329555
v 15.026707 0.850000 -5.298087
v 15.026707 13.350000 -5.298087
v 14.717638 0.850000 -5.329555
v 14.717638 13.350000 -5.329555
v 14.420446 0.850000 -5.422748
v 14.420446 13.350000 -5.422748
v 14.146553 0.850000 -5.574087
v 14.146553 13.350000 -5.574087
v 13.906484 0.850000 -5.777755
v 13.906484 13.350000 -5.777755
v 13.709463 0.850000 -6.025924
v 13.709463 13.350000 -6.025924
v 13.563065 0.850000 -6.309059
v 13.563065 13.350000 -6.309059
v 13.472913 0.850000 -6.616279
v 13.472913 13.350000 -6.616279
v 13.442472 0.850000 -6.935776
v 13.442472 13.350000 -6.935776
v 13.472913 0.850000 -7.255273
v 13.472913 13.350000 -7.255273
v 13.563065 0.850000 -7.562492
v 13.563065 13.350000 -7.562492
v 13.709463 0.850000 -7.845627
v 13.709463 13.350000 -7.845627
v 13.906484 0.850000 -8.093797
v 13.906484 13.350000 -8.093797
v 14.146553 0.850000 -8.297464
v 14.146553 13.350000 -8.297464
v 14.420446 0.850000 -8.448803
v 14.420446 13.350000 -8.448803
v 14.717638 0.850000 -8.541997
v 14.717638 13.350000 -8.541997
v 15.026707 0.850000 -8.573465
v 15.026707 13.350000 -8.573465
v 15.335775 0.850000 -8.541997
v 15.335775 13.350000 -8.541997
v 15.632967 0.850000 -8.448803
v 15.632967 13.350000 -8.448803
v 15.906860 0.850000 -8.297464
v 15.906860 13.350000 -8.297464
v 16.146931 0.850000 -8.093797
v 16.146931 13.350000 -8.093797
v 16.343950 0.850000 -7.845627
v 16.343950 13.350000 -7.845627
v 16.490349 0.850000 -7.562492
v 16.490349 13.350000 -7.562492
v 16.580502 0.850000 -7.255273
v 16.580502 13.350000 -7.255273
v 25.000000 25.271704 -25.006922
v 25.000000 25.271704 -25.506922
v 25.000000 0.271704 -25.006922
v 25.000000 0.271704 -25.506922
v -25.000000 25.271704 -25.006922
v -25.000000 25.271704 -25.506922
v -25.000000 0.271704 -25.006922
v -25.000000 0.271704 -25.506922
v -25.133862 25.271704 -25.006922
v -25.633862 25.271704 -25.006922
v -25.133863 0.271704 -25.006922
v -25.633863 0.271704 -25.006922
v -25.133860 25.271704 24.993078
v -25.633860 25.271704 24.993078
v -25.133862 0.271704 24.993078
v -25.633862 0.271704 24.993078
v -25.133862 25.271704 24.993086
v -25.133862 25.271704 25.493086
v -25.133862 0.271704 24.993088
v -25.133862 0.271704 25.493088
v 24.866138 25.271704 24.993069
v 24.866138 25.271704 25.493069
v 24.866138 0.271704 24.993071
v 24.866138 0.271704 25.493071
v 24.866150 25.271704 24.993078
v 25.366150 25.271704 24.993078
v 24.866152 0.271704 24.993078
v 25.366152 0.271704 24.993078
v 24.866125 25.271704 -25.006922
v 25.366125 25.271704 -25.006922
v 24.866127 0.271704 -25.006922
v 25.366127 0.271704 -25.006922
vn -0.0000 1.0000 -0.0000
vn -0.0000 -0.0000 1.0000
vn -1.0000 -0.0000 -0.0000
vn -0.0000 -1.0000 -0.0000
vn 1.0000 -0.0000 -0.0000
vn -0.0000 -0.0000 -1.0000
vn 0.1069 -0.0000 -0.9943
vn 0.3144 -0.0000 -0.9493
vn 0.5040 -0.0000 -0.8637
vn 0.6673 -0.0000 -0.7448
vn 0.7993 -0.0000 -0.6009
vn 0.8981 -0.0000 -0.4398
vn 0.9635 -0.0000 -0.2677
vn 0.9960 -0.0000 -0.0899
vn 0.9960 -0.0000 0.0899
vn 0.9635 -0.0000 0.2677
vn 0.8981 -0.0000 0.4398
vn 0.7993 -0.0000 0.6009
vn 0.6673 -0.0000 0.7448
vn 0.5040 -0.0000 0.8637
vn 0.3143 -0.0000 0.9493
vn 0.1069 -0.0000 0.9943
vn -0.1069 -0.0000 0.9943
vn -0.3143 -0.0000 0.9493
vn -0.5040 -0.0000 0.8637
vn -0.6673 -0.0000 0.7448
vn -0.7993 -0.0000 0.6009
vn -0.8981 -0.0000 0.4398
vn -0.9635 -0.0000 0.2677
vn -0.9960 -0.0000 0.0899
vn -0.9960 -0.0000 -0.0899
vn -0.9635 -0.0000 -0.2677
vn -0.8981 -0.0000 -0.4398
vn -0.7993 -0.0000 -0.6009
vn -0.6673 -0.0000 -0.7448
vn -0.5040 -0.0000 -0.8637
vn -0.3144 -0.0000 -0.9493
vn -0.1069 -0.0000 -0.9943
vn 0.0980 -0.0000 -0.9952
vn 0.2903 -0.0000 -0.9569
vn 0.4714 -0.0000 -0.8819
vn 0.6344 -0.0000 -0.7730
vn 0.7730 -0.0000 -0.6344
vn 0.8819 -0.0000 -0.4714
vn 0.9569 -0.0000 -0.2903
vn 0.9952 -0.0000 -0.0980
vn 0.9952 -0.0000 0.0980
vn 0.9569 -0.0000 0.2903
vn 0.8819 -0.0000 0.4714
vn 0.7730 -0.0000 0.6344
vn 0.6344 -0.0000 0.7730
vn 0.4714 -0.0000 0.8819
vn 0.2903 -0.0000 0.9569
vn 0.0980 -0.0000 0.9952
vn -0.0980 -0.0000 0.9952
vn -0.2903 -0.0000 0.9569
vn -0.4714 -0.0000 0.8819
vn -0.6344 -0.0000 0.7730
vn -0.7730 -0.0000 0.6344
vn -0.8819 -0.0000 0.4714
vn -0.9569 -0.0000 0.2903
vn -0.9952 -0.0000 0.0980
vn -0.9952 -0.0000 -0.0980
vn -0.9569 -0.0000 -0.2903
vn -0.8819 -0.0000 -0.4714
vn -0.7730 -0.0000 -0.6344
vn -0.6344 -0.0000 -0.7730
vn -0.4714 -0.0000 -0.8819
vn -0.2903 -0.0000 -0.9569
vn -0.0980 -0.0000 -0.9952
vn 0.0948 -0.0000 -0.9955
vn 0.2816 -0.0000 -0.9595
vn 0.4593 -0.0000 -0.8883
vn 0.6218 -0.0000 -0.7832
vn 0.7626 -0.0000 -0.6469
vn 0.8753 -0.0000 -0.4836
vn 0.9542 -0.0000 -0.2992
vn 0.9949 -0.0000 -0.1013
vn 0.9949 -0.0000 0.1013
vn 0.9542 -0.0000 0.2992
vn 0.8753 -0.0000 0.4836
vn 0.7626 -0.0000 0.6469
vn 0.6218 -0.0000 0.7832
vn 0.4593 -0.0000 0.8883
vn 0.2816 -0.0000 0.9595
vn 0.0948 -0.0000 0.9955
vn -0.0948 -0.0000 0.9955
vn -0.2816 -0.0000 0.9595
vn -0.4593 -0.0000 0.8883
vn -0.6218 -0.0000 0.7832
vn -0.7626 -0.0000 0.6469
vn -0.8753 -0.0000 0.4836
vn -0.9542 -0.0000 0.2992
vn -0.9949 -0.0000 0.1013
vn -0.9949 -0.0000 -0.1013
vn -0.9542 -0.0000 -0.2992
vn -0.8753 -0.0000 -0.4836
vn -0.7626 -0.0000 -0.6469
vn -0.6218 -0.0000 -0.7832
vn -0.4593 -0.0000 -0.8883
vn -0.2816 -0.0000 -0.9595
vn -0.0948 -0.0000 -0.9955
vn 0.2067 -0.0000 -0.9784
vn 0.5454 -0.0000 -0.8381
vn 0.7537 -0.0000 -0.6573
vn 0.8695 -0.0000 -0.4939
vn 0.9340 -0.0000 -0.3573
vn 0.9703 -0.0000 -0.2418
vn 0.9902 -0.0000 -0.1400
vn 0.9989 -0.0000 -0.0459
vn 0.9989 -0.0000 0.0459
vn 0.9902 -0.0000 0.1400
vn 0.9703 -0.0000 0.2418
vn 0.9340 -0.0000 0.3573
vn 0.8695 -0.0000 0.4939
vn 0.7537 -0.0000 0.6573
vn 0.5454 -0.0000 0.8381
vn 0.2067 -0.0000 0.9784
vn -0.2067 -0.0000 0.9784
vn -0.5454 -0.0000 0.8381
vn -0.7537 -0.0000 0.6573
vn -0.8695 -0.0000 0.4939
vn -0.9340 -0.0000 0.3573
vn -0.9703 -0.0000 0.2418
vn -0.9902 -0.0000 0.1400
vn -0.9989 -0.0000 0.0459
vn -0.9989 -0.0000 -0.0459
vn -0.9902 -0.0000 -0.1400
vn -0.9703 -0.0000 -0.2418
vn -0.9340 -0.0000 -0.3573
vn -0.8695 -0.0000 -0.4939
vn -0.7537 -0.0000 -0.6573
vn -0.5454 -0.0000 -0.8381
vn -0.2067 -0.0000 -0.9784
vn 0.1483 -0.0000 -0.9889
vn 0.4192 -0.0000 -0.9079
vn 0.6311 -0.0000 -0.7757
vn 0.7807 -0.0000 -0.6250
vn 0.8802 -0.0000 -0.4746
vn 0.9435 -0.0000 -0.3313
vn 0.9807 -0.0000 -0.1955
vn 0.9979 -0.0000 -0.0646
vn 0.9979 -0.0000 0.0646
vn 0.9807 -0.0000 0.1955
vn 0.9435 -0.0000 0.3313
vn 0.8802 -0.0000 0.4746
vn 0.7807 -0.0000 0.6250
vn 0.6311 -0.0000 0.7757
vn 0.4192 -0.0000 0.9079
vn 0.1483 -0.0000 0.9889
vn -0.1483 -0.0000 0.9889
vn -0.4192 -0.0000 0.9079
vn -0.6311 -0.0000 0.7757
vn -0.7807 -0.0000 0.6250
vn -0.8802 -0.0000 0.4746
vn -0.9435 -0.0000 0.3313
vn -0.9807 -0.0000 0.1955
vn -0.9979 -0.0000 0.0646
vn -0.9979 -0.0000 -0.0646
vn -0.9807 -0.0000 -0.1955
vn -0.9435 -0.0000 -0.3313
vn -0.8802 -0.0000 -0.4746
vn -0.7807 -0.0000 -0.6250
vn -0.6311 -0.0000 -0.7757
vn -0.4192 -0.0000 -0.9079
vn -0.1483 -0.0000 -0.9889
vn 0.0975 0.0975 -0.9904
vn 0.0097 0.9951 -0.0980
vn 0.0096 -0.9951 -0.0980
vn 0.0975 -0.0975 -0.9904
vn 0.0286 0.9565 -0.2902
vn 0.0938 -0.2890 -0.9527
vn 0.0464 0.8810 -0.4709
vn 0.0865 -0.4696 -0.8786
vn 0.0624 0.7715 -0.6332
vn 0.0759 -0.6326 -0.7708
vn 0.0759 0.6326 -0.7708
vn 0.0624 -0.7715 -0.6332
vn 0.0865 0.4696 -0.8786
vn 0.0464 -0.8810 -0.4709
vn 0.0938 0.2890 -0.9527
vn 0.0286 -0.9565 -0.2902
vn 0.1373 -0.8810 -0.4528
vn 0.2779 0.2890 -0.9161
vn 0.0846 -0.9565 -0.2790
vn 0.2889 0.0975 -0.9524
vn 0.0286 0.9951 -0.0942
vn 0.0286 -0.9951 -0.0942
vn 0.2889 -0.0975 -0.9524
vn 0.0846 0.9566 -0.2790
vn 0.2779 -0.2890 -0.9161
vn 0.1374 0.8810 -0.4528
vn 0.2563 -0.4696 -0.8448
vn 0.1847 0.7715 -0.6088
vn 0.2248 -0.6326 -0.7412
vn 0.2248 0.6326 -0.7412
vn 0.1847 -0.7715 -0.6088
vn 0.2563 0.4696 -0.8448
vn 0.4162 -0.4696 -0.7786
vn 0.2999 0.7715 -0.5611
vn 0.3651 -0.6326 -0.6831
vn 0.3651 0.6326 -0.6831
vn 0.2999 -0.7715 -0.5611
vn 0.4162 0.4696 -0.7786
vn 0.2231 -0.8810 -0.4173
vn 0.4513 0.2890 -0.8443
vn 0.1374 -0.9565 -0.2571
vn 0.4691 0.0975 -0.8777
vn 0.0464 0.9951 -0.0869
vn 0.0464 -0.9951 -0.0869
vn 0.4691 -0.0975 -0.8777
vn 0.1374 0.9565 -0.2571
vn 0.4513 -0.2890 -0.8443
vn 0.2230 0.8810 -0.4173
vn 0.1850 -0.9565 -0.2254
vn 0.6314 0.0975 -0.7693
vn 0.0625 0.9951 -0.0761
vn 0.0625 -0.9951 -0.0761
vn 0.6314 -0.0975 -0.7693
vn 0.1850 0.9565 -0.2254
vn 0.6073 -0.2890 -0.7400
vn 0.3002 0.8810 -0.3658
vn 0.5601 -0.4696 -0.6825
vn 0.4036 0.7715 -0.4918
vn 0.4913 -0.6326 -0.5987
vn 0.4913 0.6326 -0.5987
vn 0.4036 -0.7715 -0.4918
vn 0.5601 0.4696 -0.6825
vn 0.3002 -0.8810 -0.3658
vn 0.6073 0.2890 -0.7400
vn 0.4918 0.7715 -0.4036
vn 0.5987 -0.6326 -0.4913
vn 0.5987 0.6326 -0.4913
vn 0.4918 -0.7715 -0.4036
vn 0.6825 0.4696 -0.5601
vn 0.3658 -0.8810 -0.3002
vn 0.7400 0.2890 -0.6073
vn 0.2254 -0.9565 -0.1850
vn 0.7693 0.0975 -0.6314
vn 0.0761 0.9951 -0.0625
vn 0.0761 -0.9951 -0.0625
vn 0.7693 -0.0975 -0.6314
vn 0.2254 0.9565 -0.1850
vn 0.7400 -0.2890 -0.6073
vn 0.3658 0.8810 -0.3002
vn 0.6825 -0.4696 -0.5601
vn 0.8777 0.0975 -0.4691
vn 0.0869 0.9951 -0.0464
vn 0.0869 -0.9951 -0.0464
vn 0.8777 -0.0975 -0.4691
vn 0.2571 0.9566 -0.1374
vn 0.8443 -0.2890 -0.4513
vn 0.4173 0.8810 -0.2231
vn 0.7786 -0.4696 -0.4162
vn 0.5611 0.7715 -0.2999
vn 0.6831 -0.6326 -0.3651
vn 0.6831 0.6326 -0.3651
vn 0.5611 -0.7715 -0.2999
vn 0.7786 0.4696 -0.4162
vn 0.4173 -0.8810 -0.2230
vn 0.8443 0.2890 -0.4513
vn 0.2571 -0.9565 -0.1374
vn 0.7412 -0.6326 -0.2248
vn 0.7412 0.6326 -0.2248
vn 0.6088 -0.7715 -0.1847
vn 0.8448 0.4696 -0.2563
vn 0.4528 -0.8810 -0.1374
vn 0.9161 0.2890 -0.2779
vn 0.2790 -0.9565 -0.0846
vn 0.9524 0.0975 -0.2889
vn 0.0942 0.9951 -0.0286
vn 0.0942 -0.9951 -0.0286
vn 0.9524 -0.0975 -0.2889
vn 0.2790 0.9565 -0.0846
vn 0.9161 -0.2890 -0.2779
vn 0.4528 0.8810 -0.1374
vn 0.8448 -0.4696 -0.2563
vn 0.6088 0.7715 -0.1847
vn 0.0980 0.9951 -0.0096
vn 0.0980 -0.9951 -0.0096
vn 0.9904 -0.0975 -0.0975
vn 0.2902 0.9565 -0.0286
vn 0.9527 -0.2890 -0.0938
vn 0.4709 0.8810 -0.0464
vn 0.8786 -0.4696 -0.0865
vn 0.6332 0.7715 -0.0624
vn 0.7708 -0.6326 -0.0759
vn 0.7708 0.6326 -0.0759
vn 0.6332 -0.7715 -0.0624
vn 0.8786 0.4696 -0.0865
vn 0.4709 -0.8810 -0.0464
vn 0.9527 0.2890 -0.0938
vn 0.2902 -0.9565 -0.0286
vn 0.9904 0.0975 -0.0975
vn 0.7708 0.6326 0.0759
vn 0.6332 -0.7715 0.0624
vn 0.8786 0.4696 0.0865
vn 0.4709 -0.8810 0.0464
vn 0.9527 0.2890 0.0938
vn 0.2902 -0.9565 0.0286
vn 0.9904 0.0975 0.0975
vn 0.0980 0.9951 0.0096
vn 0.0980 -0.9951 0.0096
vn 0.9904 -0.0975 0.0975
vn 0.2902 0.9565 0.0286
vn 0.9527 -0.2890 0.0938
vn 0.4709 0.8810 0.0464
vn 0.8786 -0.4696 0.0865
vn 0.6332 0.7715 0.0624
vn 0.7708 -0.6326 0.0759
vn 0.9524 -0.0975 0.2889
vn 0.2790 0.9566 0.0846
vn 0.9161 -0.2890 0.2779
vn 0.4528 0.8810 0.1374
vn 0.8448 -0.4696 0.2563
vn 0.6088 0.7715 0.1847
vn 0.7412 -0.6326 0.2248
vn 0.7412 0.6326 0.2248
vn 0.6088 -0.7715 0.1847
vn 0.8448 0.4696 0.2563
vn 0.4528 -0.8810 0.1374
vn 0.9161 0.2890 0.2779
vn 0.2790 -0.9565 0.0846
vn 0.9524 0.0975 0.2889
vn 0.0942 0.9951 0.0286
vn 0.0942 -0.9951 0.0286
vn 0.5611 -0.7715 0.2999
vn 0.7786 0.4696 0.4162
vn 0.4173 -0.8810 0.2231
vn 0.8443 0.2890 0.4513
vn 0.2571 -0.9566 0.1374
vn 0.8777 0.0975 0.4691
vn 0.0869 0.9951 0.0464
vn 0.0869 -0.9951 0.0464
vn 0.8777 -0.0975 0.4691
vn 0.2571 0.9566 0.1374
vn 0.8443 -0.2890 0.4513
vn 0.4173 0.8810 0.2231
vn 0.7786 -0.4696 0.4162
vn 0.5611 0.7715 0.2999
vn 0.6831 -0.6326 0.3651
vn 0.6831 0.6326 0.3651
vn 0.7400 -0.2890 0.6073
vn 0.3658 0.8810 0.3002
vn 0.6825 -0.4696 0.5601
vn 0.4918 0.7715 0.4036
vn 0.5987 -0.6326 0.4913
vn 0.5987 0.6326 0.4913
vn 0.4918 -0.7715 0.4036
vn 0.6825 0.4696 0.5601
vn 0.3658 -0.8810 0.3002
vn 0.7400 0.2890 0.6073
vn 0.2254 -0.9565 0.1850
vn 0.7693 0.0975 0.6314
vn 0.0761 0.9951 0.0625
vn 0.0761 -0.9951 0.0625
vn 0.7693 -0.0975 0.6314
vn 0.2254 0.9565 0.1850
vn 0.3002 -0.8810 0.3658
vn 0.6073 0.2890 0.7400
vn 0.1850 -0.9565 0.2254
vn 0.6314 0.0975 0.7693
vn 0.0625 0.9951 0.0761
vn 0.0625 -0.9951 0.0761
vn 0.6314 -0.0975 0.7693
vn 0.1850 0.9565 0.2254
vn 0.6073 -0.2890 0.7400
vn 0.3002 0.8810 0.3658
vn 0.5601 -0.4696 0.6825
vn 0.4036 0.7715 0.4918
vn 0.4913 -0.6326 0.5987
vn 0.4913 0.6326 0.5987
vn 0.4036 -0.7715 0.4918
vn 0.5601 0.4696 0.6825
vn 0.2230 0.8810 0.4173
vn 0.4162 -0.4696 0.7786
vn 0.2999 0.7715 0.5611
vn 0.3651 -0.6326 0.6831
vn 0.3651 0.6326 0.6831
vn 0.2999 -0.7715 0.5611
vn 0.4162 0.4696 0.7786
vn 0.2230 -0.8810 0.4173
vn 0.4513 0.2890 0.8443
vn 0.1374 -0.9565 0.2571
vn 0.4691 0.0975 0.8777
vn 0.0464 0.9951 0.0869
vn 0.0464 -0.9951 0.0869
vn 0.4691 -0.0975 0.8777
vn 0.1374 0.9565 0.2571
vn 0.4513 -0.2890 0.8443
vn 0.2779 0.2890 0.9161
vn 0.0847 -0.9565 0.2790
vn 0.2889 0.0975 0.9524
vn 0.0286 0.9951 0.0942
vn 0.0286 -0.9951 0.0942
vn 0.2889 -0.0975 0.9524
vn 0.0846 0.9566 0.2790
vn 0.2779 -0.2890 0.9161
vn 0.1374 0.8810 0.4528
vn 0.2563 -0.4696 0.8448
vn 0.1847 0.7715 0.6088
vn 0.2248 -0.6326 0.7412
vn 0.2248 0.6326 0.7412
vn 0.1847 -0.7715 0.6088
vn 0.2563 0.4696 0.8448
vn 0.1373 -0.8810 0.4528
vn 0.0865 -0.4696 0.8786
vn 0.0624 0.7715 0.6332
vn 0.0759 -0.6326 0.7708
vn 0.0759 0.6326 0.7708
vn 0.0624 -0.7715 0.6332
vn 0.0865 0.4696 0.8786
vn 0.0464 -0.8810 0.4709
vn 0.0938 0.2890 0.9527
vn 0.0286 -0.9565 0.2902
vn 0.0975 0.0975 0.9904
vn 0.0097 0.9951 0.0980
vn 0.0096 -0.9951 0.0980
vn 0.0975 -0.0975 0.9904
vn 0.0286 0.9565 0.2902
vn 0.0938 -0.2890 0.9527
vn 0.0464 0.8810 0.4709
vn -0.0286 -0.9565 0.2902
vn -0.0975 0.0975 0.9904
vn -0.0097 0.9951 0.0980
vn -0.0096 -0.9951 0.0980
vn -0.0975 -0.0975 0.9904
vn -0.0286 0.9565 0.2902
vn -0.0938 -0.2890 0.9527
vn -0.0464 0.8810 0.4709
vn -0.0865 -0.4696 0.8786
vn -0.0624 0.7715 0.6332
vn -0.0759 -0.6326 0.7708
vn -0.0759 0.6326 0.7708
vn -0.0624 -0.7715 0.6332
vn -0.0865 0.4696 0.8786
vn -0.0464 -0.8810 0.4709
vn -0.0938 0.2890 0.9527
vn -0.1847 0.7715 0.6088
vn -0.2248 -0.6326 0.7412
vn -0.2248 0.6326 0.7412
vn -0.1847 -0.7715 0.6088
vn -0.2563 0.4696 0.8448
vn -0.1374 -0.8810 0.4528
vn -0.2779 0.2890 0.9161
vn -0.0847 -0.9565 0.2790
vn -0.2889 0.0975 0.9524
vn -0.0286 0.9951 0.0942
vn -0.0286 -0.9951 0.0942
vn -0.2889 -0.0975 0.9524
vn -0.0846 0.9566 0.2790
vn -0.2779 -0.2890 0.9161
vn -0.1374 0.8810 0.4528
vn -0.2563 -0.4696 0.8448
vn -0.4691 0.0975 0.8777
vn -0.0464 0.9951 0.0869
vn -0.0464 -0.9951 0.0869
vn -0.4691 -0.0975 0.8777
vn -0.1374 0.9565 0.2571
vn -0.4513 -0.2890 0.8443
vn -0.2230 0.8810 0.4173
vn -0.4162 -0.4696 0.7786
vn -0.2999 0.7715 0.5611
vn -0.3651 -0.6326 0.6831
vn -0.3651 0.6326 0.6831
vn -0.2999 -0.7715 0.5611
vn -0.4162 0.4696 0.7786
vn -0.2231 -0.8810 0.4173
vn -0.4513 0.2890 0.8443
vn -0.1374 -0.9565 0.2571
vn -0.4913 -0.6326 0.5987
vn -0.4913 0.6326 0.5987
vn -0.4036 -0.7715 0.4918
vn -0.5601 0.4696 0.6825
vn -0.3002 -0.8810 0.3658
vn -0.6073 0.2890 0.7400
vn -0.1850 -0.9565 0.2254
vn -0.6314 0.0975 0.7693
vn -0.0625 0.9951 0.0761
vn -0.0625 -0.9951 0.0761
vn -0.6314 -0.0975 0.7693
vn -0.1850 0.9565 0.2254
vn -0.6073 -0.2890 0.7400
vn -0.3002 0.8810 0.3658
vn -0.5601 -0.4696 0.6825
vn -0.4036 0.7715 0.4918
vn -0.0761 -0.9951 0.0625
vn -0.7693 -0.0975 0.6314
vn -0.2254 0.9565 0.1850
vn -0.7400 -0.2890 0.6073
vn -0.3658 0.8810 0.3002
vn -0.6825 -0.4696 0.5601
vn -0.4918 0.7715 0.4036
vn -0.5987 -0.6326 0.4913
vn -0.5987 0.6326 0.4913
vn -0.4918 -0.7715 0.4036
vn -0.6825 0.4696 0.5601
vn -0.3658 -0.8810 0.3002
vn -0.7400 0.2890 0.6073
vn -0.2254 -0.9565 0.1850
vn -0.7693 0.0975 0.6314
vn -0.0761 0.9951 0.0625
vn -0.5611 -0.7715 0.2999
vn -0.7786 0.4696 0.4162
vn -0.4173 -0.8810 0.2231
vn -0.8443 0.2890 0.4513
vn -0.2571 -0.9565 0.1374
vn -0.8777 0.0975 0.4691
vn -0.0869 0.9951 0.0464
vn -0.0869 -0.9951 0.0464
vn -0.8777 -0.0975 0.4691
vn -0.2571 0.9566 0.1374
vn -0.8443 -0.2890 0.4513
vn -0.4173 0.8810 0.2231
vn -0.7786 -0.4696 0.4162
vn -0.5611 0.7715 0.2999
vn -0.6831 -0.6326 0.3651
vn -0.6831 0.6326 0.3651
vn -0.2790 0.9565 0.0846
vn -0.9161 -0.2890 0.2779
vn -0.4528 0.8810 0.1374
vn -0.8448 -0.4696 0.2563
vn -0.6088 0.7715 0.1847
vn -0.7412 -0.6326 0.2248
vn -0.7412 0.6326 0.2248
vn -0.6088 -0.7715 0.1847
vn -0.8448 0.4696 0.2563
vn -0.4528 -0.8810 0.1373
vn -0.9161 0.2890 0.2779
vn -0.2790 -0.9565 0.0846
vn -0.9524 0.0975 0.2889
vn -0.0942 0.9951 0.0286
vn -0.0942 -0.9951 0.0286
vn -0.9524 -0.0975 0.2889
vn -0.8786 0.4696 0.0865
vn -0.4709 -0.8810 0.0464
vn -0.9527 0.2890 0.0938
vn -0.2902 -0.9565 0.0286
vn -0.9904 0.0975 0.0975
vn -0.0980 0.9951 0.0097
vn -0.0980 -0.9951 0.0097
vn -0.9904 -0.0975 0.0975
vn -0.2902 0.9565 0.0286
vn -0.9527 -0.2890 0.0938
vn -0.4709 0.8810 0.0464
vn -0.8786 -0.4696 0.0865
vn -0.6332 0.7715 0.0624
vn -0.7708 -0.6326 0.0759
vn -0.7708 0.6326 0.0759
vn -0.6332 -0.7715 0.0624
vn -0.9527 -0.2890 -0.0938
vn -0.4709 0.8810 -0.0464
vn -0.8786 -0.4696 -0.0865
vn -0.6332 0.7715 -0.0624
vn -0.7708 -0.6326 -0.0759
vn -0.7708 0.6326 -0.0759
vn -0.6332 -0.7715 -0.0624
vn -0.8786 0.4696 -0.0865
vn -0.4709 -0.8810 -0.0464
vn -0.9527 0.2890 -0.0938
vn -0.2902 -0.9565 -0.0286
vn -0.9904 0.0975 -0.0975
vn -0.0980 0.9951 -0.0097
vn -0.0980 -0.9951 -0.0097
vn -0.9904 -0.0975 -0.0975
vn -0.2902 0.9565 -0.0286
vn -0.4528 -0.8810 -0.1374
vn -0.9161 0.2890 -0.2779
vn -0.2790 -0.9565 -0.0846
vn -0.9524 0.0975 -0.2889
vn -0.0942 0.9951 -0.0286
vn -0.0942 -0.9951 -0.0286
vn -0.9524 -0.0975 -0.2889
vn -0.2790 0.9566 -0.0846
vn -0.9161 -0.2890 -0.2779
vn -0.4528 0.8810 -0.1374
vn -0.8448 -0.4696 -0.2563
vn -0.6088 0.7715 -0.1847
vn -0.7412 -0.6326 -0.2248
vn -0.7412 0.6326 -0.2248
vn -0.6088 -0.7715 -0.1847
vn -0.8448 0.4696 -0.2563
vn -0.4173 0.8810 -0.2231
vn -0.7786 -0.4696 -0.4162
vn -0.5611 0.7715 -0.2999
vn -0.6831 -0.6326 -0.3651
vn -0.6831 0.6326 -0.3651
vn -0.5611 -0.7715 -0.2999
vn -0.7786 0.4696 -0.4162
vn -0.4173 -0.8810 -0.2231
vn -0.8443 0.2890 -0.4513
vn -0.2571 -0.9566 -0.1374
vn -0.8777 0.0975 -0.4691
vn -0.0869 0.9951 -0.0464
vn -0.0869 -0.9951 -0.0464
vn -0.8777 -0.0975 -0.4691
vn -0.2571 0.9566 -0.1374
vn -0.8443 -0.2890 -0.4513
vn -0.7400 0.2890 -0.6073
vn -0.2254 -0.9565 -0.1850
vn -0.7693 0.0975 -0.6314
vn -0.0761 0.9951 -0.0625
vn -0.0761 -0.9951 -0.0625
vn -0.7693 -0.0975 -0.6314
vn -0.2254 0.9565 -0.1850
vn -0.7400 -0.2890 -0.6073
vn -0.3658 0.8810 -0.3002
vn -0.6825 -0.4696 -0.5601
vn -0.4918 0.7715 -0.4036
vn -0.5987 -0.6326 -0.4913
vn -0.5987 0.6326 -0.4913
vn -0.4918 -0.7715 -0.4036
vn -0.6825 0.4696 -0.5601
vn -0.3658 -0.8810 -0.3002
vn -0.5601 -0.4696 -0.6825
vn -0.4036 0.7715 -0.4918
vn -0.4913 -0.6326 -0.5987
vn -0.4913 0.6326 -0.5987
vn -0.4036 -0.7715 -0.4918
vn -0.5601 0.4696 -0.6825
vn -0.3002 -0.8810 -0.3658
vn -0.6073 0.2890 -0.7400
vn -0.1850 -0.9565 -0.2254
vn -0.6314 0.0975 -0.7693
vn -0.0625 0.9951 -0.0761
vn -0.0625 -0.9951 -0.0761
vn -0.6314 -0.0975 -0.7693
vn -0.1850 0.9565 -0.2254
vn -0.6073 -0.2890 -0.7400
vn -0.3002 0.8810 -0.3658
vn -0.1374 -0.9565 -0.2571
vn -0.4691 0.0975 -0.8777
vn -0.0464 0.9951 -0.0869
vn -0.0464 -0.9951 -0.0869
vn -0.4691 -0.0975 -0.8777
vn -0.1374 0.9565 -0.2571
vn -0.4513 -0.2890 -0.8443
vn -0.2231 0.8810 -0.4173
vn -0.4162 -0.4696 -0.7786
vn -0.2999 0.7715 -0.5611
vn -0.3651 -0.6326 -0.6831
vn -0.3651 0.6326 -0.6831
vn -0.2999 -0.7715 -0.5611
vn -0.4162 0.4696 -0.7786
vn -0.2230 -0.8810 -0.4173
vn -0.4513 0.2890 -0.8443
vn -0.2248 -0.6326 -0.7412
vn -0.2248 0.6326 -0.7412
vn -0.1847 -0.7715 -0.6088
vn -0.2563 0.4696 -0.8448
vn -0.1373 -0.8810 -0.4528
vn -0.2779 0.2890 -0.9161
vn -0.0847 -0.9565 -0.2790
vn -0.2889 0.0975 -0.9524
vn -0.0286 0.9951 -0.0942
vn -0.0286 -0.9951 -0.0942
vn -0.2889 -0.0975 -0.9524
vn -0.0846 0.9566 -0.2790
vn -0.2779 -0.2890 -0.9161
vn -0.1374 0.8810 -0.4528
vn -0.2563 -0.4696 -0.8448
vn -0.1847 0.7715 -0.6088
vn -0.0097 0.9951 -0.0980
vn -0.0096 -0.9951 -0.0980
vn -0.0976 -0.0975 -0.9904
vn -0.0286 0.9565 -0.2902
vn -0.0938 -0.2890 -0.9527
vn -0.0464 0.8810 -0.4709
vn -0.0865 -0.4696 -0.8786
vn -0.0624 0.7715 -0.6332
vn -0.0759 -0.6326 -0.7708
vn -0.0759 0.6326 -0.7708
vn -0.0624 -0.7715 -0.6332
vn -0.0865 0.4696 -0.8786
vn -0.0464 -0.8810 -0.4709
vn -0.0938 0.2890 -0.9527
vn -0.0286 -0.9565 -0.2902
vn -0.0976 0.0975 -0.9904
vn 0.0096 0.9951 -0.0980
vn 0.0097 -0.9951 -0.0980
vn 0.1374 -0.8810 -0.4528
vn 0.0846 -0.9566 -0.2790
vn 0.2889 0.0976 -0.9524
vn 0.2889 -0.0976 -0.9524
vn 0.0846 0.9565 -0.2790
vn 0.2230 -0.8810 -0.4173
vn 0.1374 -0.9566 -0.2571
vn 0.4691 0.0976 -0.8777
vn 0.4691 -0.0976 -0.8777
vn 0.1374 0.9566 -0.2571
vn 0.6314 0.0976 -0.7693
vn 0.6314 -0.0976 -0.7693
vn 0.1850 0.9566 -0.2254
vn 0.7693 0.0976 -0.6314
vn 0.7693 -0.0976 -0.6314
vn 0.8777 0.0976 -0.4691
vn 0.8777 -0.0976 -0.4691
vn 0.2571 0.9565 -0.1374
vn 0.4173 -0.8810 -0.2231
vn 0.2572 -0.9565 -0.1374
vn 0.2790 -0.9566 -0.0846
vn 0.9524 0.0976 -0.2889
vn 0.9524 -0.0976 -0.2889
vn 0.2790 0.9566 -0.0846
vn 0.0980 0.9951 -0.0097
vn 0.0980 -0.9951 -0.0097
vn 0.2902 0.9566 -0.0286
vn 0.2902 -0.9566 -0.0286
vn 0.2902 -0.9566 0.0286
vn 0.0980 0.9951 0.0097
vn 0.0980 -0.9951 0.0097
vn 0.2902 0.9566 0.0286
vn 0.9524 -0.0976 0.2889
vn 0.2790 -0.9566 0.0846
vn 0.9524 0.0976 0.2889
vn 0.2571 -0.9565 0.1374
vn 0.8777 0.0976 0.4691
vn 0.8777 -0.0976 0.4691
vn 0.2571 0.9565 0.1374
vn 0.7693 -0.0976 0.6314
vn 0.1850 -0.9566 0.2254
vn 0.6314 0.0976 0.7693
vn 0.6314 -0.0976 0.7693
vn 0.2231 0.8810 0.4173
vn 0.2231 -0.8810 0.4173
vn 0.1374 -0.9566 0.2571
vn 0.1374 0.9566 0.2571
vn 0.0846 -0.9565 0.2790
vn 0.0846 0.9565 0.2790
vn 0.1374 -0.8810 0.4528
vn 0.0096 0.9951 0.0980
vn 0.0097 -0.9951 0.0980
vn -0.0096 0.9951 0.0980
vn -0.0097 -0.9951 0.0980
vn -0.0846 -0.9566 0.2790
vn -0.0846 0.9565 0.2790
vn -0.1374 0.9566 0.2571
vn -0.2230 -0.8810 0.4173
vn -0.1374 -0.9566 0.2571
vn -0.2254 -0.9566 0.1850
vn -0.2572 -0.9565 0.1374
vn -0.2572 0.9565 0.1374
vn -0.4528 -0.8810 0.1374
vn -0.2902 -0.9566 0.0286
vn -0.2902 0.9566 0.0286
vn -0.2902 -0.9566 -0.0286
vn -0.2902 0.9566 -0.0286
vn -0.2571 -0.9565 -0.1374
vn -0.2571 0.9565 -0.1374
vn -0.1850 -0.9566 -0.2254
vn -0.1374 -0.9566 -0.2571
vn -0.4692 0.0975 -0.8777
vn -0.4692 -0.0975 -0.8777
vn -0.1374 0.9566 -0.2571
vn -0.2230 0.8810 -0.4173
vn -0.1374 -0.8810 -0.4528
vn -0.0846 -0.9565 -0.2790
vn -0.2889 0.0976 -0.9524
vn -0.2889 -0.0976 -0.9524
vn -0.0847 0.9565 -0.2790
vn -0.0096 0.9951 -0.0980
vn -0.0097 -0.9951 -0.0980
vn -0.0976 -0.0976 -0.9904
vn -0.0976 0.0976 -0.9904
vn 0.0976 0.0976 -0.9904
vn 0.0976 -0.0976 -0.9904
vn 0.1373 0.8810 -0.4528
vn 0.1375 -0.9565 -0.2571
vn 0.0465 -0.9951 -0.0869
vn 0.1375 0.9565 -0.2571
vn 0.2231 0.8810 -0.4173
vn 0.0624 -0.9951 -0.0761
vn 0.2571 0.9565 -0.1375
vn 0.4528 -0.8810 -0.1373
vn 0.0943 0.9951 -0.0286
vn 0.4528 0.8810 -0.1373
vn 0.9904 -0.0975 -0.0976
vn 0.9904 0.0975 -0.0976
vn 0.9904 0.0975 0.0976
vn 0.9904 -0.0975 0.0976
vn 0.2790 0.9565 0.0846
vn 0.4528 0.8810 0.1373
vn 0.4528 -0.8810 0.1373
vn 0.0943 0.9951 0.0286
vn 0.0624 -0.9951 0.0761
vn 0.4691 0.0976 0.8777
vn 0.4691 -0.0976 0.8777
vn 0.1373 0.8810 0.4528
vn 0.0976 0.0975 0.9904
vn 0.0976 -0.0975 0.9904
vn -0.0976 0.0975 0.9904
vn -0.0976 -0.0975 0.9904
vn -0.1373 -0.8810 0.4528
vn -0.0847 0.9565 0.2790
vn -0.1373 0.8810 0.4528
vn -0.4691 0.0976 0.8777
vn -0.4691 -0.0976 0.8777
vn -0.2231 0.8810 0.4173
vn -0.0624 -0.9951 0.0761
vn -0.2571 -0.9566 0.1374
vn -0.2571 0.9565 0.1374
vn -0.4173 0.8810 0.2230
vn -0.0943 0.9951 0.0286
vn -0.0943 0.9951 -0.0286
vn -0.2790 0.9565 -0.0846
vn -0.8777 0.0975 -0.4692
vn -0.8777 -0.0975 -0.4692
vn -0.0624 -0.9951 -0.0761
vn -0.2231 -0.8810 -0.4173
vn -0.1373 0.8810 -0.4528
vn 0.0975 0.0976 -0.9904
vn 0.0975 -0.0976 -0.9904
vn 0.2572 0.9565 -0.1375
vn 0.2571 -0.9565 -0.1375
vn 0.2571 -0.9565 0.1375
vn 0.0762 0.9951 0.0625
vn -0.8777 0.0976 0.4692
vn -0.8777 -0.0975 0.4692
vn -0.9904 0.0975 -0.0976
vn -0.9904 -0.0975 -0.0976
vn -0.9524 0.0976 -0.2889
vn -0.9524 -0.0976 -0.2889
vn -0.4528 0.8810 -0.1373
vn -0.2571 -0.9565 -0.1375
vn -0.0762 0.9951 -0.0625
vn -0.6314 0.0976 -0.7693
vn -0.6314 -0.0976 -0.7693
vn -0.4691 0.0976 -0.8777
vn -0.4691 -0.0976 -0.8777
vn 0.0286 0.9566 -0.2902
vn 0.1374 -0.9565 -0.2572
vn 0.4692 0.0976 -0.8777
vn 0.2254 0.9566 -0.1850
vn 0.0868 0.9951 -0.0464
vn 0.0868 -0.9951 -0.0464
vn 0.0943 -0.9951 -0.0286
vn 0.9904 0.0976 -0.0976
vn 0.9904 0.0976 0.0976
vn 0.0943 -0.9951 0.0286
vn 0.2572 -0.9565 0.1374
vn 0.8777 0.0975 0.4692
vn 0.0868 0.9951 0.0464
vn 0.0868 -0.9951 0.0464
vn 0.2254 0.9566 0.1850
vn 0.1374 -0.9565 0.2572
vn 0.4692 0.0975 0.8777
vn 0.0286 0.9566 0.2902
vn -0.0846 -0.9565 0.2790
vn -0.0762 0.9951 0.0625
vn -0.8777 0.0975 0.4692
vn -0.0868 0.9951 0.0464
vn -0.2790 0.9566 0.0846
vn -0.0943 -0.9951 0.0286
vn -0.0943 -0.9951 -0.0286
vn -0.4173 0.8810 -0.2230
vn -0.4173 -0.8810 -0.2230
vn -0.0868 0.9951 -0.0464
vn -0.2254 0.9566 -0.1850
vn -0.0846 0.9565 -0.2790
vn 0.2254 -0.9566 -0.1850
vn 0.4173 0.8810 -0.2230
vn 0.1850 0.9566 0.2254
vn 0.0846 -0.9566 0.2790
vn -0.1850 0.9566 0.2254
vn -0.2254 -0.9566 -0.1850
vn -0.1850 0.9566 -0.2254
vn 0.0976 0.0975 -0.9904
vn 0.0976 -0.0975 -0.9904
vn 0.1850 -0.9566 -0.2254
vn 0.8777 0.0976 -0.4692
vn 0.8777 -0.0976 -0.4692
vn 0.4173 -0.8810 0.2230
vn 0.8777 -0.0975 0.4692
vn 0.4173 0.8810 0.2230
vn 0.0465 -0.9951 0.0869
vn -0.0465 -0.9951 0.0869
vn -0.4173 -0.8810 0.2230
vn -0.2790 -0.9566 0.0846
vn -0.2790 -0.9566 -0.0846
vn -0.2572 -0.9565 -0.1374
vn -0.0465 -0.9951 -0.0869
vn 0.2571 -0.9566 -0.1374
vn 0.2571 0.9565 0.1375
vn 0.2254 -0.9566 0.1850
vn 0.2889 0.0976 0.9524
vn -0.4692 0.0976 0.8777
vn -0.4692 -0.0976 0.8777
vn -0.9511 -0.0000 0.3090
vn -0.3090 -0.0000 -0.9511
vn 0.9511 -0.0000 -0.3090
vn 0.3090 -0.0000 0.9511
vn 0.0286 -0.9566 -0.2902
vn 0.4692 0.0975 -0.8777
vn 0.4692 -0.0975 -0.8777
vn 0.8777 -0.0975 -0.4692
vn 0.8777 0.0976 0.4692
vn 0.8777 -0.0976 0.4692
vn 0.0286 -0.9566 0.2902
vn -0.0286 -0.9566 0.2902
vn -0.0286 0.9566 0.2902
vn -0.0286 0.9566 -0.2902
vn -0.0286 -0.9566 -0.2902
vn 0.0762 0.9951 -0.0625
vn 0.1375 -0.9565 0.2571
vn 0.4692 -0.0975 0.8777
vn 0.2563 0.4696 0.8449
vn 0.0847 -0.9565 -0.2790
vn 0.0847 0.9565 -0.2790
vn 0.1374 0.9565 -0.2572
vn 0.8777 0.0975 -0.4692
vn 0.2572 0.9565 -0.1374
vn 0.2572 0.9565 0.1374
vn 0.0847 0.9565 0.2790
vn -0.1374 0.9565 0.2572
vn -0.1374 -0.9565 0.2572
vn -0.6314 0.0976 0.7693
vn -0.6314 -0.0976 0.7693
vn -0.2254 0.9566 0.1850
vn -0.6331 0.7715 0.0624
vn -0.6331 -0.7715 0.0624
vn -0.2572 -0.9565 -0.1375
vn -0.2572 0.9565 -0.1375
vn -0.2563 0.4696 -0.8449
vn -0.2563 -0.4696 -0.8449
vn 0.0285 -0.9565 -0.2902
vn 0.0285 -0.9565 0.2902
vn -0.0285 -0.9565 0.2902
vn -0.0465 0.9951 0.0869
vn -0.1375 -0.9565 0.2571
vn -0.9904 0.0975 0.0976
vn -0.9904 -0.0975 0.0976
vn 0.9904 0.0976 0.0975
vn -0.1850 -0.9566 0.2254
vn -0.0868 -0.9951 -0.0464
vn -0.0465 0.9951 -0.0869
vn -0.1375 0.9565 -0.2571
vn -0.4692 -0.0975 0.8777
vn -0.8532 -0.3734 -0.3641
vn 0.3228 0.1704 -0.9310
vn 0.8532 0.3734 0.3641
vn -0.3228 -0.1704 0.9310
vn 0.4097 -0.9119 -0.0249
vn -0.4097 0.9119 0.0249
vn 0.9955 -0.0000 0.0948
vn 0.9595 -0.0000 0.2816
vn 0.8883 -0.0000 0.4593
vn 0.7832 -0.0000 0.6218
vn 0.6469 -0.0000 0.7626
vn 0.4836 -0.0000 0.8753
vn 0.2992 -0.0000 0.9542
vn 0.1013 -0.0000 0.9949
vn -0.1013 -0.0000 0.9949
vn -0.2992 -0.0000 0.9542
vn -0.4836 -0.0000 0.8753
vn -0.6469 -0.0000 0.7626
vn -0.7832 -0.0000 0.6218
vn -0.8883 -0.0000 0.4593
vn -0.9595 -0.0000 0.2816
vn -0.9955 -0.0000 0.0948
vn -0.9955 -0.0000 -0.0948
vn -0.9595 -0.0000 -0.2816
vn -0.8883 -0.0000 -0.4593
vn -0.7832 -0.0000 -0.6218
vn -0.6469 -0.0000 -0.7626
vn -0.4836 -0.0000 -0.8753
vn -0.2992 -0.0000 -0.9542
vn -0.1013 -0.0000 -0.9949
vn 0.1013 -0.0000 -0.9949
vn 0.2992 -0.0000 -0.9542
vn 0.4836 -0.0000 -0.8753
vn 0.6469 -0.0000 -0.7626
vn 0.7832 -0.0000 -0.6218
vn 0.8883 -0.0000 -0.4593
vn 0.9595 -0.0000 -0.2816
vn 0.9955 -0.0000 -0.0948
vt 0.625000 0.500000
vt 0.875000 0.500000
vt 0.875000 0.750000
vt 0.625000 0.750000
vt 0.375000 0.750000
vt 0.625000 1.000000
vt 0.375000 1.000000
vt 0.375000 0.000000
vt 0.625000 0.000000
vt 0.625000 0.250000
vt 0.375000 0.250000
vt 0.125000 0.500000
vt 0.375000 0.500000
vt 0.125000 0.750000
vt 0.000000 0.000000
s 0
usemtl Material.005
f 1/1/1 5/2/1 7/3/1 3/4/1
f 4/5/2 3/4/2 7/6/2 8/7/2
f 8/8/3 7/9/3 5/10/3 6/11/3
f 6/12/4 2/13/4 4/5/4 8/14/4
f 2/13/5 1/1/5 3/4/5 4/5/5
f 6/11/6 5/10/6 1/1/6 2/13/6
usemtl Material
f 9/1/1 13/2/1 15/3/1 11/4/1
f 12/5/2 11/4/2 15/6/2 16/7/2
f 16/8/3 15/9/3 13/10/3 14/11/3
f 14/12/4 10/13/4 12/5/4 16/14/4
f 10/13/5 9/1/5 11/4/5 12/5/5
f 14/11/6 13/10/6 9/1/6 10/13/6
usemtl Material
f 17/15/7 18/15/7 20/15/7 19/15/7
f 19/15/8 20/15/8 22/15/8 21/15/8
f 21/15/9 22/15/9 24/15/9 23/15/9
f 23/15/10 24/15/10 26/15/10 25/15/10
f 25/15/11 26/15/11 28/15/11 27/15/11
f 27/15/12 28/15/12 30/15/12 29/15/12
f 29/15/13 30/15/13 32/15/13 31/15/13
f 31/15/14 32/15/14 34/15/14 33/15/14
f 33/15/15 34/15/15 36/15/15 35/15/15
f 35/15/16 36/15/16 38/15/16 37/15/16
f 37/15/17 38/15/17 40/15/17 39/15/17
f 39/15/18 40/15/18 42/15/18 41/15/18
f 41/15/19 42/15/19 44/15/19 43/15/19
f 43/15/20 44/15/20 46/15/20 45/15/20
f 45/15/21 46/15/21 48/15/21 47/15/21
f 47/15/22 48/15/22 50/15/22 49/15/22
f 49/15/23 50/15/23 52/15/23 51/15/23
f 51/15/24 52/15/24 54/15/24 53/15/24
f 53/15/25 54/15/25 56/15/25 55/15/25
f 55/15/26 56/15/26 58/15/26 57/15/26
f 57/15/27 58/15/27 60/15/27 59/15/27
f 59/15/28 60/15/28 62/15/28 61/15/28
f 61/15/29 62/15/29 64/15/29 63/15/29
f 63/15/30 64/15/30 66/15/30 65/15/30
f 65/15/31 66/15/31 68/15/31 67/15/31
f 67/15/32 68/15/32 70/15/32 69/15/32
f 69/15/33 70/15/33 72/15/33 71/15/33
f 71/15/34 72/15/34 74/15/34 73/15/34
f 73/15/35 74/15/35 76/15/35 75/15/35
f 75/15/36 76/15/36 78/15/36 77/15/36
f 20/15/1 18/15/1 80/15/1 78/15/1 76/15/1 74/15/1 72/15/1 70/15/1 68/15/1 66/15/1 64/15/1 62/15/1 60/15/1 58/15/1 56/15/1 54/15/1 52/15/1 50/15/1 48/15/1 46/15/1 44/15/1 42/15/1 40/15/1 38/15/1 36/15/1 34/15/1 32/15/1 30/15/1 28/15/1 26/15/1 24/15/1 22/15/1
f 77/15/37 78/15/37 80/15/37 79/15/37
f 79/15/38 80/15/38 18/15/38 17/15/38
f 17/15/4 19/15/4 21/15/4 23/15/4 25/15/4 27/15/4 29/15/4 31/15/4 33/15/4 35/15/4 37/15/4 39/15/4 41/15/4 43/15/4 45/15/4 47/15/4 49/15/4 51/15/4 53/15/4 55/15/4 57/15/4 59/15/4 61/15/4 63/15/4 65/15/4 67/15/4 69/15/4 71/15/4 73/15/4 75/15/4 77/15/4 79/15/4
f 81/15/39 82/15/39 84/15/39 83/15/39
f 83/15/40 84/15/40 86/15/40 85/15/40
f 85/15/41 86/15/41 88/15/41 87/15/41
f 87/15/42 88/15/42 90/15/42 89/15/42
f 89/15/43 90/15/43 92/15/43 91/15/43
f 91/15/44 92/15/44 94/15/44 93/15/44
f 93/15/45 94/15/45 96/15/45 95/15/45
f 95/15/46 96/15/46 98/15/46 97/15/46
f 97/15/47 98/15/47 100/15/47 99/15/47
f 99/15/48 100/15/48 102/15/48 101/15/48
f 101/15/49 102/15/49 104/15/49 103/15/49
f 103/15/50 104/15/50 106/15/50 105/15/50
f 105/15/51 106/15/51 108/15/51 107/15/51
f 107/15/52 108/15/52 110/15/52 109/15/52
f 109/15/53 110/15/53 112/15/53 111/15/53
f 111/15/54 112/15/54 114/15/54 113/15/54
f 113/15/55 114/15/55 116/15/55 115/15/55
f 115/15/56 116/15/56 118/15/56 117/15/56
f 117/15/57 118/15/57 120/15/57 119/15/57
f 119/15/58 120/15/58 122/15/58 121/15/58
f 121/15/59 122/15/59 124/15/59 123/15/59
f 123/15/60 124/15/60 126/15/60 125/15/60
f 125/15/61 126/15/61 128/15/61 127/15/61
f 127/15/62 128/15/62 130/15/62 129/15/62
f 129/15/63 130/15/63 132/15/63 131/15/63
f 131/15/64 132/15/64 134/15/64 133/15/64
f 133/15/65 134/15/65 136/15/65 135/15/65
f 135/15/66 136/15/66 138/15/66 137/15/66
f 137/15/67 138/15/67 140/15/67 139/15/67
f 139/15/68 140/15/68 142/15/68 141/15/68
f 84/15/1 82/15/1 144/15/1 142/15/1 140/15/1 138/15/1 136/15/1 134/15/1 132/15/1 130/15/1 128/15/1 126/15/1 124/15/1 122/15/1 120/15/1 118/15/1 116/15/1 114/15/1 112/15/1 110/15/1 108/15/1 106/15/1 104/15/1 102/15/1 100/15/1 98/15/1 96/15/1 94/15/1 92/15/1 90/15/1 88/15/1 86/15/1
f 141/15/69 142/15/69 144/15/69 143/15/69
f 143/15/70 144/15/70 82/15/70 81/15/70
f 81/15/4 83/15/4 85/15/4 87/15/4 89/15/4 91/15/4 93/15/4 95/15/4 97/15/4 99/15/4 101/15/4 103/15/4 105/15/4 107/15/4 109/15/4 111/15/4 113/15/4 115/15/4 117/15/4 119/15/4 121/15/4 123/15/4 125/15/4 127/15/4 129/15/4 131/15/4 133/15/4 135/15/4 137/15/4 139/15/4 141/15/4 143/15/4
f 145/15/71 146/15/71 148/15/71 147/15/71
f 147/15/72 148/15/72 150/15/72 149/15/72
f 149/15/73 150/15/73 152/15/73 151/15/73
f 151/15/74 152/15/74 154/15/74 153/15/74
f 153/15/75 154/15/75 156/15/75 155/15/75
f 155/15/76 156/15/76 158/15/76 157/15/76
f 157/15/77 158/15/77 160/15/77 159/15/77
f 159/15/78 160/15/78 162/15/78 161/15/78
f 161/15/79 162/15/79 164/15/79 163/15/79
f 163/15/80 164/15/80 166/15/80 165/15/80
f 165/15/81 166/15/81 168/15/81 167/15/81
f 167/15/82 168/15/82 170/15/82 169/15/82
f 169/15/83 170/15/83 172/15/83 171/15/83
f 171/15/84 172/15/84 174/15/84 173/15/84
f 173/15/85 174/15/85 176/15/85 175/15/85
f 175/15/86 176/15/86 178/15/86 177/15/86
f 177/15/87 178/15/87 180/15/87 179/15/87
f 179/15/88 180/15/88 182/15/88 181/15/88
f 181/15/89 182/15/89 184/15/89 183/15/89
f 183/15/90 184/15/90 186/15/90 185/15/90
f 185/15/91 186/15/91 188/15/91 187/15/91
f 187/15/92 188/15/92 190/15/92 189/15/92
f 189/15/93 190/15/93 192/15/93 191/15/93
f 191/15/94 192/15/94 194/15/94 193/15/94
f 193/15/95 194/15/95 196/15/95 195/15/95
f 195/15/96 196/15/96 198/15/96 197/15/96
f 197/15/97 198/15/97 200/15/97 199/15/97
f 199/15/98 200/15/98 202/15/98 201/15/98
f 201/15/99 202/15/99 204/15/99 203/15/99
f 203/15/100 204/15/100 206/15/100 205/15/100
f 148/15/1 146/15/1 208/15/1 206/15/1 204/15/1 202/15/1 200/15/1 198/15/1 196/15/1 194/15/1 192/15/1 190/15/1 188/15/1 186/15/1 184/15/1 182/15/1 180/15/1 178/15/1 176/15/1 174/15/1 172/15/1 170/15/1 168/15/1 166/15/1 164/15/1 162/15/1 160/15/1 158/15/1 156/15/1 154/15/1 152/15/1 150/15/1
f 205/15/101 206/15/101 208/15/101 207/15/101
f 207/15/102 208/15/102 146/15/102 145/15/102
f 145/15/4 147/15/4 149/15/4 151/15/4 153/15/4 155/15/4 157/15/4 159/15/4 161/15/4 163/15/4 165/15/4 167/15/4 169/15/4 171/15/4 173/15/4 175/15/4 177/15/4 179/15/4 181/15/4 183/15/4 185/15/4 187/15/4 189/15/4 191/15/4 193/15/4 195/15/4 197/15/4 199/15/4 201/15/4 203/15/4 205/15/4 207/15/4
f 209/15/39 210/15/39 212/15/39 211/15/39
f 211/15/40 212/15/40 214/15/40 213/15/40
f 213/15/41 214/15/41 216/15/41 215/15/41
f 215/15/42 216/15/42 218/15/42 217/15/42
f 217/15/43 218/15/43 220/15/43 219/15/43
f 219/15/44 220/15/44 222/15/44 221/15/44
f 221/15/45 222/15/45 224/15/45 223/15/45
f 223/15/46 224/15/46 226/15/46 225/15/46
f 225/15/47 226/15/47 228/15/47 227/15/47
f 227/15/48 228/15/48 230/15/48 229/15/48
f 229/15/49 230/15/49 232/15/49 231/15/49
f 231/15/50 232/15/50 234/15/50 233/15/50
f 233/15/51 234/15/51 236/15/51 235/15/51
f 235/15/52 236/15/52 238/15/52 237/15/52
f 237/15/53 238/15/53 240/15/53 239/15/53
f 239/15/54 240/15/54 242/15/54 241/15/54
f 241/15/55 242/15/55 244/15/55 243/15/55
f 243/15/56 244/15/56 246/15/56 245/15/56
f 245/15/57 246/15/57 248/15/57 247/15/57
f 247/15/58 248/15/58 250/15/58 249/15/58
f 249/15/59 250/15/59 252/15/59 251/15/59
f 251/15/60 252/15/60 254/15/60 253/15/60
f 253/15/61 254/15/61 256/15/61 255/15/61
f 255/15/62 256/15/62 258/15/62 257/15/62
f 257/15/63 258/15/63 260/15/63 259/15/63
f 259/15/64 260/15/64 262/15/64 261/15/64
f 261/15/65 262/15/65 264/15/65 263/15/65
f 263/15/66 264/15/66 266/15/66 265/15/66
f 265/15/67 266/15/67 268/15/67 267/15/67
f 267/15/68 268/15/68 270/15/68 269/15/68
f 212/15/1 210/15/1 272/15/1 270/15/1 268/15/1 266/15/1 264/15/1 262/15/1 260/15/1 258/15/1 256/15/1 254/15/1 252/15/1 250/15/1 248/15/1 246/15/1 244/15/1 242/15/1 240/15/1 238/15/1 236/15/1 234/15/1 232/15/1 230/15/1 228/15/1 226/15/1 224/15/1 222/15/1 220/15/1 218/15/1 216/15/1 214/15/1
f 269/15/69 270/15/69 272/15/69 271/15/69
f 271/15/70 272/15/70 210/15/70 209/15/70
f 209/15/4 211/15/4 213/15/4 215/15/4 217/15/4 219/15/4 221/15/4 223/15/4 225/15/4 227/15/4 229/15/4 231/15/4 233/15/4 235/15/4 237/15/4 239/15/4 241/15/4 243/15/4 245/15/4 247/15/4 249/15/4 251/15/4 253/15/4 255/15/4 257/15/4 259/15/4 261/15/4 263/15/4 265/15/4 267/15/4 269/15/4 271/15/4
f 273/15/39 274/15/39 276/15/39 275/15/39
f 275/15/40 276/15/40 278/15/40 277/15/40
f 277/15/41 278/15/41 280/15/41 279/15/41
f 279/15/42 280/15/42 282/15/42 281/15/42
f 281/15/43 282/15/43 284/15/43 283/15/43
f 283/15/44 284/15/44 286/15/44 285/15/44
f 285/15/45 286/15/45 288/15/45 287/15/45
f 287/15/46 288/15/46 290/15/46 289/15/46
f 289/15/47 290/15/47 292/15/47 291/15/47
f 291/15/48 292/15/48 294/15/48 293/15/48
f 293/15/49 294/15/49 296/15/49 295/15/49
f 295/15/50 296/15/50 298/15/50 297/15/50
f 297/15/51 298/15/51 300/15/51 299/15/51
f 299/15/52 300/15/52 302/15/52 301/15/52
f 301/15/53 302/15/53 304/15/53 303/15/53
f 303/15/54 304/15/54 306/15/54 305/15/54
f 305/15/55 306/15/55 308/15/55 307/15/55
f 307/15/56 308/15/56 310/15/56 309/15/56
f 309/15/57 310/15/57 312/15/57 311/15/57
f 311/15/58 312/15/58 314/15/58 313/15/58
f 313/15/59 314/15/59 316/15/59 315/15/59
f 315/15/60 316/15/60 318/15/60 317/15/60
f 317/15/61 318/15/61 320/15/61 319/15/61
f 319/15/62 320/15/62 322/15/62 321/15/62
f 321/15/63 322/15/63 324/15/63 323/15/63
f 323/15/64 324/15/64 326/15/64 325/15/64
f 325/15/65 326/15/65 328/15/65 327/15/65
f 327/15/66 328/15/66 330/15/66 329/15/66
f 329/15/67 330/15/67 332/15/67 331/15/67
f 331/15/68 332/15/68 334/15/68 333/15/68
f 276/15/1 274/15/1 336/15/1 334/15/1 332/15/1 330/15/1 328/15/1 326/15/1 324/15/1 322/15/1 320/15/1 318/15/1 316/15/1 314/15/1 312/15/1 310/15/1 308/15/1 306/15/1 304/15/1 302/15/1 300/15/1 298/15/1 296/15/1 294/15/1 292/15/1 290/15/1 288/15/1 286/15/1 284/15/1 282/15/1 280/15/1 278/15/1
f 333/15/69 334/15/69 336/15/69 335/15/69
f 335/15/70 336/15/70 274/15/70 273/15/70
f 273/15/4 275/15/4 277/15/4 279/15/4 281/15/4 283/15/4 285/15/4 287/15/4 289/15/4 291/15/4 293/15/4 295/15/4 297/15/4 299/15/4 301/15/4 303/15/4 305/15/4 307/15/4 309/15/4 311/15/4 313/15/4 315/15/4 317/15/4 319/15/4 321/15/4 323/15/4 325/15/4 327/15/4 329/15/4 331/15/4 333/15/4 335/15/4
f 337/15/103 338/15/103 340/15/103 339/15/103
f 339/15/104 340/15/104 342/15/104 341/15/104
f 341/15/105 342/15/105 344/15/105 343/15/105
f 343/15/106 344/15/106 346/15/106 345/15/106
f 345/15/107 346/15/107 348/15/107 347/15/107
f 347/15/108 348/15/108 350/15/108 349/15/108
f 349/15/109 350/15/109 352/15/109 351/15/109
f 351/15/110 352/15/110 354/15/110 353/15/110
f 353/15/111 354/15/111 356/15/111 355/15/111
f 355/15/112 356/15/112 358/15/112 357/15/112
f 357/15/113 358/15/113 360/15/113 359/15/113
f 359/15/114 360/15/114 362/15/114 361/15/114
f 361/15/115 362/15/115 364/15/115 363/15/115
f 363/15/116 364/15/116 366/15/116 365/15/116
f 365/15/117 366/15/117 368/15/117 367/15/117
f 367/15/118 368/15/118 370/15/118 369/15/118
f 369/15/119 370/15/119 372/15/119 371/15/119
f 371/15/120 372/15/120 374/15/120 373/15/120
f 373/15/121 374/15/121 376/15/121 375/15/121
f 375/15/122 376/15/122 378/15/122 377/15/122
f 377/15/123 378/15/123 380/15/123 379/15/123
f 379/15/124 380/15/124 382/15/124 381/15/124
f 381/15/125 382/15/125 384/15/125 383/15/125
f 383/15/126 384/15/126 386/15/126 385/15/126
f 385/15/127 386/15/127 388/15/127 387/15/127
f 387/15/128 388/15/128 390/15/128 389/15/128
f 389/15/129 390/15/129 392/15/129 391/15/129
f 391/15/130 392/15/130 394/15/130 393/15/130
f 393/15/131 394/15/131 396/15/131 395/15/131
f 395/15/132 396/15/132 398/15/132 397/15/132
f 340/15/1 338/15/1 400/15/1 398/15/1 396/15/1 394/15/1 392/15/1 390/15/1 388/15/1 386/15/1 384/15/1 382/15/1 380/15/1 378/15/1 376/15/1 374/15/1 372/15/1 370/15/1 368/15/1 366/15/1 364/15/1 362/15/1 360/15/1 358/15/1 356/15/1 354/15/1 352/15/1 350/15/1 348/15/1 346/15/1 344/15/1 342/15/1
f 397/15/133 398/15/133 400/15/133 399/15/133
f 399/15/134 400/15/134 338/15/134 337/15/134
f 337/15/4 339/15/4 341/15/4 343/15/4 345/15/4 347/15/4 349/15/4 351/15/4 353/15/4 355/15/4 357/15/4 359/15/4 361/15/4 363/15/4 365/15/4 367/15/4 369/15/4 371/15/4 373/15/4 375/15/4 377/15/4 379/15/4 381/15/4 383/15/4 385/15/4 387/15/4 389/15/4 391/15/4 393/15/4 395/15/4 397/15/4 399/15/4
f 401/15/71 402/15/71 404/15/71 403/15/71
f 403/15/72 404/15/72 406/15/72 405/15/72
f 405/15/73 406/15/73 408/15/73 407/15/73
f 407/15/74 408/15/74 410/15/74 409/15/74
f 409/15/75 410/15/75 412/15/75 411/15/75
f 411/15/76 412/15/76 414/15/76 413/15/76
f 413/15/77 414/15/77 416/15/77 415/15/77
f 415/15/78 416/15/78 418/15/78 417/15/78
f 417/15/79 418/15/79 420/15/79 419/15/79
f 419/15/80 420/15/80 422/15/80 421/15/80
f 421/15/81 422/15/81 424/15/81 423/15/81
f 423/15/82 424/15/82 426/15/82 425/15/82
f 425/15/83 426/15/83 428/15/83 427/15/83
f 427/15/84 428/15/84 430/15/84 429/15/84
f 429/15/85 430/15/85 432/15/85 431/15/85
f 431/15/86 432/15/86 434/15/86 433/15/86
f 433/15/87 434/15/87 436/15/87 435/15/87
f 435/15/88 436/15/88 438/15/88 437/15/88
f 437/15/89 438/15/89 440/15/89 439/15/89
f 439/15/90 440/15/90 442/15/90 441/15/90
f 441/15/91 442/15/91 444/15/91 443/15/91
f 443/15/92 444/15/92 446/15/92 445/15/92
f 445/15/93 446/15/93 448/15/93 447/15/93
f 447/15/94 448/15/94 450/15/94 449/15/94
f 449/15/95 450/15/95 452/15/95 451/15/95
f 451/15/96 452/15/96 454/15/96 453/15/96
f 453/15/97 454/15/97 456/15/97 455/15/97
f 455/15/98 456/15/98 458/15/98 457/15/98
f 457/15/99 458/15/99 460/15/99 459/15/99
f 459/15/100 460/15/100 462/15/100 461/15/100
f 404/15/1 402/15/1 464/15/1 462/15/1 460/15/1 458/15/1 456/15/1 454/15/1 452/15/1 450/15/1 448/15/1 446/15/1 444/15/1 442/15/1 440/15/1 438/15/1 436/15/1 434/15/1 432/15/1 430/15/1 428/15/1 426/15/1 424/15/1 422/15/1 420/15/1 418/15/1 416/15/1 414/15/1 412/15/1 410/15/1 408/15/1 406/15/1
f 461/15/101 462/15/101 464/15/101 463/15/101
f 463/15/102 464/15/102 402/15/102 401/15/102
f 401/15/4 403/15/4 405/15/4 407/15/4 409/15/4 411/15/4 413/15/4 415/15/4 417/15/4 419/15/4 421/15/4 423/15/4 425/15/4 427/15/4 429/15/4 431/15/4 433/15/4 435/15/4 437/15/4 439/15/4 441/15/4 443/15/4 445/15/4 447/15/4 449/15/4 451/15/4 453/15/4 455/15/4 457/15/4 459/15/4 461/15/4 463/15/4
f 465/15/39 466/15/39 468/15/39 467/15/39
f 467/15/40 468/15/40 470/15/40 469/15/40
f 469/15/41 470/15/41 472/15/41 471/15/41
f 471/15/42 472/15/42 474/15/42 473/15/42
f 473/15/43 474/15/43 476/15/43 475/15/43
f 475/15/44 476/15/44 478/15/44 477/15/44
f 477/15/45 478/15/45 480/15/45 479/15/45
f 479/15/46 480/15/46 482/15/46 481/15/46
f 481/15/47 482/15/47 484/15/47 483/15/47
f 483/15/48 484/15/48 486/15/48 485/15/48
f 485/15/49 486/15/49 488/15/49 487/15/49
f 487/15/50 488/15/50 490/15/50 489/15/50
f 489/15/51 490/15/51 492/15/51 491/15/51
f 491/15/52 492/15/52 494/15/52 493/15/52
f 493/15/53 494/15/53 496/15/53 495/15/53
f 495/15/54 496/15/54 498/15/54 497/15/54
f 497/15/55 498/15/55 500/15/55 499/15/55
f 499/15/56 500/15/56 502/15/56 501/15/56
f 501/15/57 502/15/57 504/15/57 503/15/57
f 503/15/58 504/15/58 506/15/58 505/15/58
f 505/15/59 506/15/59 508/15/59 507/15/59
f 507/15/60 508/15/60 510/15/60 509/15/60
f 509/15/61 510/15/61 512/15/61 511/15/61
f 511/15/62 512/15/62 514/15/62 513/15/62
f 513/15/63 514/15/63 516/15/63 515/15/63
f 515/15/64 516/15/64 518/15/64 517/15/64
f 517/15/65 518/15/65 520/15/65 519/15/65
f 519/15/66 520/15/66 522/15/66 521/15/66
f 521/15/67 522/15/67 524/15/67 523/15/67
f 523/15/68 524/15/68 526/15/68 525/15/68
f 468/15/1 466/15/1 528/15/1 526/15/1 524/15/1 522/15/1 520/15/1 518/15/1 516/15/1 514/15/1 512/15/1 510/15/1 508/15/1 506/15/1 504/15/1 502/15/1 500/15/1 498/15/1 496/15/1 494/15/1 492/15/1 490/15/1 488/15/1 486/15/1 484/15/1 482/15/1 480/15/1 478/15/1 476/15/1 474/15/1 472/15/1 470/15/1
f 525/15/69 526/15/69 528/15/69 527/15/69
f 527/15/70 528/15/70 466/15/70 465/15/70
f 465/15/4 467/15/4 469/15/4 471/15/4 473/15/4 475/15/4 477/15/4 479/15/4 481/15/4 483/15/4 485/15/4 487/15/4 489/15/4 491/15/4 493/15/4 495/15/4 497/15/4 499/15/4 501/15/4 503/15/4 505/15/4 507/15/4 509/15/4 511/15/4 513/15/4 515/15/4 517/15/4 519/15/4 521/15/4 523/15/4 525/15/4 527/15/4
f 529/15/135 530/15/135 532/15/135 531/15/135
f 531/15/136 532/15/136 534/15/136 533/15/136
f 533/15/137 534/15/137 536/15/137 535/15/137
f 535/15/138 536/15/138 538/15/138 537/15/138
f 537/15/139 538/15/139 540/15/139 539/15/139
f 539/15/140 540/15/140 542/15/140 541/15/140
f 541/15/141 542/15/141 544/15/141 543/15/141
f 543/15/142 544/15/142 546/15/142 545/15/142
f 545/15/143 546/15/143 548/15/143 547/15/143
f 547/15/144 548/15/144 550/15/144 549/15/144
f 549/15/145 550/15/145 552/15/145 551/15/145
f 551/15/146 552/15/146 554/15/146 553/15/146
f 553/15/147 554/15/147 556/15/147 555/15/147
f 555/15/148 556/15/148 558/15/148 557/15/148
f 557/15/149 558/15/149 560/15/149 559/15/149
f 559/15/150 560/15/150 562/15/150 561/15/150
f 561/15/151 562/15/151 564/15/151 563/15/151
f 563/15/152 564/15/152 566/15/152 565/15/152
f 565/15/153 566/15/153 568/15/153 567/15/153
f 567/15/154 568/15/154 570/15/154 569/15/154
f 569/15/155 570/15/155 572/15/155 571/15/155
f 571/15/156 572/15/156 574/15/156 573/15/156
f 573/15/157 574/15/157 576/15/157 575/15/157
f 575/15/158 576/15/158 578/15/158 577/15/158
f 577/15/159 578/15/159 580/15/159 579/15/159
f 579/15/160 580/15/160 582/15/160 581/15/160
f 581/15/161 582/15/161 584/15/161 583/15/161
f 583/15/162 584/15/162 586/15/162 585/15/162
f 585/15/163 586/15/163 588/15/163 587/15/163
f 587/15/164 588/15/164 590/15/164 589/15/164
f 532/15/1 530/15/1 592/15/1 590/15/1 588/15/1 586/15/1 584/15/1 582/15/1 580/15/1 578/15/1 576/15/1 574/15/1 572/15/1 570/15/1 568/15/1 566/15/1 564/15/1 562/15/1 560/15/1 558/15/1 556/15/1 554/15/1 552/15/1 550/15/1 548/15/1 546/15/1 544/15/1 542/15/1 540/15/1 538/15/1 536/15/1 534/15/1
f 589/15/165 590/15/165 592/15/165 591/15/165
f 591/15/166 592/15/166 530/15/166 529/15/166
f 529/15/4 531/15/4 533/15/4 535/15/4 537/15/4 539/15/4 541/15/4 543/15/4 545/15/4 547/15/4 549/15/4 551/15/4 553/15/4 555/15/4 557/15/4 559/15/4 561/15/4 563/15/4 565/15/4 567/15/4 569/15/4 571/15/4 573/15/4 575/15/4 577/15/4 579/15/4 581/15/4 583/15/4 585/15/4 587/15/4 589/15/4 591/15/4
f 593/15/39 594/15/39 596/15/39 595/15/39
f 595/15/40 596/15/40 598/15/40 597/15/40
f 597/15/41 598/15/41 600/15/41 599/15/41
f 599/15/42 600/15/42 602/15/42 601/15/42
f 601/15/43 602/15/43 604/15/43 603/15/43
f 603/15/44 604/15/44 606/15/44 605/15/44
f 605/15/45 606/15/45 608/15/45 607/15/45
f 607/15/46 608/15/46 610/15/46 609/15/46
f 609/15/47 610/15/47 612/15/47 611/15/47
f 611/15/48 612/15/48 614/15/48 613/15/48
f 613/15/49 614/15/49 616/15/49 615/15/49
f 615/15/50 616/15/50 618/15/50 617/15/50
f 617/15/51 618/15/51 620/15/51 619/15/51
f 619/15/52 620/15/52 622/15/52 621/15/52
f 621/15/53 622/15/53 624/15/53 623/15/53
f 623/15/54 624/15/54 626/15/54 625/15/54
f 625/15/55 626/15/55 628/15/55 627/15/55
f 627/15/56 628/15/56 630/15/56 629/15/56
f 629/15/57 630/15/57 632/15/57 631/15/57
f 631/15/58 632/15/58 634/15/58 633/15/58
f 633/15/59 634/15/59 636/15/59 635/15/59
f 635/15/60 636/15/60 638/15/60 637/15/60
f 637/15/61 638/15/61 640/15/61 639/15/61
f 639/15/62 640/15/62 642/15/62 641/15/62
f 641/15/63 642/15/63 644/15/63 643/15/63
f 643/15/64 644/15/64 646/15/64 645/15/64
f 645/15/65 646/15/65 648/15/65 647/15/65
f 647/15/66 648/15/66 650/15/66 649/15/66
f 649/15/67 650/15/67 652/15/67 651/15/67
f 651/15/68 652/15/68 654/15/68 653/15/68
f 596/15/1 594/15/1 656/15/1 654/15/1 652/15/1 650/15/1 648/15/1 646/15/1 644/15/1 642/15/1 640/15/1 638/15/1 636/15/1 634/15/1 632/15/1 630/15/1 628/15/1 626/15/1 624/15/1 622/15/1 620/15/1 618/15/1 616/15/1 614/15/1 612/15/1 610/15/1 608/15/1 606/15/1 604/15/1 602/15/1 600/15/1 598/15/1
f 653/15/69 654/15/69 656/15/69 655/15/69
f 655/15/70 656/15/70 594/15/70 593/15/70
f 593/15/4 595/15/4 597/15/4 599/15/4 601/15/4 603/15/4 605/15/4 607/15/4 609/15/4 611/15/4 613/15/4 615/15/4 617/15/4 619/15/4 621/15/4 623/15/4 625/15/4 627/15/4 629/15/4 631/15/4 633/15/4 635/15/4 637/15/4 639/15/4 641/15/4 643/15/4 645/15/4 647/15/4 649/15/4 651/15/4 653/15/4 655/15/4
f 660/15/167 659/15/167 669/15/167 670/15/167
f 1130/15/168 738/15/168 663/15/168
f 964/15/169 1138/15/169 677/15/169
f 661/15/170 660/15/170 670/15/170 671/15/170
f 1131/15/171 1130/15/171 663/15/171 664/15/171
f 1134/15/172 661/15/172 671/15/172 672/15/172
f 657/15/173 1131/15/173 664/15/173 665/15/173
f 662/15/174 1134/15/174 672/15/174 673/15/174
f 1132/15/175 657/15/175 665/15/175 666/15/175
f 1135/15/176 662/15/176 673/15/176 674/15/176
f 658/15/177 1132/15/177 666/15/177 667/15/177
f 1136/15/178 1135/15/178 674/15/178 675/15/178
f 1133/15/179 658/15/179 667/15/179 668/15/179
f 1137/15/180 1136/15/180 675/15/180 676/15/180
f 659/15/181 1133/15/181 668/15/181 669/15/181
f 1138/15/182 1137/15/182 676/15/182 677/15/182
f 676/15/183 675/15/183 690/15/183 691/15/183
f 669/15/184 668/15/184 683/15/184 684/15/184
f 677/15/185 676/15/185 691/15/185 692/15/185
f 670/15/186 669/15/186 684/15/186 685/15/186
f 663/15/187 738/15/187 678/15/187
f 964/15/188 677/15/188 692/15/188
f 671/15/189 670/15/189 685/15/189 686/15/189
f 664/15/190 663/15/190 678/15/190 679/15/190
f 672/15/191 671/15/191 686/15/191 687/15/191
f 665/15/192 664/15/192 679/15/192 680/15/192
f 673/15/193 672/15/193 687/15/193 688/15/193
f 666/15/194 665/15/194 680/15/194 681/15/194
f 674/15/195 673/15/195 688/15/195 689/15/195
f 667/15/196 666/15/196 681/15/196 682/15/196
f 675/15/197 674/15/197 689/15/197 690/15/197
f 668/15/198 667/15/198 682/15/198 683/15/198
f 688/15/199 687/15/199 702/15/199 703/15/199
f 681/15/200 680/15/200 695/15/200 696/15/200
f 689/15/201 688/15/201 703/15/201 704/15/201
f 682/15/202 681/15/202 696/15/202 697/15/202
f 690/15/203 689/15/203 704/15/203 705/15/203
f 683/15/204 682/15/204 697/15/204 698/15/204
f 691/15/205 690/15/205 705/15/205 706/15/205
f 684/15/206 683/15/206 698/15/206 699/15/206
f 692/15/207 691/15/207 706/15/207 707/15/207
f 685/15/208 684/15/208 699/15/208 700/15/208
f 678/15/209 738/15/209 693/15/209
f 964/15/210 692/15/210 707/15/210
f 686/15/211 685/15/211 700/15/211 701/15/211
f 679/15/212 678/15/212 693/15/212 694/15/212
f 687/15/213 686/15/213 701/15/213 702/15/213
f 680/15/214 679/15/214 694/15/214 695/15/214
f 707/15/215 706/15/215 721/15/215 722/15/215
f 700/15/216 699/15/216 714/15/216 715/15/216
f 693/15/217 738/15/217 708/15/217
f 964/15/218 707/15/218 722/15/218
f 701/15/219 700/15/219 715/15/219 716/15/219
f 694/15/220 693/15/220 708/15/220 709/15/220
f 702/15/221 701/15/221 716/15/221 717/15/221
f 695/15/222 694/15/222 709/15/222 710/15/222
f 703/15/223 702/15/223 717/15/223 718/15/223
f 696/15/224 695/15/224 710/15/224 711/15/224
f 704/15/225 703/15/225 718/15/225 719/15/225
f 697/15/226 696/15/226 711/15/226 712/15/226
f 705/15/227 704/15/227 719/15/227 720/15/227
f 698/15/228 697/15/228 712/15/228 713/15/228
f 706/15/229 705/15/229 720/15/229 721/15/229
f 699/15/230 698/15/230 713/15/230 714/15/230
f 711/15/231 710/15/231 725/15/231 726/15/231
f 719/15/232 718/15/232 733/15/232 734/15/232
f 712/15/233 711/15/233 726/15/233 727/15/233
f 720/15/234 719/15/234 734/15/234 735/15/234
f 713/15/235 712/15/235 727/15/235 728/15/235
f 721/15/236 720/15/236 735/15/236 736/15/236
f 714/15/237 713/15/237 728/15/237 729/15/237
f 722/15/238 721/15/238 736/15/238 737/15/238
f 715/15/239 714/15/239 729/15/239 730/15/239
f 708/15/240 738/15/240 723/15/240
f 964/15/241 722/15/241 737/15/241
f 716/15/242 715/15/242 730/15/242 731/15/242
f 709/15/243 708/15/243 723/15/243 724/15/243
f 717/15/244 716/15/244 731/15/244 732/15/244
f 710/15/245 709/15/245 724/15/245 725/15/245
f 718/15/246 717/15/246 732/15/246 733/15/246
f 730/15/247 729/15/247 745/15/247 746/15/247
f 723/15/248 738/15/248 739/15/248
f 964/15/249 737/15/249 753/15/249
f 731/15/250 730/15/250 746/15/250 747/15/250
f 724/15/251 723/15/251 739/15/251 740/15/251
f 732/15/252 731/15/252 747/15/252 748/15/252
f 725/15/253 724/15/253 740/15/253 741/15/253
f 733/15/254 732/15/254 748/15/254 749/15/254
f 726/15/255 725/15/255 741/15/255 742/15/255
f 734/15/256 733/15/256 749/15/256 750/15/256
f 727/15/257 726/15/257 742/15/257 743/15/257
f 735/15/258 734/15/258 750/15/258 751/15/258
f 728/15/259 727/15/259 743/15/259 744/15/259
f 736/15/260 735/15/260 751/15/260 752/15/260
f 729/15/261 728/15/261 744/15/261 745/15/261
f 737/15/262 736/15/262 752/15/262 753/15/262
f 750/15/263 749/15/263 764/15/263 765/15/263
f 743/15/264 742/15/264 757/15/264 758/15/264
f 751/15/265 750/15/265 765/15/265 766/15/265
f 744/15/266 743/15/266 758/15/266 759/15/266
f 752/15/267 751/15/267 766/15/267 767/15/267
f 745/15/268 744/15/268 759/15/268 760/15/268
f 753/15/269 752/15/269 767/15/269 768/15/269
f 746/15/270 745/15/270 760/15/270 761/15/270
f 739/15/271 738/15/271 754/15/271
f 964/15/272 753/15/272 768/15/272
f 747/15/273 746/15/273 761/15/273 762/15/273
f 740/15/274 739/15/274 754/15/274 755/15/274
f 748/15/275 747/15/275 762/15/275 763/15/275
f 741/15/276 740/15/276 755/15/276 756/15/276
f 749/15/277 748/15/277 763/15/277 764/15/277
f 742/15/278 741/15/278 756/15/278 757/15/278
f 754/15/279 738/15/279 769/15/279
f 964/15/280 768/15/280 783/15/280
f 762/15/281 761/15/281 776/15/281 777/15/281
f 755/15/282 754/15/282 769/15/282 770/15/282
f 763/15/283 762/15/283 777/15/283 778/15/283
f 756/15/284 755/15/284 770/15/284 771/15/284
f 764/15/285 763/15/285 778/15/285 779/15/285
f 757/15/286 756/15/286 771/15/286 772/15/286
f 765/15/287 764/15/287 779/15/287 780/15/287
f 758/15/288 757/15/288 772/15/288 773/15/288
f 766/15/289 765/15/289 780/15/289 781/15/289
f 759/15/290 758/15/290 773/15/290 774/15/290
f 767/15/291 766/15/291 781/15/291 782/15/291
f 760/15/292 759/15/292 774/15/292 775/15/292
f 768/15/293 767/15/293 782/15/293 783/15/293
f 761/15/294 760/15/294 775/15/294 776/15/294
f 773/15/295 772/15/295 787/15/295 788/15/295
f 781/15/296 780/15/296 795/15/296 796/15/296
f 774/15/297 773/15/297 788/15/297 789/15/297
f 782/15/298 781/15/298 796/15/298 797/15/298
f 775/15/299 774/15/299 789/15/299 790/15/299
f 783/15/300 782/15/300 797/15/300 798/15/300
f 776/15/301 775/15/301 790/15/301 791/15/301
f 769/15/302 738/15/302 784/15/302
f 964/15/303 783/15/303 798/15/303
f 777/15/304 776/15/304 791/15/304 792/15/304
f 770/15/305 769/15/305 784/15/305 785/15/305
f 778/15/306 777/15/306 792/15/306 793/15/306
f 771/15/307 770/15/307 785/15/307 786/15/307
f 779/15/308 778/15/308 793/15/308 794/15/308
f 772/15/309 771/15/309 786/15/309 787/15/309
f 780/15/310 779/15/310 794/15/310 795/15/310
f 792/15/311 791/15/311 806/15/311 807/15/311
f 785/15/312 784/15/312 799/15/312 800/15/312
f 793/15/313 792/15/313 807/15/313 808/15/313
f 786/15/314 785/15/314 800/15/314 801/15/314
f 794/15/315 793/15/315 808/15/315 809/15/315
f 787/15/316 786/15/316 801/15/316 802/15/316
f 795/15/317 794/15/317 809/15/317 810/15/317
f 788/15/318 787/15/318 802/15/318 803/15/318
f 796/15/319 795/15/319 810/15/319 811/15/319
f 789/15/320 788/15/320 803/15/320 804/15/320
f 797/15/321 796/15/321 811/15/321 812/15/321
f 790/15/322 789/15/322 804/15/322 805/15/322
f 798/15/323 797/15/323 812/15/323 813/15/323
f 791/15/324 790/15/324 805/15/324 806/15/324
f 784/15/325 738/15/325 799/15/325
f 964/15/326 798/15/326 813/15/326
f 811/15/327 810/15/327 825/15/327 826/15/327
f 804/15/328 803/15/328 818/15/328 819/15/328
f 812/15/329 811/15/329 826/15/329 827/15/329
f 805/15/330 804/15/330 819/15/330 820/15/330
f 813/15/331 812/15/331 827/15/331 828/15/331
f 806/15/332 805/15/332 820/15/332 821/15/332
f 799/15/333 738/15/333 814/15/333
f 964/15/334 813/15/334 828/15/334
f 807/15/335 806/15/335 821/15/335 822/15/335
f 800/15/336 799/15/336 814/15/336 815/15/336
f 808/15/337 807/15/337 822/15/337 823/15/337
f 801/15/338 800/15/338 815/15/338 816/15/338
f 809/15/339 808/15/339 823/15/339 824/15/339
f 802/15/340 801/15/340 816/15/340 817/15/340
f 810/15/341 809/15/341 824/15/341 825/15/341
f 803/15/342 802/15/342 817/15/342 818/15/342
f 823/15/343 822/15/343 837/15/343 838/15/343
f 816/15/344 815/15/344 830/15/344 831/15/344
f 824/15/345 823/15/345 838/15/345 839/15/345
f 817/15/346 816/15/346 831/15/346 832/15/346
f 825/15/347 824/15/347 839/15/347 840/15/347
f 818/15/348 817/15/348 832/15/348 833/15/348
f 826/15/349 825/15/349 840/15/349 841/15/349
f 819/15/350 818/15/350 833/15/350 834/15/350
f 827/15/351 826/15/351 841/15/351 842/15/351
f 820/15/352 819/15/352 834/15/352 835/15/352
f 828/15/353 827/15/353 842/15/353 843/15/353
f 821/15/354 820/15/354 835/15/354 836/15/354
f 814/15/355 738/15/355 829/15/355
f 964/15/356 828/15/356 843/15/356
f 822/15/357 821/15/357 836/15/357 837/15/357
f 815/15/358 814/15/358 829/15/358 830/15/358
f 842/15/359 841/15/359 856/15/359 857/15/359
f 835/15/360 834/15/360 849/15/360 850/15/360
f 843/15/361 842/15/361 857/15/361 858/15/361
f 836/15/362 835/15/362 850/15/362 851/15/362
f 829/15/363 738/15/363 844/15/363
f 964/15/364 843/15/364 858/15/364
f 837/15/365 836/15/365 851/15/365 852/15/365
f 830/15/366 829/15/366 844/15/366 845/15/366
f 838/15/367 837/15/367 852/15/367 853/15/367
f 831/15/368 830/15/368 845/15/368 846/15/368
f 839/15/369 838/15/369 853/15/369 854/15/369
f 832/15/370 831/15/370 846/15/370 847/15/370
f 840/15/371 839/15/371 854/15/371 855/15/371
f 833/15/372 832/15/372 847/15/372 848/15/372
f 841/15/373 840/15/373 855/15/373 856/15/373
f 834/15/374 833/15/374 848/15/374 849/15/374
f 846/15/375 845/15/375 860/15/375 861/15/375
f 854/15/376 853/15/376 868/15/376 869/15/376
f 847/15/377 846/15/377 861/15/377 862/15/377
f 855/15/378 854/15/378 869/15/378 870/15/378
f 848/15/379 847/15/379 862/15/379 863/15/379
f 856/15/380 855/15/380 870/15/380 871/15/380
f 849/15/381 848/15/381 863/15/381 864/15/381
f 857/15/382 856/15/382 871/15/382 872/15/382
f 850/15/383 849/15/383 864/15/383 865/15/383
f 858/15/384 857/15/384 872/15/384 873/15/384
f 851/15/385 850/15/385 865/15/385 866/15/385
f 844/15/386 738/15/386 859/15/386
f 964/15/387 858/15/387 873/15/387
f 852/15/388 851/15/388 866/15/388 867/15/388
f 845/15/389 844/15/389 859/15/389 860/15/389
f 853/15/390 852/15/390 867/15/390 868/15/390
f 865/15/391 864/15/391 879/15/391 880/15/391
f 873/15/392 872/15/392 887/15/392 888/15/392
f 866/15/393 865/15/393 880/15/393 881/15/393
f 859/15/394 738/15/394 874/15/394
f 964/15/395 873/15/395 888/15/395
f 867/15/396 866/15/396 881/15/396 882/15/396
f 860/15/397 859/15/397 874/15/397 875/15/397
f 868/15/398 867/15/398 882/15/398 883/15/398
f 861/15/399 860/15/399 875/15/399 876/15/399
f 869/15/400 868/15/400 883/15/400 884/15/400
f 862/15/401 861/15/401 876/15/401 877/15/401
f 870/15/402 869/15/402 884/15/402 885/15/402
f 863/15/403 862/15/403 877/15/403 878/15/403
f 871/15/404 870/15/404 885/15/404 886/15/404
f 864/15/405 863/15/405 878/15/405 879/15/405
f 872/15/406 871/15/406 886/15/406 887/15/406
f 884/15/407 883/15/407 898/15/407 899/15/407
f 877/15/408 876/15/408 891/15/408 892/15/408
f 885/15/409 884/15/409 899/15/409 900/15/409
f 878/15/410 877/15/410 892/15/410 893/15/410
f 886/15/411 885/15/411 900/15/411 901/15/411
f 879/15/412 878/15/412 893/15/412 894/15/412
f 887/15/413 886/15/413 901/15/413 902/15/413
f 880/15/414 879/15/414 894/15/414 895/15/414
f 888/15/415 887/15/415 902/15/415 903/15/415
f 881/15/416 880/15/416 895/15/416 896/15/416
f 874/15/417 738/15/417 889/15/417
f 964/15/418 888/15/418 903/15/418
f 882/15/419 881/15/419 896/15/419 897/15/419
f 875/15/420 874/15/420 889/15/420 890/15/420
f 883/15/421 882/15/421 897/15/421 898/15/421
f 876/15/422 875/15/422 890/15/422 891/15/422
f 903/15/423 902/15/423 917/15/423 918/15/423
f 896/15/424 895/15/424 910/15/424 911/15/424
f 889/15/425 738/15/425 904/15/425
f 964/15/426 903/15/426 918/15/426
f 897/15/427 896/15/427 911/15/427 912/15/427
f 890/15/428 889/15/428 904/15/428 905/15/428
f 898/15/429 897/15/429 912/15/429 913/15/429
f 891/15/430 890/15/430 905/15/430 906/15/430
f 899/15/431 898/15/431 913/15/431 914/15/431
f 892/15/432 891/15/432 906/15/432 907/15/432
f 900/15/433 899/15/433 914/15/433 915/15/433
f 893/15/434 892/15/434 907/15/434 908/15/434
f 901/15/435 900/15/435 915/15/435 916/15/435
f 894/15/436 893/15/436 908/15/436 909/15/436
f 902/15/437 901/15/437 916/15/437 917/15/437
f 895/15/438 894/15/438 909/15/438 910/15/438
f 907/15/439 906/15/439 921/15/439 922/15/439
f 915/15/440 914/15/440 929/15/440 930/15/440
f 908/15/441 907/15/441 922/15/441 923/15/441
f 916/15/442 915/15/442 930/15/442 931/15/442
f 909/15/443 908/15/443 923/15/443 924/15/443
f 917/15/444 916/15/444 931/15/444 932/15/444
f 910/15/445 909/15/445 924/15/445 925/15/445
f 918/15/446 917/15/446 932/15/446 933/15/446
f 911/15/447 910/15/447 925/15/447 926/15/447
f 904/15/448 738/15/448 919/15/448
f 964/15/449 918/15/449 933/15/449
f 912/15/450 911/15/450 926/15/450 927/15/450
f 905/15/451 904/15/451 919/15/451 920/15/451
f 913/15/452 912/15/452 927/15/452 928/15/452
f 906/15/453 905/15/453 920/15/453 921/15/453
f 914/15/454 913/15/454 928/15/454 929/15/454
f 926/15/455 925/15/455 940/15/455 941/15/455
f 919/15/456 738/15/456 934/15/456
f 964/15/457 933/15/457 948/15/457
f 927/15/458 926/15/458 941/15/458 942/15/458
f 920/15/459 919/15/459 934/15/459 935/15/459
f 928/15/460 927/15/460 942/15/460 943/15/460
f 921/15/461 920/15/461 935/15/461 936/15/461
f 929/15/462 928/15/462 943/15/462 944/15/462
f 922/15/463 921/15/463 936/15/463 937/15/463
f 930/15/464 929/15/464 944/15/464 945/15/464
f 923/15/465 922/15/465 937/15/465 938/15/465
f 931/15/466 930/15/466 945/15/466 946/15/466
f 924/15/467 923/15/467 938/15/467 939/15/467
f 932/15/468 931/15/468 946/15/468 947/15/468
f 925/15/469 924/15/469 939/15/469 940/15/469
f 933/15/470 932/15/470 947/15/470 948/15/470
f 945/15/471 944/15/471 959/15/471 960/15/471
f 938/15/472 937/15/472 952/15/472 953/15/472
f 946/15/473 945/15/473 960/15/473 961/15/473
f 939/15/474 938/15/474 953/15/474 954/15/474
f 947/15/475 946/15/475 961/15/475 962/15/475
f 940/15/476 939/15/476 954/15/476 955/15/476
f 948/15/477 947/15/477 962/15/477 963/15/477
f 941/15/478 940/15/478 955/15/478 956/15/478
f 934/15/479 738/15/479 949/15/479
f 964/15/480 948/15/480 963/15/480
f 942/15/481 941/15/481 956/15/481 957/15/481
f 935/15/482 934/15/482 949/15/482 950/15/482
f 943/15/483 942/15/483 957/15/483 958/15/483
f 936/15/484 935/15/484 950/15/484 951/15/484
f 944/15/485 943/15/485 958/15/485 959/15/485
f 937/15/486 936/15/486 951/15/486 952/15/486
f 964/15/487 963/15/487 979/15/487
f 957/15/488 956/15/488 972/15/488 973/15/488
f 950/15/489 949/15/489 965/15/489 966/15/489
f 958/15/490 957/15/490 973/15/490 974/15/490
f 951/15/491 950/15/491 966/15/491 967/15/491
f 959/15/492 958/15/492 974/15/492 975/15/492
f 952/15/493 951/15/493 967/15/493 968/15/493
f 960/15/494 959/15/494 975/15/494 976/15/494
f 953/15/495 952/15/495 968/15/495 969/15/495
f 961/15/496 960/15/496 976/15/496 977/15/496
f 954/15/497 953/15/497 969/15/497 970/15/497
f 962/15/498 961/15/498 977/15/498 978/15/498
f 955/15/499 954/15/499 970/15/499 971/15/499
f 963/15/500 962/15/500 978/15/500 979/15/500
f 956/15/501 955/15/501 971/15/501 972/15/501
f 949/15/502 738/15/502 965/15/502
f 977/15/503 976/15/503 991/15/503 992/15/503
f 970/15/504 969/15/504 984/15/504 985/15/504
f 978/15/505 977/15/505 992/15/505 993/15/505
f 971/15/506 970/15/506 985/15/506 986/15/506
f 979/15/507 978/15/507 993/15/507 994/15/507
f 972/15/508 971/15/508 986/15/508 987/15/508
f 965/15/509 738/15/509 980/15/509
f 964/15/510 979/15/510 994/15/510
f 973/15/511 972/15/511 987/15/511 988/15/511
f 966/15/512 965/15/512 980/15/512 981/15/512
f 974/15/513 973/15/513 988/15/513 989/15/513
f 967/15/514 966/15/514 981/15/514 982/15/514
f 975/15/515 974/15/515 989/15/515 990/15/515
f 968/15/516 967/15/516 982/15/516 983/15/516
f 976/15/517 975/15/517 990/15/517 991/15/517
f 969/15/518 968/15/518 983/15/518 984/15/518
f 981/15/519 980/15/519 995/15/519 996/15/519
f 989/15/520 988/15/520 1003/15/520 1004/15/520
f 982/15/521 981/15/521 996/15/521 997/15/521
f 990/15/522 989/15/522 1004/15/522 1005/15/522
f 983/15/523 982/15/523 997/15/523 998/15/523
f 991/15/524 990/15/524 1005/15/524 1006/15/524
f 984/15/525 983/15/525 998/15/525 999/15/525
f 992/15/526 991/15/526 1006/15/526 1007/15/526
f 985/15/527 984/15/527 999/15/527 1000/15/527
f 993/15/528 992/15/528 1007/15/528 1008/15/528
f 986/15/529 985/15/529 1000/15/529 1001/15/529
f 994/15/530 993/15/530 1008/15/530 1009/15/530
f 987/15/531 986/15/531 1001/15/531 1002/15/531
f 980/15/532 738/15/532 995/15/532
f 964/15/533 994/15/533 1009/15/533
f 988/15/534 987/15/534 1002/15/534 1003/15/534
f 1000/15/535 999/15/535 1014/15/535 1015/15/535
f 1008/15/536 1007/15/536 1022/15/536 1023/15/536
f 1001/15/537 1000/15/537 1015/15/537 1016/15/537
f 1009/15/538 1008/15/538 1023/15/538 1024/15/538
f 1002/15/539 1001/15/539 1016/15/539 1017/15/539
f 995/15/540 738/15/540 1010/15/540
f 964/15/541 1009/15/541 1024/15/541
f 1003/15/542 1002/15/542 1017/15/542 1018/15/542
f 996/15/543 995/15/543 1010/15/543 1011/15/543
f 1004/15/544 1003/15/544 1018/15/544 1019/15/544
f 997/15/545 996/15/545 1011/15/545 1012/15/545
f 1005/15/546 1004/15/546 1019/15/546 1020/15/546
f 998/15/547 997/15/547 1012/15/547 1013/15/547
f 1006/15/548 1005/15/548 1020/15/548 1021/15/548
f 999/15/549 998/15/549 1013/15/549 1014/15/549
f 1007/15/550 1006/15/550 1021/15/550 1022/15/550
f 1019/15/551 1018/15/551 1033/15/551 1034/15/551
f 1012/15/552 1011/15/552 1026/15/552 1027/15/552
f 1020/15/553 1019/15/553 1034/15/553 1035/15/553
f 1013/15/554 1012/15/554 1027/15/554 1028/15/554
f 1021/15/555 1020/15/555 1035/15/555 1036/15/555
f 1014/15/556 1013/15/556 1028/15/556 1029/15/556
f 1022/15/557 1021/15/557 1036/15/557 1037/15/557
f 1015/15/558 1014/15/558 1029/15/558 1030/15/558
f 1023/15/559 1022/15/559 1037/15/559 1038/15/559
f 1016/15/560 1015/15/560 1030/15/560 1031/15/560
f 1024/15/561 1023/15/561 1038/15/561 1039/15/561
f 1017/15/562 1016/15/562 1031/15/562 1032/15/562
f 1010/15/563 738/15/563 1025/15/563
f 964/15/564 1024/15/564 1039/15/564
f 1018/15/565 1017/15/565 1032/15/565 1033/15/565
f 1011/15/566 1010/15/566 1025/15/566 1026/15/566
f 1038/15/567 1037/15/567 1052/15/567 1053/15/567
f 1031/15/568 1030/15/568 1045/15/568 1046/15/568
f 1039/15/569 1038/15/569 1053/15/569 1054/15/569
f 1032/15/570 1031/15/570 1046/15/570 1047/15/570
f 1025/15/571 738/15/571 1040/15/571
f 964/15/572 1039/15/572 1054/15/572
f 1033/15/573 1032/15/573 1047/15/573 1048/15/573
f 1026/15/574 1025/15/574 1040/15/574 1041/15/574
f 1034/15/575 1033/15/575 1048/15/575 1049/15/575
f 1027/15/576 1026/15/576 1041/15/576 1042/15/576
f 1035/15/577 1034/15/577 1049/15/577 1050/15/577
f 1028/15/578 1027/15/578 1042/15/578 1043/15/578
f 1036/15/579 1035/15/579 1050/15/579 1051/15/579
f 1029/15/580 1028/15/580 1043/15/580 1044/15/580
f 1037/15/581 1036/15/581 1051/15/581 1052/15/581
f 1030/15/582 1029/15/582 1044/15/582 1045/15/582
f 1042/15/583 1041/15/583 1056/15/583 1057/15/583
f 1050/15/584 1049/15/584 1064/15/584 1065/15/584
f 1043/15/585 1042/15/585 1057/15/585 1058/15/585
f 1051/15/586 1050/15/586 1065/15/586 1066/15/586
f 1044/15/587 1043/15/587 1058/15/587 1059/15/587
f 1052/15/588 1051/15/588 1066/15/588 1067/15/588
f 1045/15/589 1044/15/589 1059/15/589 1060/15/589
f 1053/15/590 1052/15/590 1067/15/590 1068/15/590
f 1046/15/591 1045/15/591 1060/15/591 1061/15/591
f 1054/15/592 1053/15/592 1068/15/592 1069/15/592
f 1047/15/593 1046/15/593 1061/15/593 1062/15/593
f 1040/15/594 738/15/594 1055/15/594
f 964/15/595 1054/15/595 1069/15/595
f 1048/15/596 1047/15/596 1062/15/596 1063/15/596
f 1041/15/597 1040/15/597 1055/15/597 1056/15/597
f 1049/15/598 1048/15/598 1063/15/598 1064/15/598
f 1061/15/599 1060/15/599 1075/15/599 1076/15/599
f 1069/15/600 1068/15/600 1083/15/600 1084/15/600
f 1062/15/601 1061/15/601 1076/15/601 1077/15/601
f 1055/15/602 738/15/602 1070/15/602
f 964/15/603 1069/15/603 1084/15/603
f 1063/15/604 1062/15/604 1077/15/604 1078/15/604
f 1056/15/605 1055/15/605 1070/15/605 1071/15/605
f 1064/15/606 1063/15/606 1078/15/606 1079/15/606
f 1057/15/607 1056/15/607 1071/15/607 1072/15/607
f 1065/15/608 1064/15/608 1079/15/608 1080/15/608
f 1058/15/609 1057/15/609 1072/15/609 1073/15/609
f 1066/15/610 1065/15/610 1080/15/610 1081/15/610
f 1059/15/611 1058/15/611 1073/15/611 1074/15/611
f 1067/15/612 1066/15/612 1081/15/612 1082/15/612
f 1060/15/613 1059/15/613 1074/15/613 1075/15/613
f 1068/15/614 1067/15/614 1082/15/614 1083/15/614
f 1080/15/615 1079/15/615 1094/15/615 1095/15/615
f 1073/15/616 1072/15/616 1087/15/616 1088/15/616
f 1081/15/617 1080/15/617 1095/15/617 1096/15/617
f 1074/15/618 1073/15/618 1088/15/618 1089/15/618
f 1082/15/619 1081/15/619 1096/15/619 1097/15/619
f 1075/15/620 1074/15/620 1089/15/620 1090/15/620
f 1083/15/621 1082/15/621 1097/15/621 1098/15/621
f 1076/15/622 1075/15/622 1090/15/622 1091/15/622
f 1084/15/623 1083/15/623 1098/15/623 1099/15/623
f 1077/15/624 1076/15/624 1091/15/624 1092/15/624
f 1070/15/625 738/15/625 1085/15/625
f 964/15/626 1084/15/626 1099/15/626
f 1078/15/627 1077/15/627 1092/15/627 1093/15/627
f 1071/15/628 1070/15/628 1085/15/628 1086/15/628
f 1079/15/629 1078/15/629 1093/15/629 1094/15/629
f 1072/15/630 1071/15/630 1086/15/630 1087/15/630
f 1099/15/631 1098/15/631 1113/15/631 1114/15/631
f 1092/15/632 1091/15/632 1106/15/632 1107/15/632
f 1085/15/633 738/15/633 1100/15/633
f 964/15/634 1099/15/634 1114/15/634
f 1093/15/635 1092/15/635 1107/15/635 1108/15/635
f 1086/15/636 1085/15/636 1100/15/636 1101/15/636
f 1094/15/637 1093/15/637 1108/15/637 1109/15/637
f 1087/15/638 1086/15/638 1101/15/638 1102/15/638
f 1095/15/639 1094/15/639 1109/15/639 1110/15/639
f 1088/15/640 1087/15/640 1102/15/640 1103/15/640
f 1096/15/641 1095/15/641 1110/15/641 1111/15/641
f 1089/15/642 1088/15/642 1103/15/642 1104/15/642
f 1097/15/643 1096/15/643 1111/15/643 1112/15/643
f 1090/15/644 1089/15/644 1104/15/644 1105/15/644
f 1098/15/645 1097/15/645 1112/15/645 1113/15/645
f 1091/15/646 1090/15/646 1105/15/646 1106/15/646
f 1111/15/647 1110/15/647 1125/15/647 1126/15/647
f 1104/15/648 1103/15/648 1118/15/648 1119/15/648
f 1112/15/649 1111/15/649 1126/15/649 1127/15/649
f 1105/15/650 1104/15/650 1119/15/650 1120/15/650
f 1113/15/651 1112/15/651 1127/15/651 1128/15/651
f 1106/15/652 1105/15/652 1120/15/652 1121/15/652
f 1114/15/653 1113/15/653 1128/15/653 1129/15/653
f 1107/15/654 1106/15/654 1121/15/654 1122/15/654
f 1100/15/655 738/15/655 1115/15/655
f 964/15/656 1114/15/656 1129/15/656
f 1108/15/657 1107/15/657 1122/15/657 1123/15/657
f 1101/15/658 1100/15/658 1115/15/658 1116/15/658
f 1109/15/659 1108/15/659 1123/15/659 1124/15/659
f 1102/15/660 1101/15/660 1116/15/660 1117/15/660
f 1110/15/661 1109/15/661 1124/15/661 1125/15/661
f 1103/15/662 1102/15/662 1117/15/662 1118/15/662
f 1115/15/663 738/15/663 1130/15/663
f 964/15/664 1129/15/664 1138/15/664
f 1123/15/665 1122/15/665 660/15/665 661/15/665
f 1116/15/666 1115/15/666 1130/15/666 1131/15/666
f 1124/15/667 1123/15/667 661/15/667 1134/15/667
f 1117/15/668 1116/15/668 1131/15/668 657/15/668
f 1125/15/669 1124/15/669 1134/15/669 662/15/669
f 1118/15/670 1117/15/670 657/15/670 1132/15/670
f 1126/15/671 1125/15/671 662/15/671 1135/15/671
f 1119/15/672 1118/15/672 1132/15/672 658/15/672
f 1127/15/673 1126/15/673 1135/15/673 1136/15/673
f 1120/15/674 1119/15/674 658/15/674 1133/15/674
f 1128/15/675 1127/15/675 1136/15/675 1137/15/675
f 1121/15/676 1120/15/676 1133/15/676 659/15/676
f 1129/15/677 1128/15/677 1137/15/677 1138/15/677
f 1122/15/678 1121/15/678 659/15/678 660/15/678
f 1624/15/765 1623/15/765 1633/15/765 1634/15/765
f 2094/15/168 1702/15/168 1627/15/168
f 1928/15/680 2102/15/680 1641/15/680
f 1625/15/766 1624/15/766 1634/15/766 1635/15/766
f 2095/15/171 2094/15/171 1627/15/171 1628/15/171
f 2098/15/172 1625/15/172 1635/15/172 1636/15/172
f 1621/15/173 2095/15/173 1628/15/173 1629/15/173
f 1626/15/174 2098/15/174 1636/15/174 1637/15/174
f 2096/15/175 1621/15/175 1629/15/175 1630/15/175
f 2099/15/176 1626/15/176 1637/15/176 1638/15/176
f 1622/15/177 2096/15/177 1630/15/177 1631/15/177
f 2100/15/178 2099/15/178 1638/15/178 1639/15/178
f 2097/15/179 1622/15/179 1631/15/179 1632/15/179
f 2101/15/180 2100/15/180 1639/15/180 1640/15/180
f 1623/15/181 2097/15/181 1632/15/181 1633/15/181
f 2102/15/182 2101/15/182 1640/15/182 1641/15/182
f 1640/15/183 1639/15/183 1654/15/183 1655/15/183
f 1633/15/184 1632/15/184 1647/15/184 1648/15/184
f 1641/15/185 1640/15/185 1655/15/185 1656/15/185
f 1634/15/683 1633/15/683 1648/15/683 1649/15/683
f 1627/15/187 1702/15/187 1642/15/187
f 1928/15/188 1641/15/188 1656/15/188
f 1635/15/684 1634/15/684 1649/15/684 1650/15/684
f 1628/15/685 1627/15/685 1642/15/685 1643/15/685
f 1636/15/191 1635/15/191 1650/15/191 1651/15/191
f 1629/15/767 1628/15/767 1643/15/767 1644/15/767
f 1637/15/193 1636/15/193 1651/15/193 1652/15/193
f 1630/15/194 1629/15/194 1644/15/194 1645/15/194
f 1638/15/195 1637/15/195 1652/15/195 1653/15/195
f 1631/15/196 1630/15/196 1645/15/196 1646/15/196
f 1639/15/197 1638/15/197 1653/15/197 1654/15/197
f 1632/15/198 1631/15/198 1646/15/198 1647/15/198
f 1652/15/199 1651/15/199 1666/15/199 1667/15/199
f 1645/15/200 1644/15/200 1659/15/200 1660/15/200
f 1653/15/201 1652/15/201 1667/15/201 1668/15/201
f 1646/15/202 1645/15/202 1660/15/202 1661/15/202
f 1654/15/203 1653/15/203 1668/15/203 1669/15/203
f 1647/15/204 1646/15/204 1661/15/204 1662/15/204
f 1655/15/205 1654/15/205 1669/15/205 1670/15/205
f 1648/15/206 1647/15/206 1662/15/206 1663/15/206
f 1656/15/768 1655/15/768 1670/15/768 1671/15/768
f 1649/15/688 1648/15/688 1663/15/688 1664/15/688
f 1642/15/209 1702/15/209 1657/15/209
f 1928/15/769 1656/15/769 1671/15/769
f 1650/15/689 1649/15/689 1664/15/689 1665/15/689
f 1643/15/770 1642/15/770 1657/15/770 1658/15/770
f 1651/15/213 1650/15/213 1665/15/213 1666/15/213
f 1644/15/771 1643/15/771 1658/15/771 1659/15/771
f 1671/15/215 1670/15/215 1685/15/215 1686/15/215
f 1664/15/216 1663/15/216 1678/15/216 1679/15/216
f 1657/15/217 1702/15/217 1672/15/217
f 1928/15/772 1671/15/772 1686/15/772
f 1665/15/692 1664/15/692 1679/15/692 1680/15/692
f 1658/15/220 1657/15/220 1672/15/220 1673/15/220
f 1666/15/221 1665/15/221 1680/15/221 1681/15/221
f 1659/15/222 1658/15/222 1673/15/222 1674/15/222
f 1667/15/223 1666/15/223 1681/15/223 1682/15/223
f 1660/15/224 1659/15/224 1674/15/224 1675/15/224
f 1668/15/225 1667/15/225 1682/15/225 1683/15/225
f 1661/15/226 1660/15/226 1675/15/226 1676/15/226
f 1669/15/227 1668/15/227 1683/15/227 1684/15/227
f 1662/15/228 1661/15/228 1676/15/228 1677/15/228
f 1670/15/229 1669/15/229 1684/15/229 1685/15/229
f 1663/15/230 1662/15/230 1677/15/230 1678/15/230
f 1675/15/231 1674/15/231 1689/15/231 1690/15/231
f 1683/15/232 1682/15/232 1697/15/232 1698/15/232
f 1676/15/233 1675/15/233 1690/15/233 1691/15/233
f 1684/15/234 1683/15/234 1698/15/234 1699/15/234
f 1677/15/235 1676/15/235 1691/15/235 1692/15/235
f 1685/15/236 1684/15/236 1699/15/236 1700/15/236
f 1678/15/237 1677/15/237 1692/15/237 1693/15/237
f 1686/15/238 1685/15/238 1700/15/238 1701/15/238
f 1679/15/239 1678/15/239 1693/15/239 1694/15/239
f 1672/15/240 1702/15/240 1687/15/240
f 1928/15/241 1686/15/241 1701/15/241
f 1680/15/242 1679/15/242 1694/15/242 1695/15/242
f 1673/15/243 1672/15/243 1687/15/243 1688/15/243
f 1681/15/244 1680/15/244 1695/15/244 1696/15/244
f 1674/15/245 1673/15/245 1688/15/245 1689/15/245
f 1682/15/246 1681/15/246 1696/15/246 1697/15/246
f 1694/15/247 1693/15/247 1709/15/247 1710/15/247
f 1687/15/248 1702/15/248 1703/15/248
f 1928/15/249 1701/15/249 1717/15/249
f 1695/15/250 1694/15/250 1710/15/250 1711/15/250
f 1688/15/773 1687/15/773 1703/15/773 1704/15/773
f 1696/15/252 1695/15/252 1711/15/252 1712/15/252
f 1689/15/253 1688/15/253 1704/15/253 1705/15/253
f 1697/15/254 1696/15/254 1712/15/254 1713/15/254
f 1690/15/255 1689/15/255 1705/15/255 1706/15/255
f 1698/15/256 1697/15/256 1713/15/256 1714/15/256
f 1691/15/257 1690/15/257 1706/15/257 1707/15/257
f 1699/15/258 1698/15/258 1714/15/258 1715/15/258
f 1692/15/259 1691/15/259 1707/15/259 1708/15/259
f 1700/15/699 1699/15/699 1715/15/699 1716/15/699
f 1693/15/261 1692/15/261 1708/15/261 1709/15/261
f 1701/15/262 1700/15/262 1716/15/262 1717/15/262
f 1714/15/263 1713/15/263 1728/15/263 1729/15/263
f 1707/15/264 1706/15/264 1721/15/264 1722/15/264
f 1715/15/265 1714/15/265 1729/15/265 1730/15/265
f 1708/15/266 1707/15/266 1722/15/266 1723/15/266
f 1716/15/774 1715/15/774 1730/15/774 1731/15/774
f 1709/15/268 1708/15/268 1723/15/268 1724/15/268
f 1717/15/269 1716/15/269 1731/15/269 1732/15/269
f 1710/15/270 1709/15/270 1724/15/270 1725/15/270
f 1703/15/775 1702/15/775 1718/15/775
f 1928/15/272 1717/15/272 1732/15/272
f 1711/15/273 1710/15/273 1725/15/273 1726/15/273
f 1704/15/274 1703/15/274 1718/15/274 1719/15/274
f 1712/15/275 1711/15/275 1726/15/275 1727/15/275
f 1705/15/776 1704/15/776 1719/15/776 1720/15/776
f 1713/15/277 1712/15/277 1727/15/277 1728/15/277
f 1706/15/278 1705/15/278 1720/15/278 1721/15/278
f 1718/15/705 1702/15/705 1733/15/705
f 1928/15/706 1732/15/706 1747/15/706
f 1726/15/777 1725/15/777 1740/15/777 1741/15/777
f 1719/15/282 1718/15/282 1733/15/282 1734/15/282
f 1727/15/283 1726/15/283 1741/15/283 1742/15/283
f 1720/15/284 1719/15/284 1734/15/284 1735/15/284
f 1728/15/285 1727/15/285 1742/15/285 1743/15/285
f 1721/15/286 1720/15/286 1735/15/286 1736/15/286
f 1729/15/287 1728/15/287 1743/15/287 1744/15/287
f 1722/15/288 1721/15/288 1736/15/288 1737/15/288
f 1730/15/289 1729/15/289 1744/15/289 1745/15/289
f 1723/15/290 1722/15/290 1737/15/290 1738/15/290
f 1731/15/291 1730/15/291 1745/15/291 1746/15/291
f 1724/15/292 1723/15/292 1738/15/292 1739/15/292
f 1732/15/293 1731/15/293 1746/15/293 1747/15/293
f 1725/15/778 1724/15/778 1739/15/778 1740/15/778
f 1737/15/295 1736/15/295 1751/15/295 1752/15/295
f 1745/15/296 1744/15/296 1759/15/296 1760/15/296
f 1738/15/297 1737/15/297 1752/15/297 1753/15/297
f 1746/15/298 1745/15/298 1760/15/298 1761/15/298
f 1739/15/299 1738/15/299 1753/15/299 1754/15/299
f 1747/15/709 1746/15/709 1761/15/709 1762/15/709
f 1740/15/779 1739/15/779 1754/15/779 1755/15/779
f 1733/15/710 1702/15/710 1748/15/710
f 1928/15/711 1747/15/711 1762/15/711
f 1741/15/780 1740/15/780 1755/15/780 1756/15/780
f 1734/15/305 1733/15/305 1748/15/305 1749/15/305
f 1742/15/306 1741/15/306 1756/15/306 1757/15/306
f 1735/15/307 1734/15/307 1749/15/307 1750/15/307
f 1743/15/308 1742/15/308 1757/15/308 1758/15/308
f 1736/15/309 1735/15/309 1750/15/309 1751/15/309
f 1744/15/310 1743/15/310 1758/15/310 1759/15/310
f 1756/15/311 1755/15/311 1770/15/311 1771/15/311
f 1749/15/781 1748/15/781 1763/15/781 1764/15/781
f 1757/15/313 1756/15/313 1771/15/313 1772/15/313
f 1750/15/782 1749/15/782 1764/15/782 1765/15/782
f 1758/15/315 1757/15/315 1772/15/315 1773/15/315
f 1751/15/316 1750/15/316 1765/15/316 1766/15/316
f 1759/15/317 1758/15/317 1773/15/317 1774/15/317
f 1752/15/318 1751/15/318 1766/15/318 1767/15/318
f 1760/15/319 1759/15/319 1774/15/319 1775/15/319
f 1753/15/320 1752/15/320 1767/15/320 1768/15/320
f 1761/15/783 1760/15/783 1775/15/783 1776/15/783
f 1754/15/322 1753/15/322 1768/15/322 1769/15/322
f 1762/15/323 1761/15/323 1776/15/323 1777/15/323
f 1755/15/324 1754/15/324 1769/15/324 1770/15/324
f 1748/15/784 1702/15/784 1763/15/784
f 1928/15/326 1762/15/326 1777/15/326
f 1775/15/327 1774/15/327 1789/15/327 1790/15/327
f 1768/15/328 1767/15/328 1782/15/328 1783/15/328
f 1776/15/329 1775/15/329 1790/15/329 1791/15/329
f 1769/15/330 1768/15/330 1783/15/330 1784/15/330
f 1777/15/716 1776/15/716 1791/15/716 1792/15/716
f 1770/15/717 1769/15/717 1784/15/717 1785/15/717
f 1763/15/333 1702/15/333 1778/15/333
f 1928/15/334 1777/15/334 1792/15/334
f 1771/15/718 1770/15/718 1785/15/718 1786/15/718
f 1764/15/719 1763/15/719 1778/15/719 1779/15/719
f 1772/15/337 1771/15/337 1786/15/337 1787/15/337
f 1765/15/338 1764/15/338 1779/15/338 1780/15/338
f 1773/15/339 1772/15/339 1787/15/339 1788/15/339
f 1766/15/340 1765/15/340 1780/15/340 1781/15/340
f 1774/15/341 1773/15/341 1788/15/341 1789/15/341
f 1767/15/342 1766/15/342 1781/15/342 1782/15/342
f 1787/15/343 1786/15/343 1801/15/343 1802/15/343
f 1780/15/344 1779/15/344 1794/15/344 1795/15/344
f 1788/15/345 1787/15/345 1802/15/345 1803/15/345
f 1781/15/346 1780/15/346 1795/15/346 1796/15/346
f 1789/15/347 1788/15/347 1803/15/347 1804/15/347
f 1782/15/348 1781/15/348 1796/15/348 1797/15/348
f 1790/15/349 1789/15/349 1804/15/349 1805/15/349
f 1783/15/350 1782/15/350 1797/15/350 1798/15/350
f 1791/15/351 1790/15/351 1805/15/351 1806/15/351
f 1784/15/352 1783/15/352 1798/15/352 1799/15/352
f 1792/15/353 1791/15/353 1806/15/353 1807/15/353
f 1785/15/354 1784/15/354 1799/15/354 1800/15/354
f 1778/15/355 1702/15/355 1793/15/355
f 1928/15/356 1792/15/356 1807/15/356
f 1786/15/357 1785/15/357 1800/15/357 1801/15/357
f 1779/15/358 1778/15/358 1793/15/358 1794/15/358
f 1806/15/359 1805/15/359 1820/15/359 1821/15/359
f 1799/15/360 1798/15/360 1813/15/360 1814/15/360
f 1807/15/361 1806/15/361 1821/15/361 1822/15/361
f 1800/15/362 1799/15/362 1814/15/362 1815/15/362
f 1793/15/363 1702/15/363 1808/15/363
f 1928/15/785 1807/15/785 1822/15/785
f 1801/15/365 1800/15/365 1815/15/365 1816/15/365
f 1794/15/366 1793/15/366 1808/15/366 1809/15/366
f 1802/15/367 1801/15/367 1816/15/367 1817/15/367
f 1795/15/368 1794/15/368 1809/15/368 1810/15/368
f 1803/15/369 1802/15/369 1817/15/369 1818/15/369
f 1796/15/370 1795/15/370 1810/15/370 1811/15/370
f 1804/15/371 1803/15/371 1818/15/371 1819/15/371
f 1797/15/372 1796/15/372 1811/15/372 1812/15/372
f 1805/15/373 1804/15/373 1819/15/373 1820/15/373
f 1798/15/374 1797/15/374 1812/15/374 1813/15/374
f 1810/15/724 1809/15/724 1824/15/724 1825/15/724
f 1818/15/376 1817/15/376 1832/15/376 1833/15/376
f 1811/15/377 1810/15/377 1825/15/377 1826/15/377
f 1819/15/378 1818/15/378 1833/15/378 1834/15/378
f 1812/15/379 1811/15/379 1826/15/379 1827/15/379
f 1820/15/380 1819/15/380 1834/15/380 1835/15/380
f 1813/15/381 1812/15/381 1827/15/381 1828/15/381
f 1821/15/725 1820/15/725 1835/15/725 1836/15/725
f 1814/15/383 1813/15/383 1828/15/383 1829/15/383
f 1822/15/726 1821/15/726 1836/15/726 1837/15/726
f 1815/15/786 1814/15/786 1829/15/786 1830/15/786
f 1808/15/386 1702/15/386 1823/15/386
f 1928/15/387 1822/15/387 1837/15/387
f 1816/15/787 1815/15/787 1830/15/787 1831/15/787
f 1809/15/727 1808/15/727 1823/15/727 1824/15/727
f 1817/15/390 1816/15/390 1831/15/390 1832/15/390
f 1829/15/391 1828/15/391 1843/15/391 1844/15/391
f 1837/15/728 1836/15/728 1851/15/728 1852/15/728
f 1830/15/393 1829/15/393 1844/15/393 1845/15/393
f 1823/15/394 1702/15/394 1838/15/394
f 1928/15/395 1837/15/395 1852/15/395
f 1831/15/396 1830/15/396 1845/15/396 1846/15/396
f 1824/15/729 1823/15/729 1838/15/729 1839/15/729
f 1832/15/398 1831/15/398 1846/15/398 1847/15/398
f 1825/15/788 1824/15/788 1839/15/788 1840/15/788
f 1833/15/400 1832/15/400 1847/15/400 1848/15/400
f 1826/15/401 1825/15/401 1840/15/401 1841/15/401
f 1834/15/402 1833/15/402 1848/15/402 1849/15/402
f 1827/15/403 1826/15/403 1841/15/403 1842/15/403
f 1835/15/404 1834/15/404 1849/15/404 1850/15/404
f 1828/15/405 1827/15/405 1842/15/405 1843/15/405
f 1836/15/406 1835/15/406 1850/15/406 1851/15/406
f 1848/15/407 1847/15/407 1862/15/407 1863/15/407
f 1841/15/408 1840/15/408 1855/15/408 1856/15/408
f 1849/15/409 1848/15/409 1863/15/409 1864/15/409
f 1842/15/410 1841/15/410 1856/15/410 1857/15/410
f 1850/15/411 1849/15/411 1864/15/411 1865/15/411
f 1843/15/412 1842/15/412 1857/15/412 1858/15/412
f 1851/15/413 1850/15/413 1865/15/413 1866/15/413
f 1844/15/414 1843/15/414 1858/15/414 1859/15/414
f 1852/15/415 1851/15/415 1866/15/415 1867/15/415
f 1845/15/789 1844/15/789 1859/15/789 1860/15/789
f 1838/15/417 1702/15/417 1853/15/417
f 1928/15/732 1852/15/732 1867/15/732
f 1846/15/790 1845/15/790 1860/15/790 1861/15/790
f 1839/15/420 1838/15/420 1853/15/420 1854/15/420
f 1847/15/421 1846/15/421 1861/15/421 1862/15/421
f 1840/15/422 1839/15/422 1854/15/422 1855/15/422
f 1867/15/423 1866/15/423 1881/15/423 1882/15/423
f 1860/15/791 1859/15/791 1874/15/791 1875/15/791
f 1853/15/425 1702/15/425 1868/15/425
f 1928/15/734 1867/15/734 1882/15/734
f 1861/15/792 1860/15/792 1875/15/792 1876/15/792
f 1854/15/428 1853/15/428 1868/15/428 1869/15/428
f 1862/15/429 1861/15/429 1876/15/429 1877/15/429
f 1855/15/430 1854/15/430 1869/15/430 1870/15/430
f 1863/15/431 1862/15/431 1877/15/431 1878/15/431
f 1856/15/432 1855/15/432 1870/15/432 1871/15/432
f 1864/15/433 1863/15/433 1878/15/433 1879/15/433
f 1857/15/434 1856/15/434 1871/15/434 1872/15/434
f 1865/15/435 1864/15/435 1879/15/435 1880/15/435
f 1858/15/436 1857/15/436 1872/15/436 1873/15/436
f 1866/15/437 1865/15/437 1880/15/437 1881/15/437
f 1859/15/438 1858/15/438 1873/15/438 1874/15/438
f 1871/15/439 1870/15/439 1885/15/439 1886/15/439
f 1879/15/440 1878/15/440 1893/15/440 1894/15/440
f 1872/15/441 1871/15/441 1886/15/441 1887/15/441
f 1880/15/442 1879/15/442 1894/15/442 1895/15/442
f 1873/15/443 1872/15/443 1887/15/443 1888/15/443
f 1881/15/793 1880/15/793 1895/15/793 1896/15/793
f 1874/15/445 1873/15/445 1888/15/445 1889/15/445
f 1882/15/446 1881/15/446 1896/15/446 1897/15/446
f 1875/15/447 1874/15/447 1889/15/447 1890/15/447
f 1868/15/448 1702/15/448 1883/15/448
f 1928/15/449 1882/15/449 1897/15/449
f 1876/15/450 1875/15/450 1890/15/450 1891/15/450
f 1869/15/794 1868/15/794 1883/15/794 1884/15/794
f 1877/15/452 1876/15/452 1891/15/452 1892/15/452
f 1870/15/795 1869/15/795 1884/15/795 1885/15/795
f 1878/15/454 1877/15/454 1892/15/454 1893/15/454
f 1890/15/796 1889/15/796 1904/15/796 1905/15/796
f 1883/15/456 1702/15/456 1898/15/456
f 1928/15/457 1897/15/457 1912/15/457
f 1891/15/797 1890/15/797 1905/15/797 1906/15/797
f 1884/15/459 1883/15/459 1898/15/459 1899/15/459
f 1892/15/460 1891/15/460 1906/15/460 1907/15/460
f 1885/15/798 1884/15/798 1899/15/798 1900/15/798
f 1893/15/462 1892/15/462 1907/15/462 1908/15/462
f 1886/15/463 1885/15/463 1900/15/463 1901/15/463
f 1894/15/464 1893/15/464 1908/15/464 1909/15/464
f 1887/15/465 1886/15/465 1901/15/465 1902/15/465
f 1895/15/466 1894/15/466 1909/15/466 1910/15/466
f 1888/15/467 1887/15/467 1902/15/467 1903/15/467
f 1896/15/468 1895/15/468 1910/15/468 1911/15/468
f 1889/15/469 1888/15/469 1903/15/469 1904/15/469
f 1897/15/470 1896/15/470 1911/15/470 1912/15/470
f 1909/15/471 1908/15/471 1923/15/471 1924/15/471
f 1902/15/472 1901/15/472 1916/15/472 1917/15/472
f 1910/15/473 1909/15/473 1924/15/473 1925/15/473
f 1903/15/474 1902/15/474 1917/15/474 1918/15/474
f 1911/15/475 1910/15/475 1925/15/475 1926/15/475
f 1904/15/476 1903/15/476 1918/15/476 1919/15/476
f 1912/15/477 1911/15/477 1926/15/477 1927/15/477
f 1905/15/478 1904/15/478 1919/15/478 1920/15/478
f 1898/15/479 1702/15/479 1913/15/479
f 1928/15/799 1912/15/799 1927/15/799
f 1906/15/481 1905/15/481 1920/15/481 1921/15/481
f 1899/15/482 1898/15/482 1913/15/482 1914/15/482
f 1907/15/483 1906/15/483 1921/15/483 1922/15/483
f 1900/15/484 1899/15/484 1914/15/484 1915/15/484
f 1908/15/485 1907/15/485 1922/15/485 1923/15/485
f 1901/15/486 1900/15/486 1915/15/486 1916/15/486
f 1928/15/487 1927/15/487 1943/15/487
f 1921/15/488 1920/15/488 1936/15/488 1937/15/488
f 1914/15/489 1913/15/489 1929/15/489 1930/15/489
f 1922/15/490 1921/15/490 1937/15/490 1938/15/490
f 1915/15/491 1914/15/491 1930/15/491 1931/15/491
f 1923/15/492 1922/15/492 1938/15/492 1939/15/492
f 1916/15/493 1915/15/493 1931/15/493 1932/15/493
f 1924/15/494 1923/15/494 1939/15/494 1940/15/494
f 1917/15/495 1916/15/495 1932/15/495 1933/15/495
f 1925/15/496 1924/15/496 1940/15/496 1941/15/496
f 1918/15/497 1917/15/497 1933/15/497 1934/15/497
f 1926/15/498 1925/15/498 1941/15/498 1942/15/498
f 1919/15/499 1918/15/499 1934/15/499 1935/15/499
f 1927/15/500 1926/15/500 1942/15/500 1943/15/500
f 1920/15/501 1919/15/501 1935/15/501 1936/15/501
f 1913/15/502 1702/15/502 1929/15/502
f 1941/15/503 1940/15/503 1955/15/503 1956/15/503
f 1934/15/504 1933/15/504 1948/15/504 1949/15/504
f 1942/15/505 1941/15/505 1956/15/505 1957/15/505
f 1935/15/506 1934/15/506 1949/15/506 1950/15/506
f 1943/15/800 1942/15/800 1957/15/800 1958/15/800
f 1936/15/508 1935/15/508 1950/15/508 1951/15/508
f 1929/15/509 1702/15/509 1944/15/509
f 1928/15/510 1943/15/510 1958/15/510
f 1937/15/511 1936/15/511 1951/15/511 1952/15/511
f 1930/15/801 1929/15/801 1944/15/801 1945/15/801
f 1938/15/513 1937/15/513 1952/15/513 1953/15/513
f 1931/15/802 1930/15/802 1945/15/802 1946/15/802
f 1939/15/515 1938/15/515 1953/15/515 1954/15/515
f 1932/15/516 1931/15/516 1946/15/516 1947/15/516
f 1940/15/517 1939/15/517 1954/15/517 1955/15/517
f 1933/15/518 1932/15/518 1947/15/518 1948/15/518
f 1945/15/519 1944/15/519 1959/15/519 1960/15/519
f 1953/15/520 1952/15/520 1967/15/520 1968/15/520
f 1946/15/521 1945/15/521 1960/15/521 1961/15/521
f 1954/15/522 1953/15/522 1968/15/522 1969/15/522
f 1947/15/523 1946/15/523 1961/15/523 1962/15/523
f 1955/15/524 1954/15/524 1969/15/524 1970/15/524
f 1948/15/525 1947/15/525 1962/15/525 1963/15/525
f 1956/15/526 1955/15/526 1970/15/526 1971/15/526
f 1949/15/527 1948/15/527 1963/15/527 1964/15/527
f 1957/15/743 1956/15/743 1971/15/743 1972/15/743
f 1950/15/529 1949/15/529 1964/15/529 1965/15/529
f 1958/15/530 1957/15/530 1972/15/530 1973/15/530
f 1951/15/531 1950/15/531 1965/15/531 1966/15/531
f 1944/15/803 1702/15/803 1959/15/803
f 1928/15/533 1958/15/533 1973/15/533
f 1952/15/534 1951/15/534 1966/15/534 1967/15/534
f 1964/15/535 1963/15/535 1978/15/535 1979/15/535
f 1972/15/536 1971/15/536 1986/15/536 1987/15/536
f 1965/15/537 1964/15/537 1979/15/537 1980/15/537
f 1973/15/538 1972/15/538 1987/15/538 1988/15/538
f 1966/15/539 1965/15/539 1980/15/539 1981/15/539
f 1959/15/540 1702/15/540 1974/15/540
f 1928/15/541 1973/15/541 1988/15/541
f 1967/15/542 1966/15/542 1981/15/542 1982/15/542
f 1960/15/543 1959/15/543 1974/15/543 1975/15/543
f 1968/15/544 1967/15/544 1982/15/544 1983/15/544
f 1961/15/545 1960/15/545 1975/15/545 1976/15/545
f 1969/15/546 1968/15/546 1983/15/546 1984/15/546
f 1962/15/547 1961/15/547 1976/15/547 1977/15/547
f 1970/15/548 1969/15/548 1984/15/548 1985/15/548
f 1963/15/549 1962/15/549 1977/15/549 1978/15/549
f 1971/15/550 1970/15/550 1985/15/550 1986/15/550
f 1983/15/551 1982/15/551 1997/15/551 1998/15/551
f 1976/15/552 1975/15/552 1990/15/552 1991/15/552
f 1984/15/553 1983/15/553 1998/15/553 1999/15/553
f 1977/15/554 1976/15/554 1991/15/554 1992/15/554
f 1985/15/555 1984/15/555 1999/15/555 2000/15/555
f 1978/15/556 1977/15/556 1992/15/556 1993/15/556
f 1986/15/557 1985/15/557 2000/15/557 2001/15/557
f 1979/15/558 1978/15/558 1993/15/558 1994/15/558
f 1987/15/559 1986/15/559 2001/15/559 2002/15/559
f 1980/15/560 1979/15/560 1994/15/560 1995/15/560
f 1988/15/746 1987/15/746 2002/15/746 2003/15/746
f 1981/15/562 1980/15/562 1995/15/562 1996/15/562
f 1974/15/563 1702/15/563 1989/15/563
f 1928/15/564 1988/15/564 2003/15/564
f 1982/15/565 1981/15/565 1996/15/565 1997/15/565
f 1975/15/566 1974/15/566 1989/15/566 1990/15/566
f 2002/15/567 2001/15/567 2016/15/567 2017/15/567
f 1995/15/568 1994/15/568 2009/15/568 2010/15/568
f 2003/15/569 2002/15/569 2017/15/569 2018/15/569
f 1996/15/570 1995/15/570 2010/15/570 2011/15/570
f 1989/15/804 1702/15/804 2004/15/804
f 1928/15/572 2003/15/572 2018/15/572
f 1997/15/573 1996/15/573 2011/15/573 2012/15/573
f 1990/15/805 1989/15/805 2004/15/805 2005/15/805
f 1998/15/575 1997/15/575 2012/15/575 2013/15/575
f 1991/15/576 1990/15/576 2005/15/576 2006/15/576
f 1999/15/577 1998/15/577 2013/15/577 2014/15/577
f 1992/15/578 1991/15/578 2006/15/578 2007/15/578
f 2000/15/579 1999/15/579 2014/15/579 2015/15/579
f 1993/15/580 1992/15/580 2007/15/580 2008/15/580
f 2001/15/581 2000/15/581 2015/15/581 2016/15/581
f 1994/15/582 1993/15/582 2008/15/582 2009/15/582
f 2006/15/583 2005/15/583 2020/15/583 2021/15/583
f 2014/15/584 2013/15/584 2028/15/584 2029/15/584
f 2007/15/585 2006/15/585 2021/15/585 2022/15/585
f 2015/15/586 2014/15/586 2029/15/586 2030/15/586
f 2008/15/587 2007/15/587 2022/15/587 2023/15/587
f 2016/15/588 2015/15/588 2030/15/588 2031/15/588
f 2009/15/589 2008/15/589 2023/15/589 2024/15/589
f 2017/15/590 2016/15/590 2031/15/590 2032/15/590
f 2010/15/591 2009/15/591 2024/15/591 2025/15/591
f 2018/15/748 2017/15/748 2032/15/748 2033/15/748
f 2011/15/806 2010/15/806 2025/15/806 2026/15/806
f 2004/15/594 1702/15/594 2019/15/594
f 1928/15/595 2018/15/595 2033/15/595
f 2012/15/807 2011/15/807 2026/15/807 2027/15/807
f 2005/15/749 2004/15/749 2019/15/749 2020/15/749
f 2013/15/598 2012/15/598 2027/15/598 2028/15/598
f 2025/15/599 2024/15/599 2039/15/599 2040/15/599
f 2033/15/600 2032/15/600 2047/15/600 2048/15/600
f 2026/15/601 2025/15/601 2040/15/601 2041/15/601
f 2019/15/602 1702/15/602 2034/15/602
f 1928/15/603 2033/15/603 2048/15/603
f 2027/15/604 2026/15/604 2041/15/604 2042/15/604
f 2020/15/605 2019/15/605 2034/15/605 2035/15/605
f 2028/15/606 2027/15/606 2042/15/606 2043/15/606
f 2021/15/607 2020/15/607 2035/15/607 2036/15/607
f 2029/15/608 2028/15/608 2043/15/608 2044/15/608
f 2022/15/609 2021/15/609 2036/15/609 2037/15/609
f 2030/15/610 2029/15/610 2044/15/610 2045/15/610
f 2023/15/611 2022/15/611 2037/15/611 2038/15/611
f 2031/15/612 2030/15/612 2045/15/612 2046/15/612
f 2024/15/613 2023/15/613 2038/15/613 2039/15/613
f 2032/15/614 2031/15/614 2046/15/614 2047/15/614
f 2044/15/615 2043/15/615 2058/15/615 2059/15/615
f 2037/15/616 2036/15/616 2051/15/616 2052/15/616
f 2045/15/617 2044/15/617 2059/15/617 2060/15/617
f 2038/15/618 2037/15/618 2052/15/618 2053/15/618
f 2046/15/619 2045/15/619 2060/15/619 2061/15/619
f 2039/15/620 2038/15/620 2053/15/620 2054/15/620
f 2047/15/621 2046/15/621 2061/15/621 2062/15/621
f 2040/15/622 2039/15/622 2054/15/622 2055/15/622
f 2048/15/623 2047/15/623 2062/15/623 2063/15/623
f 2041/15/624 2040/15/624 2055/15/624 2056/15/624
f 2034/15/625 1702/15/625 2049/15/625
f 1928/15/808 2048/15/808 2063/15/808
f 2042/15/627 2041/15/627 2056/15/627 2057/15/627
f 2035/15/628 2034/15/628 2049/15/628 2050/15/628
f 2043/15/629 2042/15/629 2057/15/629 2058/15/629
f 2036/15/630 2035/15/630 2050/15/630 2051/15/630
f 2063/15/751 2062/15/751 2077/15/751 2078/15/751
f 2056/15/632 2055/15/632 2070/15/632 2071/15/632
f 2049/15/633 1702/15/633 2064/15/633
f 1928/15/634 2063/15/634 2078/15/634
f 2057/15/635 2056/15/635 2071/15/635 2072/15/635
f 2050/15/754 2049/15/754 2064/15/754 2065/15/754
f 2058/15/637 2057/15/637 2072/15/637 2073/15/637
f 2051/15/638 2050/15/638 2065/15/638 2066/15/638
f 2059/15/639 2058/15/639 2073/15/639 2074/15/639
f 2052/15/640 2051/15/640 2066/15/640 2067/15/640
f 2060/15/641 2059/15/641 2074/15/641 2075/15/641
f 2053/15/642 2052/15/642 2067/15/642 2068/15/642
f 2061/15/643 2060/15/643 2075/15/643 2076/15/643
f 2054/15/644 2053/15/644 2068/15/644 2069/15/644
f 2062/15/809 2061/15/809 2076/15/809 2077/15/809
f 2055/15/646 2054/15/646 2069/15/646 2070/15/646
f 2075/15/647 2074/15/647 2089/15/647 2090/15/647
f 2068/15/648 2067/15/648 2082/15/648 2083/15/648
f 2076/15/649 2075/15/649 2090/15/649 2091/15/649
f 2069/15/650 2068/15/650 2083/15/650 2084/15/650
f 2077/15/651 2076/15/651 2091/15/651 2092/15/651
f 2070/15/652 2069/15/652 2084/15/652 2085/15/652
f 2078/15/653 2077/15/653 2092/15/653 2093/15/653
f 2071/15/654 2070/15/654 2085/15/654 2086/15/654
f 2064/15/655 1702/15/655 2079/15/655
f 1928/15/656 2078/15/656 2093/15/656
f 2072/15/657 2071/15/657 2086/15/657 2087/15/657
f 2065/15/760 2064/15/760 2079/15/760 2080/15/760
f 2073/15/659 2072/15/659 2087/15/659 2088/15/659
f 2066/15/810 2065/15/810 2080/15/810 2081/15/810
f 2074/15/661 2073/15/661 2088/15/661 2089/15/661
f 2067/15/662 2066/15/662 2081/15/662 2082/15/662
f 2079/15/663 1702/15/663 2094/15/663
f 1928/15/664 2093/15/664 2102/15/664
f 2087/15/665 2086/15/665 1624/15/665 1625/15/665
f 2080/15/666 2079/15/666 2094/15/666 2095/15/666
f 2088/15/667 2087/15/667 1625/15/667 2098/15/667
f 2081/15/668 2080/15/668 2095/15/668 1621/15/668
f 2089/15/669 2088/15/669 2098/15/669 1626/15/669
f 2082/15/670 2081/15/670 1621/15/670 2096/15/670
f 2090/15/671 2089/15/671 1626/15/671 2099/15/671
f 2083/15/672 2082/15/672 2096/15/672 1622/15/672
f 2091/15/673 2090/15/673 2099/15/673 2100/15/673
f 2084/15/674 2083/15/674 1622/15/674 2097/15/674
f 2092/15/675 2091/15/675 2100/15/675 2101/15/675
f 2085/15/676 2084/15/676 2097/15/676 1623/15/676
f 2093/15/677 2092/15/677 2101/15/677 2102/15/677
f 2086/15/678 2085/15/678 1623/15/678 1624/15/678
f 2106/15/811 2105/15/811 2115/15/811 2116/15/811
f 2576/15/168 2184/15/168 2109/15/168
f 2410/15/680 2584/15/680 2123/15/680
f 2107/15/812 2106/15/812 2116/15/812 2117/15/812
f 2577/15/171 2576/15/171 2109/15/171 2110/15/171
f 2580/15/172 2107/15/172 2117/15/172 2118/15/172
f 2103/15/173 2577/15/173 2110/15/173 2111/15/173
f 2108/15/174 2580/15/174 2118/15/174 2119/15/174
f 2578/15/175 2103/15/175 2111/15/175 2112/15/175
f 2581/15/176 2108/15/176 2119/15/176 2120/15/176
f 2104/15/177 2578/15/177 2112/15/177 2113/15/177
f 2582/15/178 2581/15/178 2120/15/178 2121/15/178
f 2579/15/179 2104/15/179 2113/15/179 2114/15/179
f 2583/15/180 2582/15/180 2121/15/180 2122/15/180
f 2105/15/181 2579/15/181 2114/15/181 2115/15/181
f 2584/15/182 2583/15/182 2122/15/182 2123/15/182
f 2122/15/681 2121/15/681 2136/15/681 2137/15/681
f 2115/15/184 2114/15/184 2129/15/184 2130/15/184
f 2123/15/185 2122/15/185 2137/15/185 2138/15/185
f 2116/15/683 2115/15/683 2130/15/683 2131/15/683
f 2109/15/187 2184/15/187 2124/15/187
f 2410/15/188 2123/15/188 2138/15/188
f 2117/15/684 2116/15/684 2131/15/684 2132/15/684
f 2110/15/685 2109/15/685 2124/15/685 2125/15/685
f 2118/15/191 2117/15/191 2132/15/191 2133/15/191
f 2111/15/192 2110/15/192 2125/15/192 2126/15/192
f 2119/15/193 2118/15/193 2133/15/193 2134/15/193
f 2112/15/194 2111/15/194 2126/15/194 2127/15/194
f 2120/15/195 2119/15/195 2134/15/195 2135/15/195
f 2113/15/196 2112/15/196 2127/15/196 2128/15/196
f 2121/15/197 2120/15/197 2135/15/197 2136/15/197
f 2114/15/198 2113/15/198 2128/15/198 2129/15/198
f 2134/15/199 2133/15/199 2148/15/199 2149/15/199
f 2127/15/200 2126/15/200 2141/15/200 2142/15/200
f 2135/15/201 2134/15/201 2149/15/201 2150/15/201
f 2128/15/202 2127/15/202 2142/15/202 2143/15/202
f 2136/15/203 2135/15/203 2150/15/203 2151/15/203
f 2129/15/204 2128/15/204 2143/15/204 2144/15/204
f 2137/15/205 2136/15/205 2151/15/205 2152/15/205
f 2130/15/206 2129/15/206 2144/15/206 2145/15/206
f 2138/15/207 2137/15/207 2152/15/207 2153/15/207
f 2131/15/208 2130/15/208 2145/15/208 2146/15/208
f 2124/15/209 2184/15/209 2139/15/209
f 2410/15/210 2138/15/210 2153/15/210
f 2132/15/211 2131/15/211 2146/15/211 2147/15/211
f 2125/15/690 2124/15/690 2139/15/690 2140/15/690
f 2133/15/213 2132/15/213 2147/15/213 2148/15/213
f 2126/15/771 2125/15/771 2140/15/771 2141/15/771
f 2153/15/215 2152/15/215 2167/15/215 2168/15/215
f 2146/15/691 2145/15/691 2160/15/691 2161/15/691
f 2139/15/217 2184/15/217 2154/15/217
f 2410/15/772 2153/15/772 2168/15/772
f 2147/15/692 2146/15/692 2161/15/692 2162/15/692
f 2140/15/220 2139/15/220 2154/15/220 2155/15/220
f 2148/15/221 2147/15/221 2162/15/221 2163/15/221
f 2141/15/222 2140/15/222 2155/15/222 2156/15/222
f 2149/15/223 2148/15/223 2163/15/223 2164/15/223
f 2142/15/224 2141/15/224 2156/15/224 2157/15/224
f 2150/15/225 2149/15/225 2164/15/225 2165/15/225
f 2143/15/226 2142/15/226 2157/15/226 2158/15/226
f 2151/15/227 2150/15/227 2165/15/227 2166/15/227
f 2144/15/228 2143/15/228 2158/15/228 2159/15/228
f 2152/15/229 2151/15/229 2166/15/229 2167/15/229
f 2145/15/230 2144/15/230 2159/15/230 2160/15/230
f 2157/15/231 2156/15/231 2171/15/231 2172/15/231
f 2165/15/232 2164/15/232 2179/15/232 2180/15/232
f 2158/15/233 2157/15/233 2172/15/233 2173/15/233
f 2166/15/234 2165/15/234 2180/15/234 2181/15/234
f 2159/15/235 2158/15/235 2173/15/235 2174/15/235
f 2167/15/236 2166/15/236 2181/15/236 2182/15/236
f 2160/15/237 2159/15/237 2174/15/237 2175/15/237
f 2168/15/238 2167/15/238 2182/15/238 2183/15/238
f 2161/15/239 2160/15/239 2175/15/239 2176/15/239
f 2154/15/240 2184/15/240 2169/15/240
f 2410/15/241 2168/15/241 2183/15/241
f 2162/15/242 2161/15/242 2176/15/242 2177/15/242
f 2155/15/243 2154/15/243 2169/15/243 2170/15/243
f 2163/15/244 2162/15/244 2177/15/244 2178/15/244
f 2156/15/245 2155/15/245 2170/15/245 2171/15/245
f 2164/15/246 2163/15/246 2178/15/246 2179/15/246
f 2176/15/247 2175/15/247 2191/15/247 2192/15/247
f 2169/15/248 2184/15/248 2185/15/248
f 2410/15/249 2183/15/249 2199/15/249
f 2177/15/250 2176/15/250 2192/15/250 2193/15/250
f 2170/15/813 2169/15/813 2185/15/813 2186/15/813
f 2178/15/252 2177/15/252 2193/15/252 2194/15/252
f 2171/15/253 2170/15/253 2186/15/253 2187/15/253
f 2179/15/254 2178/15/254 2194/15/254 2195/15/254
f 2172/15/255 2171/15/255 2187/15/255 2188/15/255
f 2180/15/256 2179/15/256 2195/15/256 2196/15/256
f 2173/15/257 2172/15/257 2188/15/257 2189/15/257
f 2181/15/258 2180/15/258 2196/15/258 2197/15/258
f 2174/15/259 2173/15/259 2189/15/259 2190/15/259
f 2182/15/699 2181/15/699 2197/15/699 2198/15/699
f 2175/15/261 2174/15/261 2190/15/261 2191/15/261
f 2183/15/814 2182/15/814 2198/15/814 2199/15/814
f 2196/15/263 2195/15/263 2210/15/263 2211/15/263
f 2189/15/264 2188/15/264 2203/15/264 2204/15/264
f 2197/15/265 2196/15/265 2211/15/265 2212/15/265
f 2190/15/266 2189/15/266 2204/15/266 2205/15/266
f 2198/15/267 2197/15/267 2212/15/267 2213/15/267
f 2191/15/268 2190/15/268 2205/15/268 2206/15/268
f 2199/15/269 2198/15/269 2213/15/269 2214/15/269
f 2192/15/702 2191/15/702 2206/15/702 2207/15/702
f 2185/15/271 2184/15/271 2200/15/271
f 2410/15/272 2199/15/272 2214/15/272
f 2193/15/273 2192/15/273 2207/15/273 2208/15/273
f 2186/15/274 2185/15/274 2200/15/274 2201/15/274
f 2194/15/275 2193/15/275 2208/15/275 2209/15/275
f 2187/15/276 2186/15/276 2201/15/276 2202/15/276
f 2195/15/277 2194/15/277 2209/15/277 2210/15/277
f 2188/15/278 2187/15/278 2202/15/278 2203/15/278
f 2200/15/705 2184/15/705 2215/15/705
f 2410/15/706 2214/15/706 2229/15/706
f 2208/15/281 2207/15/281 2222/15/281 2223/15/281
f 2201/15/282 2200/15/282 2215/15/282 2216/15/282
f 2209/15/283 2208/15/283 2223/15/283 2224/15/283
f 2202/15/284 2201/15/284 2216/15/284 2217/15/284
f 2210/15/285 2209/15/285 2224/15/285 2225/15/285
f 2203/15/286 2202/15/286 2217/15/286 2218/15/286
f 2211/15/287 2210/15/287 2225/15/287 2226/15/287
f 2204/15/288 2203/15/288 2218/15/288 2219/15/288
f 2212/15/289 2211/15/289 2226/15/289 2227/15/289
f 2205/15/290 2204/15/290 2219/15/290 2220/15/290
f 2213/15/291 2212/15/291 2227/15/291 2228/15/291
f 2206/15/292 2205/15/292 2220/15/292 2221/15/292
f 2214/15/293 2213/15/293 2228/15/293 2229/15/293
f 2207/15/294 2206/15/294 2221/15/294 2222/15/294
f 2219/15/295 2218/15/295 2233/15/295 2234/15/295
f 2227/15/296 2226/15/296 2241/15/296 2242/15/296
f 2220/15/297 2219/15/297 2234/15/297 2235/15/297
f 2228/15/298 2227/15/298 2242/15/298 2243/15/298
f 2221/15/299 2220/15/299 2235/15/299 2236/15/299
f 2229/15/709 2228/15/709 2243/15/709 2244/15/709
f 2222/15/301 2221/15/301 2236/15/301 2237/15/301
f 2215/15/710 2184/15/710 2230/15/710
f 2410/15/711 2229/15/711 2244/15/711
f 2223/15/304 2222/15/304 2237/15/304 2238/15/304
f 2216/15/712 2215/15/712 2230/15/712 2231/15/712
f 2224/15/306 2223/15/306 2238/15/306 2239/15/306
f 2217/15/307 2216/15/307 2231/15/307 2232/15/307
f 2225/15/308 2224/15/308 2239/15/308 2240/15/308
f 2218/15/309 2217/15/309 2232/15/309 2233/15/309
f 2226/15/310 2225/15/310 2240/15/310 2241/15/310
f 2238/15/311 2237/15/311 2252/15/311 2253/15/311
f 2231/15/781 2230/15/781 2245/15/781 2246/15/781
f 2239/15/313 2238/15/313 2253/15/313 2254/15/313
f 2232/15/314 2231/15/314 2246/15/314 2247/15/314
f 2240/15/315 2239/15/315 2254/15/315 2255/15/315
f 2233/15/316 2232/15/316 2247/15/316 2248/15/316
f 2241/15/317 2240/15/317 2255/15/317 2256/15/317
f 2234/15/318 2233/15/318 2248/15/318 2249/15/318
f 2242/15/319 2241/15/319 2256/15/319 2257/15/319
f 2235/15/320 2234/15/320 2249/15/320 2250/15/320
f 2243/15/321 2242/15/321 2257/15/321 2258/15/321
f 2236/15/322 2235/15/322 2250/15/322 2251/15/322
f 2244/15/323 2243/15/323 2258/15/323 2259/15/323
f 2237/15/324 2236/15/324 2251/15/324 2252/15/324
f 2230/15/784 2184/15/784 2245/15/784
f 2410/15/326 2244/15/326 2259/15/326
f 2257/15/327 2256/15/327 2271/15/327 2272/15/327
f 2250/15/328 2249/15/328 2264/15/328 2265/15/328
f 2258/15/329 2257/15/329 2272/15/329 2273/15/329
f 2251/15/330 2250/15/330 2265/15/330 2266/15/330
f 2259/15/815 2258/15/815 2273/15/815 2274/15/815
f 2252/15/717 2251/15/717 2266/15/717 2267/15/717
f 2245/15/333 2184/15/333 2260/15/333
f 2410/15/334 2259/15/334 2274/15/334
f 2253/15/718 2252/15/718 2267/15/718 2268/15/718
f 2246/15/719 2245/15/719 2260/15/719 2261/15/719
f 2254/15/337 2253/15/337 2268/15/337 2269/15/337
f 2247/15/338 2246/15/338 2261/15/338 2262/15/338
f 2255/15/339 2254/15/339 2269/15/339 2270/15/339
f 2248/15/340 2247/15/340 2262/15/340 2263/15/340
f 2256/15/341 2255/15/341 2270/15/341 2271/15/341
f 2249/15/342 2248/15/342 2263/15/342 2264/15/342
f 2269/15/343 2268/15/343 2283/15/343 2284/15/343
f 2262/15/344 2261/15/344 2276/15/344 2277/15/344
f 2270/15/345 2269/15/345 2284/15/345 2285/15/345
f 2263/15/346 2262/15/346 2277/15/346 2278/15/346
f 2271/15/347 2270/15/347 2285/15/347 2286/15/347
f 2264/15/348 2263/15/348 2278/15/348 2279/15/348
f 2272/15/349 2271/15/349 2286/15/349 2287/15/349
f 2265/15/350 2264/15/350 2279/15/350 2280/15/350
f 2273/15/351 2272/15/351 2287/15/351 2288/15/351
f 2266/15/352 2265/15/352 2280/15/352 2281/15/352
f 2274/15/353 2273/15/353 2288/15/353 2289/15/353
f 2267/15/354 2266/15/354 2281/15/354 2282/15/354
f 2260/15/816 2184/15/816 2275/15/816
f 2410/15/356 2274/15/356 2289/15/356
f 2268/15/357 2267/15/357 2282/15/357 2283/15/357
f 2261/15/358 2260/15/358 2275/15/358 2276/15/358
f 2288/15/359 2287/15/359 2302/15/359 2303/15/359
f 2281/15/360 2280/15/360 2295/15/360 2296/15/360
f 2289/15/361 2288/15/361 2303/15/361 2304/15/361
f 2282/15/722 2281/15/722 2296/15/722 2297/15/722
f 2275/15/363 2184/15/363 2290/15/363
f 2410/15/785 2289/15/785 2304/15/785
f 2283/15/723 2282/15/723 2297/15/723 2298/15/723
f 2276/15/366 2275/15/366 2290/15/366 2291/15/366
f 2284/15/367 2283/15/367 2298/15/367 2299/15/367
f 2277/15/368 2276/15/368 2291/15/368 2292/15/368
f 2285/15/369 2284/15/369 2299/15/369 2300/15/369
f 2278/15/370 2277/15/370 2292/15/370 2293/15/370
f 2286/15/371 2285/15/371 2300/15/371 2301/15/371
f 2279/15/372 2278/15/372 2293/15/372 2294/15/372
f 2287/15/373 2286/15/373 2301/15/373 2302/15/373
f 2280/15/374 2279/15/374 2294/15/374 2295/15/374
f 2292/15/724 2291/15/724 2306/15/724 2307/15/724
f 2300/15/376 2299/15/376 2314/15/376 2315/15/376
f 2293/15/377 2292/15/377 2307/15/377 2308/15/377
f 2301/15/378 2300/15/378 2315/15/378 2316/15/378
f 2294/15/379 2293/15/379 2308/15/379 2309/15/379
f 2302/15/380 2301/15/380 2316/15/380 2317/15/380
f 2295/15/381 2294/15/381 2309/15/381 2310/15/381
f 2303/15/725 2302/15/725 2317/15/725 2318/15/725
f 2296/15/383 2295/15/383 2310/15/383 2311/15/383
f 2304/15/726 2303/15/726 2318/15/726 2319/15/726
f 2297/15/786 2296/15/786 2311/15/786 2312/15/786
f 2290/15/386 2184/15/386 2305/15/386
f 2410/15/387 2304/15/387 2319/15/387
f 2298/15/787 2297/15/787 2312/15/787 2313/15/787
f 2291/15/727 2290/15/727 2305/15/727 2306/15/727
f 2299/15/390 2298/15/390 2313/15/390 2314/15/390
f 2311/15/391 2310/15/391 2325/15/391 2326/15/391
f 2319/15/728 2318/15/728 2333/15/728 2334/15/728
f 2312/15/393 2311/15/393 2326/15/393 2327/15/393
f 2305/15/394 2184/15/394 2320/15/394
f 2410/15/395 2319/15/395 2334/15/395
f 2313/15/396 2312/15/396 2327/15/396 2328/15/396
f 2306/15/729 2305/15/729 2320/15/729 2321/15/729
f 2314/15/398 2313/15/398 2328/15/398 2329/15/398
f 2307/15/788 2306/15/788 2321/15/788 2322/15/788
f 2315/15/400 2314/15/400 2329/15/400 2330/15/400
f 2308/15/401 2307/15/401 2322/15/401 2323/15/401
f 2316/15/402 2315/15/402 2330/15/402 2331/15/402
f 2309/15/403 2308/15/403 2323/15/403 2324/15/403
f 2317/15/404 2316/15/404 2331/15/404 2332/15/404
f 2310/15/405 2309/15/405 2324/15/405 2325/15/405
f 2318/15/730 2317/15/730 2332/15/730 2333/15/730
f 2330/15/407 2329/15/407 2344/15/407 2345/15/407
f 2323/15/408 2322/15/408 2337/15/408 2338/15/408
f 2331/15/409 2330/15/409 2345/15/409 2346/15/409
f 2324/15/410 2323/15/410 2338/15/410 2339/15/410
f 2332/15/411 2331/15/411 2346/15/411 2347/15/411
f 2325/15/412 2324/15/412 2339/15/412 2340/15/412
f 2333/15/413 2332/15/413 2347/15/413 2348/15/413
f 2326/15/414 2325/15/414 2340/15/414 2341/15/414
f 2334/15/415 2333/15/415 2348/15/415 2349/15/415
f 2327/15/789 2326/15/789 2341/15/789 2342/15/789
f 2320/15/417 2184/15/417 2335/15/417
f 2410/15/732 2334/15/732 2349/15/732
f 2328/15/790 2327/15/790 2342/15/790 2343/15/790
f 2321/15/420 2320/15/420 2335/15/420 2336/15/420
f 2329/15/421 2328/15/421 2343/15/421 2344/15/421
f 2322/15/422 2321/15/422 2336/15/422 2337/15/422
f 2349/15/423 2348/15/423 2363/15/423 2364/15/423
f 2342/15/791 2341/15/791 2356/15/791 2357/15/791
f 2335/15/425 2184/15/425 2350/15/425
f 2410/15/734 2349/15/734 2364/15/734
f 2343/15/792 2342/15/792 2357/15/792 2358/15/792
f 2336/15/428 2335/15/428 2350/15/428 2351/15/428
f 2344/15/429 2343/15/429 2358/15/429 2359/15/429
f 2337/15/430 2336/15/430 2351/15/430 2352/15/430
f 2345/15/431 2344/15/431 2359/15/431 2360/15/431
f 2338/15/432 2337/15/432 2352/15/432 2353/15/432
f 2346/15/433 2345/15/433 2360/15/433 2361/15/433
f 2339/15/434 2338/15/434 2353/15/434 2354/15/434
f 2347/15/435 2346/15/435 2361/15/435 2362/15/435
f 2340/15/436 2339/15/436 2354/15/436 2355/15/436
f 2348/15/437 2347/15/437 2362/15/437 2363/15/437
f 2341/15/438 2340/15/438 2355/15/438 2356/15/438
f 2353/15/439 2352/15/439 2367/15/439 2368/15/439
f 2361/15/440 2360/15/440 2375/15/440 2376/15/440
f 2354/15/441 2353/15/441 2368/15/441 2369/15/441
f 2362/15/442 2361/15/442 2376/15/442 2377/15/442
f 2355/15/443 2354/15/443 2369/15/443 2370/15/443
f 2363/15/793 2362/15/793 2377/15/793 2378/15/793
f 2356/15/445 2355/15/445 2370/15/445 2371/15/445
f 2364/15/446 2363/15/446 2378/15/446 2379/15/446
f 2357/15/447 2356/15/447 2371/15/447 2372/15/447
f 2350/15/448 2184/15/448 2365/15/448
f 2410/15/449 2364/15/449 2379/15/449
f 2358/15/450 2357/15/450 2372/15/450 2373/15/450
f 2351/15/794 2350/15/794 2365/15/794 2366/15/794
f 2359/15/452 2358/15/452 2373/15/452 2374/15/452
f 2352/15/795 2351/15/795 2366/15/795 2367/15/795
f 2360/15/454 2359/15/454 2374/15/454 2375/15/454
f 2372/15/796 2371/15/796 2386/15/796 2387/15/796
f 2365/15/456 2184/15/456 2380/15/456
f 2410/15/457 2379/15/457 2394/15/457
f 2373/15/797 2372/15/797 2387/15/797 2388/15/797
f 2366/15/459 2365/15/459 2380/15/459 2381/15/459
f 2374/15/460 2373/15/460 2388/15/460 2389/15/460
f 2367/15/798 2366/15/798 2381/15/798 2382/15/798
f 2375/15/462 2374/15/462 2389/15/462 2390/15/462
f 2368/15/463 2367/15/463 2382/15/463 2383/15/463
f 2376/15/464 2375/15/464 2390/15/464 2391/15/464
f 2369/15/465 2368/15/465 2383/15/465 2384/15/465
f 2377/15/466 2376/15/466 2391/15/466 2392/15/466
f 2370/15/467 2369/15/467 2384/15/467 2385/15/467
f 2378/15/468 2377/15/468 2392/15/468 2393/15/468
f 2371/15/469 2370/15/469 2385/15/469 2386/15/469
f 2379/15/470 2378/15/470 2393/15/470 2394/15/470
f 2391/15/471 2390/15/471 2405/15/471 2406/15/471
f 2384/15/472 2383/15/472 2398/15/472 2399/15/472
f 2392/15/473 2391/15/473 2406/15/473 2407/15/473
f 2385/15/474 2384/15/474 2399/15/474 2400/15/474
f 2393/15/475 2392/15/475 2407/15/475 2408/15/475
f 2386/15/476 2385/15/476 2400/15/476 2401/15/476
f 2394/15/477 2393/15/477 2408/15/477 2409/15/477
f 2387/15/478 2386/15/478 2401/15/478 2402/15/478
f 2380/15/479 2184/15/479 2395/15/479
f 2410/15/799 2394/15/799 2409/15/799
f 2388/15/481 2387/15/481 2402/15/481 2403/15/481
f 2381/15/482 2380/15/482 2395/15/482 2396/15/482
f 2389/15/483 2388/15/483 2403/15/483 2404/15/483
f 2382/15/484 2381/15/484 2396/15/484 2397/15/484
f 2390/15/485 2389/15/485 2404/15/485 2405/15/485
f 2383/15/486 2382/15/486 2397/15/486 2398/15/486
f 2410/15/487 2409/15/487 2425/15/487
f 2403/15/488 2402/15/488 2418/15/488 2419/15/488
f 2396/15/489 2395/15/489 2411/15/489 2412/15/489
f 2404/15/490 2403/15/490 2419/15/490 2420/15/490
f 2397/15/491 2396/15/491 2412/15/491 2413/15/491
f 2405/15/492 2404/15/492 2420/15/492 2421/15/492
f 2398/15/493 2397/15/493 2413/15/493 2414/15/493
f 2406/15/494 2405/15/494 2421/15/494 2422/15/494
f 2399/15/495 2398/15/495 2414/15/495 2415/15/495
f 2407/15/496 2406/15/496 2422/15/496 2423/15/496
f 2400/15/497 2399/15/497 2415/15/497 2416/15/497
f 2408/15/498 2407/15/498 2423/15/498 2424/15/498
f 2401/15/499 2400/15/499 2416/15/499 2417/15/499
f 2409/15/500 2408/15/500 2424/15/500 2425/15/500
f 2402/15/501 2401/15/501 2417/15/501 2418/15/501
f 2395/15/502 2184/15/502 2411/15/502
f 2423/15/503 2422/15/503 2437/15/503 2438/15/503
f 2416/15/504 2415/15/504 2430/15/504 2431/15/504
f 2424/15/505 2423/15/505 2438/15/505 2439/15/505
f 2417/15/506 2416/15/506 2431/15/506 2432/15/506
f 2425/15/800 2424/15/800 2439/15/800 2440/15/800
f 2418/15/817 2417/15/817 2432/15/817 2433/15/817
f 2411/15/509 2184/15/509 2426/15/509
f 2410/15/510 2425/15/510 2440/15/510
f 2419/15/818 2418/15/818 2433/15/818 2434/15/818
f 2412/15/801 2411/15/801 2426/15/801 2427/15/801
f 2420/15/513 2419/15/513 2434/15/513 2435/15/513
f 2413/15/514 2412/15/514 2427/15/514 2428/15/514
f 2421/15/515 2420/15/515 2435/15/515 2436/15/515
f 2414/15/516 2413/15/516 2428/15/516 2429/15/516
f 2422/15/517 2421/15/517 2436/15/517 2437/15/517
f 2415/15/518 2414/15/518 2429/15/518 2430/15/518
f 2427/15/519 2426/15/519 2441/15/519 2442/15/519
f 2435/15/520 2434/15/520 2449/15/520 2450/15/520
f 2428/15/521 2427/15/521 2442/15/521 2443/15/521
f 2436/15/522 2435/15/522 2450/15/522 2451/15/522
f 2429/15/523 2428/15/523 2443/15/523 2444/15/523
f 2437/15/524 2436/15/524 2451/15/524 2452/15/524
f 2430/15/525 2429/15/525 2444/15/525 2445/15/525
f 2438/15/526 2437/15/526 2452/15/526 2453/15/526
f 2431/15/527 2430/15/527 2445/15/527 2446/15/527
f 2439/15/528 2438/15/528 2453/15/528 2454/15/528
f 2432/15/529 2431/15/529 2446/15/529 2447/15/529
f 2440/15/530 2439/15/530 2454/15/530 2455/15/530
f 2433/15/531 2432/15/531 2447/15/531 2448/15/531
f 2426/15/532 2184/15/532 2441/15/532
f 2410/15/533 2440/15/533 2455/15/533
f 2434/15/534 2433/15/534 2448/15/534 2449/15/534
f 2446/15/535 2445/15/535 2460/15/535 2461/15/535
f 2454/15/536 2453/15/536 2468/15/536 2469/15/536
f 2447/15/537 2446/15/537 2461/15/537 2462/15/537
f 2455/15/538 2454/15/538 2469/15/538 2470/15/538
f 2448/15/539 2447/15/539 2462/15/539 2463/15/539
f 2441/15/540 2184/15/540 2456/15/540
f 2410/15/541 2455/15/541 2470/15/541
f 2449/15/542 2448/15/542 2463/15/542 2464/15/542
f 2442/15/745 2441/15/745 2456/15/745 2457/15/745
f 2450/15/544 2449/15/544 2464/15/544 2465/15/544
f 2443/15/545 2442/15/545 2457/15/545 2458/15/545
f 2451/15/546 2450/15/546 2465/15/546 2466/15/546
f 2444/15/547 2443/15/547 2458/15/547 2459/15/547
f 2452/15/548 2451/15/548 2466/15/548 2467/15/548
f 2445/15/549 2444/15/549 2459/15/549 2460/15/549
f 2453/15/550 2452/15/550 2467/15/550 2468/15/550
f 2465/15/551 2464/15/551 2479/15/551 2480/15/551
f 2458/15/552 2457/15/552 2472/15/552 2473/15/552
f 2466/15/553 2465/15/553 2480/15/553 2481/15/553
f 2459/15/554 2458/15/554 2473/15/554 2474/15/554
f 2467/15/555 2466/15/555 2481/15/555 2482/15/555
f 2460/15/556 2459/15/556 2474/15/556 2475/15/556
f 2468/15/557 2467/15/557 2482/15/557 2483/15/557
f 2461/15/558 2460/15/558 2475/15/558 2476/15/558
f 2469/15/559 2468/15/559 2483/15/559 2484/15/559
f 2462/15/560 2461/15/560 2476/15/560 2477/15/560
f 2470/15/561 2469/15/561 2484/15/561 2485/15/561
f 2463/15/819 2462/15/819 2477/15/819 2478/15/819
f 2456/15/563 2184/15/563 2471/15/563
f 2410/15/564 2470/15/564 2485/15/564
f 2464/15/820 2463/15/820 2478/15/820 2479/15/820
f 2457/15/566 2456/15/566 2471/15/566 2472/15/566
f 2484/15/567 2483/15/567 2498/15/567 2499/15/567
f 2477/15/568 2476/15/568 2491/15/568 2492/15/568
f 2485/15/569 2484/15/569 2499/15/569 2500/15/569
f 2478/15/821 2477/15/821 2492/15/821 2493/15/821
f 2471/15/804 2184/15/804 2486/15/804
f 2410/15/572 2485/15/572 2500/15/572
f 2479/15/822 2478/15/822 2493/15/822 2494/15/822
f 2472/15/805 2471/15/805 2486/15/805 2487/15/805
f 2480/15/575 2479/15/575 2494/15/575 2495/15/575
f 2473/15/823 2472/15/823 2487/15/823 2488/15/823
f 2481/15/577 2480/15/577 2495/15/577 2496/15/577
f 2474/15/578 2473/15/578 2488/15/578 2489/15/578
f 2482/15/579 2481/15/579 2496/15/579 2497/15/579
f 2475/15/580 2474/15/580 2489/15/580 2490/15/580
f 2483/15/581 2482/15/581 2497/15/581 2498/15/581
f 2476/15/582 2475/15/582 2490/15/582 2491/15/582
f 2488/15/583 2487/15/583 2502/15/583 2503/15/583
f 2496/15/584 2495/15/584 2510/15/584 2511/15/584
f 2489/15/585 2488/15/585 2503/15/585 2504/15/585
f 2497/15/586 2496/15/586 2511/15/586 2512/15/586
f 2490/15/587 2489/15/587 2504/15/587 2505/15/587
f 2498/15/588 2497/15/588 2512/15/588 2513/15/588
f 2491/15/589 2490/15/589 2505/15/589 2506/15/589
f 2499/15/590 2498/15/590 2513/15/590 2514/15/590
f 2492/15/591 2491/15/591 2506/15/591 2507/15/591
f 2500/15/824 2499/15/824 2514/15/824 2515/15/824
f 2493/15/806 2492/15/806 2507/15/806 2508/15/806
f 2486/15/594 2184/15/594 2501/15/594
f 2410/15/595 2500/15/595 2515/15/595
f 2494/15/807 2493/15/807 2508/15/807 2509/15/807
f 2487/15/749 2486/15/749 2501/15/749 2502/15/749
f 2495/15/598 2494/15/598 2509/15/598 2510/15/598
f 2507/15/599 2506/15/599 2521/15/599 2522/15/599
f 2515/15/600 2514/15/600 2529/15/600 2530/15/600
f 2508/15/601 2507/15/601 2522/15/601 2523/15/601
f 2501/15/825 2184/15/825 2516/15/825
f 2410/15/603 2515/15/603 2530/15/603
f 2509/15/604 2508/15/604 2523/15/604 2524/15/604
f 2502/15/605 2501/15/605 2516/15/605 2517/15/605
f 2510/15/606 2509/15/606 2524/15/606 2525/15/606
f 2503/15/607 2502/15/607 2517/15/607 2518/15/607
f 2511/15/608 2510/15/608 2525/15/608 2526/15/608
f 2504/15/609 2503/15/609 2518/15/609 2519/15/609
f 2512/15/610 2511/15/610 2526/15/610 2527/15/610
f 2505/15/611 2504/15/611 2519/15/611 2520/15/611
f 2513/15/612 2512/15/612 2527/15/612 2528/15/612
f 2506/15/613 2505/15/613 2520/15/613 2521/15/613
f 2514/15/614 2513/15/614 2528/15/614 2529/15/614
f 2526/15/615 2525/15/615 2540/15/615 2541/15/615
f 2519/15/616 2518/15/616 2533/15/616 2534/15/616
f 2527/15/617 2526/15/617 2541/15/617 2542/15/617
f 2520/15/618 2519/15/618 2534/15/618 2535/15/618
f 2528/15/619 2527/15/619 2542/15/619 2543/15/619
f 2521/15/620 2520/15/620 2535/15/620 2536/15/620
f 2529/15/621 2528/15/621 2543/15/621 2544/15/621
f 2522/15/622 2521/15/622 2536/15/622 2537/15/622
f 2530/15/623 2529/15/623 2544/15/623 2545/15/623
f 2523/15/826 2522/15/826 2537/15/826 2538/15/826
f 2516/15/625 2184/15/625 2531/15/625
f 2410/15/808 2530/15/808 2545/15/808
f 2524/15/827 2523/15/827 2538/15/827 2539/15/827
f 2517/15/628 2516/15/628 2531/15/628 2532/15/628
f 2525/15/629 2524/15/629 2539/15/629 2540/15/629
f 2518/15/630 2517/15/630 2532/15/630 2533/15/630
f 2545/15/751 2544/15/751 2559/15/751 2560/15/751
f 2538/15/828 2537/15/828 2552/15/828 2553/15/828
f 2531/15/633 2184/15/633 2546/15/633
f 2410/15/634 2545/15/634 2560/15/634
f 2539/15/829 2538/15/829 2553/15/829 2554/15/829
f 2532/15/754 2531/15/754 2546/15/754 2547/15/754
f 2540/15/637 2539/15/637 2554/15/637 2555/15/637
f 2533/15/638 2532/15/638 2547/15/638 2548/15/638
f 2541/15/639 2540/15/639 2555/15/639 2556/15/639
f 2534/15/640 2533/15/640 2548/15/640 2549/15/640
f 2542/15/641 2541/15/641 2556/15/641 2557/15/641
f 2535/15/642 2534/15/642 2549/15/642 2550/15/642
f 2543/15/643 2542/15/643 2557/15/643 2558/15/643
f 2536/15/644 2535/15/644 2550/15/644 2551/15/644
f 2544/15/809 2543/15/809 2558/15/809 2559/15/809
f 2537/15/646 2536/15/646 2551/15/646 2552/15/646
f 2557/15/647 2556/15/647 2571/15/647 2572/15/647
f 2550/15/648 2549/15/648 2564/15/648 2565/15/648
f 2558/15/649 2557/15/649 2572/15/649 2573/15/649
f 2551/15/650 2550/15/650 2565/15/650 2566/15/650
f 2559/15/651 2558/15/651 2573/15/651 2574/15/651
f 2552/15/652 2551/15/652 2566/15/652 2567/15/652
f 2560/15/653 2559/15/653 2574/15/653 2575/15/653
f 2553/15/654 2552/15/654 2567/15/654 2568/15/654
f 2546/15/655 2184/15/655 2561/15/655
f 2410/15/656 2560/15/656 2575/15/656
f 2554/15/657 2553/15/657 2568/15/657 2569/15/657
f 2547/15/760 2546/15/760 2561/15/760 2562/15/760
f 2555/15/659 2554/15/659 2569/15/659 2570/15/659
f 2548/15/810 2547/15/810 2562/15/810 2563/15/810
f 2556/15/661 2555/15/661 2570/15/661 2571/15/661
f 2549/15/662 2548/15/662 2563/15/662 2564/15/662
f 2561/15/663 2184/15/663 2576/15/663
f 2410/15/762 2575/15/762 2584/15/762
f 2569/15/665 2568/15/665 2106/15/665 2107/15/665
f 2562/15/666 2561/15/666 2576/15/666 2577/15/666
f 2570/15/667 2569/15/667 2107/15/667 2580/15/667
f 2563/15/668 2562/15/668 2577/15/668 2103/15/668
f 2571/15/669 2570/15/669 2580/15/669 2108/15/669
f 2564/15/670 2563/15/670 2103/15/670 2578/15/670
f 2572/15/671 2571/15/671 2108/15/671 2581/15/671
f 2565/15/672 2564/15/672 2578/15/672 2104/15/672
f 2573/15/673 2572/15/673 2581/15/673 2582/15/673
f 2566/15/674 2565/15/674 2104/15/674 2579/15/674
f 2574/15/675 2573/15/675 2582/15/675 2583/15/675
f 2567/15/676 2566/15/676 2579/15/676 2105/15/676
f 2575/15/677 2574/15/677 2583/15/677 2584/15/677
f 2568/15/678 2567/15/678 2105/15/678 2106/15/678
f 2588/15/167 2587/15/167 2597/15/167 2598/15/167
f 3058/15/679 2666/15/679 2591/15/679
f 2892/15/680 3066/15/680 2605/15/680
f 2589/15/170 2588/15/170 2598/15/170 2599/15/170
f 3059/15/830 3058/15/830 2591/15/830 2592/15/830
f 3062/15/172 2589/15/172 2599/15/172 2600/15/172
f 2585/15/173 3059/15/173 2592/15/173 2593/15/173
f 2590/15/174 3062/15/174 2600/15/174 2601/15/174
f 3060/15/175 2585/15/175 2593/15/175 2594/15/175
f 3063/15/176 2590/15/176 2601/15/176 2602/15/176
f 2586/15/177 3060/15/177 2594/15/177 2595/15/177
f 3064/15/178 3063/15/178 2602/15/178 2603/15/178
f 3061/15/179 2586/15/179 2595/15/179 2596/15/179
f 3065/15/180 3064/15/180 2603/15/180 2604/15/180
f 2587/15/181 3061/15/181 2596/15/181 2597/15/181
f 3066/15/182 3065/15/182 2604/15/182 2605/15/182
f 2604/15/183 2603/15/183 2618/15/183 2619/15/183
f 2597/15/184 2596/15/184 2611/15/184 2612/15/184
f 2605/15/185 2604/15/185 2619/15/185 2620/15/185
f 2598/15/683 2597/15/683 2612/15/683 2613/15/683
f 2591/15/187 2666/15/187 2606/15/187
f 2892/15/188 2605/15/188 2620/15/188
f 2599/15/684 2598/15/684 2613/15/684 2614/15/684
f 2592/15/190 2591/15/190 2606/15/190 2607/15/190
f 2600/15/191 2599/15/191 2614/15/191 2615/15/191
f 2593/15/767 2592/15/767 2607/15/767 2608/15/767
f 2601/15/193 2600/15/193 2615/15/193 2616/15/193
f 2594/15/194 2593/15/194 2608/15/194 2609/15/194
f 2602/15/195 2601/15/195 2616/15/195 2617/15/195
f 2595/15/196 2594/15/196 2609/15/196 2610/15/196
f 2603/15/197 2602/15/197 2617/15/197 2618/15/197
f 2596/15/198 2595/15/198 2610/15/198 2611/15/198
f 2616/15/199 2615/15/199 2630/15/199 2631/15/199
f 2609/15/200 2608/15/200 2623/15/200 2624/15/200
f 2617/15/201 2616/15/201 2631/15/201 2632/15/201
f 2610/15/202 2609/15/202 2624/15/202 2625/15/202
f 2618/15/203 2617/15/203 2632/15/203 2633/15/203
f 2611/15/204 2610/15/204 2625/15/204 2626/15/204
f 2619/15/205 2618/15/205 2633/15/205 2634/15/205
f 2612/15/206 2611/15/206 2626/15/206 2627/15/206
f 2620/15/831 2619/15/831 2634/15/831 2635/15/831
f 2613/15/832 2612/15/832 2627/15/832 2628/15/832
f 2606/15/209 2666/15/209 2621/15/209
f 2892/15/210 2620/15/210 2635/15/210
f 2614/15/689 2613/15/689 2628/15/689 2629/15/689
f 2607/15/212 2606/15/212 2621/15/212 2622/15/212
f 2615/15/213 2614/15/213 2629/15/213 2630/15/213
f 2608/15/771 2607/15/771 2622/15/771 2623/15/771
f 2635/15/215 2634/15/215 2649/15/215 2650/15/215
f 2628/15/216 2627/15/216 2642/15/216 2643/15/216
f 2621/15/217 2666/15/217 2636/15/217
f 2892/15/218 2635/15/218 2650/15/218
f 2629/15/219 2628/15/219 2643/15/219 2644/15/219
f 2622/15/220 2621/15/220 2636/15/220 2637/15/220
f 2630/15/221 2629/15/221 2644/15/221 2645/15/221
f 2623/15/222 2622/15/222 2637/15/222 2638/15/222
f 2631/15/223 2630/15/223 2645/15/223 2646/15/223
f 2624/15/224 2623/15/224 2638/15/224 2639/15/224
f 2632/15/225 2631/15/225 2646/15/225 2647/15/225
f 2625/15/226 2624/15/226 2639/15/226 2640/15/226
f 2633/15/227 2632/15/227 2647/15/227 2648/15/227
f 2626/15/228 2625/15/228 2640/15/228 2641/15/228
f 2634/15/229 2633/15/229 2648/15/229 2649/15/229
f 2627/15/230 2626/15/230 2641/15/230 2642/15/230
f 2639/15/231 2638/15/231 2653/15/231 2654/15/231
f 2647/15/232 2646/15/232 2661/15/232 2662/15/232
f 2640/15/233 2639/15/233 2654/15/233 2655/15/233
f 2648/15/234 2647/15/234 2662/15/234 2663/15/234
f 2641/15/235 2640/15/235 2655/15/235 2656/15/235
f 2649/15/236 2648/15/236 2663/15/236 2664/15/236
f 2642/15/237 2641/15/237 2656/15/237 2657/15/237
f 2650/15/238 2649/15/238 2664/15/238 2665/15/238
f 2643/15/239 2642/15/239 2657/15/239 2658/15/239
f 2636/15/240 2666/15/240 2651/15/240
f 2892/15/241 2650/15/241 2665/15/241
f 2644/15/242 2643/15/242 2658/15/242 2659/15/242
f 2637/15/833 2636/15/833 2651/15/833 2652/15/833
f 2645/15/244 2644/15/244 2659/15/244 2660/15/244
f 2638/15/245 2637/15/245 2652/15/245 2653/15/245
f 2646/15/246 2645/15/246 2660/15/246 2661/15/246
f 2658/15/696 2657/15/696 2673/15/696 2674/15/696
f 2651/15/834 2666/15/834 2667/15/834
f 2892/15/835 2665/15/835 2681/15/835
f 2659/15/697 2658/15/697 2674/15/697 2675/15/697
f 2652/15/251 2651/15/251 2667/15/251 2668/15/251
f 2660/15/252 2659/15/252 2675/15/252 2676/15/252
f 2653/15/253 2652/15/253 2668/15/253 2669/15/253
f 2661/15/254 2660/15/254 2676/15/254 2677/15/254
f 2654/15/255 2653/15/255 2669/15/255 2670/15/255
f 2662/15/256 2661/15/256 2677/15/256 2678/15/256
f 2655/15/257 2654/15/257 2670/15/257 2671/15/257
f 2663/15/258 2662/15/258 2678/15/258 2679/15/258
f 2656/15/259 2655/15/259 2671/15/259 2672/15/259
f 2664/15/699 2663/15/699 2679/15/699 2680/15/699
f 2657/15/261 2656/15/261 2672/15/261 2673/15/261
f 2665/15/700 2664/15/700 2680/15/700 2681/15/700
f 2678/15/263 2677/15/263 2692/15/263 2693/15/263
f 2671/15/264 2670/15/264 2685/15/264 2686/15/264
f 2679/15/265 2678/15/265 2693/15/265 2694/15/265
f 2672/15/266 2671/15/266 2686/15/266 2687/15/266
f 2680/15/774 2679/15/774 2694/15/774 2695/15/774
f 2673/15/268 2672/15/268 2687/15/268 2688/15/268
f 2681/15/269 2680/15/269 2695/15/269 2696/15/269
f 2674/15/702 2673/15/702 2688/15/702 2689/15/702
f 2667/15/271 2666/15/271 2682/15/271
f 2892/15/836 2681/15/836 2696/15/836
f 2675/15/273 2674/15/273 2689/15/273 2690/15/273
f 2668/15/704 2667/15/704 2682/15/704 2683/15/704
f 2676/15/275 2675/15/275 2690/15/275 2691/15/275
f 2669/15/776 2668/15/776 2683/15/776 2684/15/776
f 2677/15/277 2676/15/277 2691/15/277 2692/15/277
f 2670/15/278 2669/15/278 2684/15/278 2685/15/278
f 2682/15/705 2666/15/705 2697/15/705
f 2892/15/706 2696/15/706 2711/15/706
f 2690/15/777 2689/15/777 2704/15/777 2705/15/777
f 2683/15/282 2682/15/282 2697/15/282 2698/15/282
f 2691/15/283 2690/15/283 2705/15/283 2706/15/283
f 2684/15/284 2683/15/284 2698/15/284 2699/15/284
f 2692/15/285 2691/15/285 2706/15/285 2707/15/285
f 2685/15/286 2684/15/286 2699/15/286 2700/15/286
f 2693/15/287 2692/15/287 2707/15/287 2708/15/287
f 2686/15/288 2685/15/288 2700/15/288 2701/15/288
f 2694/15/289 2693/15/289 2708/15/289 2709/15/289
f 2687/15/290 2686/15/290 2701/15/290 2702/15/290
f 2695/15/291 2694/15/291 2709/15/291 2710/15/291
f 2688/15/292 2687/15/292 2702/15/292 2703/15/292
f 2696/15/293 2695/15/293 2710/15/293 2711/15/293
f 2689/15/837 2688/15/837 2703/15/837 2704/15/837
f 2701/15/295 2700/15/295 2715/15/295 2716/15/295
f 2709/15/296 2708/15/296 2723/15/296 2724/15/296
f 2702/15/297 2701/15/297 2716/15/297 2717/15/297
f 2710/15/298 2709/15/298 2724/15/298 2725/15/298
f 2703/15/299 2702/15/299 2717/15/299 2718/15/299
f 2711/15/300 2710/15/300 2725/15/300 2726/15/300
f 2704/15/838 2703/15/838 2718/15/838 2719/15/838
f 2697/15/710 2666/15/710 2712/15/710
f 2892/15/711 2711/15/711 2726/15/711
f 2705/15/780 2704/15/780 2719/15/780 2720/15/780
f 2698/15/305 2697/15/305 2712/15/305 2713/15/305
f 2706/15/306 2705/15/306 2720/15/306 2721/15/306
f 2699/15/307 2698/15/307 2713/15/307 2714/15/307
f 2707/15/308 2706/15/308 2721/15/308 2722/15/308
f 2700/15/309 2699/15/309 2714/15/309 2715/15/309
f 2708/15/310 2707/15/310 2722/15/310 2723/15/310
f 2720/15/311 2719/15/311 2734/15/311 2735/15/311
f 2713/15/781 2712/15/781 2727/15/781 2728/15/781
f 2721/15/313 2720/15/313 2735/15/313 2736/15/313
f 2714/15/782 2713/15/782 2728/15/782 2729/15/782
f 2722/15/315 2721/15/315 2736/15/315 2737/15/315
f 2715/15/316 2714/15/316 2729/15/316 2730/15/316
f 2723/15/317 2722/15/317 2737/15/317 2738/15/317
f 2716/15/318 2715/15/318 2730/15/318 2731/15/318
f 2724/15/319 2723/15/319 2738/15/319 2739/15/319
f 2717/15/320 2716/15/320 2731/15/320 2732/15/320
f 2725/15/783 2724/15/783 2739/15/783 2740/15/783
f 2718/15/322 2717/15/322 2732/15/322 2733/15/322
f 2726/15/323 2725/15/323 2740/15/323 2741/15/323
f 2719/15/324 2718/15/324 2733/15/324 2734/15/324
f 2712/15/325 2666/15/325 2727/15/325
f 2892/15/839 2726/15/839 2741/15/839
f 2739/15/327 2738/15/327 2753/15/327 2754/15/327
f 2732/15/328 2731/15/328 2746/15/328 2747/15/328
f 2740/15/329 2739/15/329 2754/15/329 2755/15/329
f 2733/15/330 2732/15/330 2747/15/330 2748/15/330
f 2741/15/840 2740/15/840 2755/15/840 2756/15/840
f 2734/15/841 2733/15/841 2748/15/841 2749/15/841
f 2727/15/842 2666/15/842 2742/15/842
f 2892/15/843 2741/15/843 2756/15/843
f 2735/15/335 2734/15/335 2749/15/335 2750/15/335
f 2728/15/719 2727/15/719 2742/15/719 2743/15/719
f 2736/15/337 2735/15/337 2750/15/337 2751/15/337
f 2729/15/338 2728/15/338 2743/15/338 2744/15/338
f 2737/15/339 2736/15/339 2751/15/339 2752/15/339
f 2730/15/340 2729/15/340 2744/15/340 2745/15/340
f 2738/15/341 2737/15/341 2752/15/341 2753/15/341
f 2731/15/342 2730/15/342 2745/15/342 2746/15/342
f 2751/15/343 2750/15/343 2765/15/343 2766/15/343
f 2744/15/344 2743/15/344 2758/15/344 2759/15/344
f 2752/15/345 2751/15/345 2766/15/345 2767/15/345
f 2745/15/346 2744/15/346 2759/15/346 2760/15/346
f 2753/15/347 2752/15/347 2767/15/347 2768/15/347
f 2746/15/348 2745/15/348 2760/15/348 2761/15/348
f 2754/15/349 2753/15/349 2768/15/349 2769/15/349
f 2747/15/350 2746/15/350 2761/15/350 2762/15/350
f 2755/15/351 2754/15/351 2769/15/351 2770/15/351
f 2748/15/352 2747/15/352 2762/15/352 2763/15/352
f 2756/15/353 2755/15/353 2770/15/353 2771/15/353
f 2749/15/354 2748/15/354 2763/15/354 2764/15/354
f 2742/15/816 2666/15/816 2757/15/816
f 2892/15/356 2756/15/356 2771/15/356
f 2750/15/357 2749/15/357 2764/15/357 2765/15/357
f 2743/15/844 2742/15/844 2757/15/844 2758/15/844
f 2770/15/359 2769/15/359 2784/15/359 2785/15/359
f 2763/15/360 2762/15/360 2777/15/360 2778/15/360
f 2771/15/361 2770/15/361 2785/15/361 2786/15/361
f 2764/15/362 2763/15/362 2778/15/362 2779/15/362
f 2757/15/363 2666/15/363 2772/15/363
f 2892/15/364 2771/15/364 2786/15/364
f 2765/15/365 2764/15/365 2779/15/365 2780/15/365
f 2758/15/366 2757/15/366 2772/15/366 2773/15/366
f 2766/15/367 2765/15/367 2780/15/367 2781/15/367
f 2759/15/368 2758/15/368 2773/15/368 2774/15/368
f 2767/15/369 2766/15/369 2781/15/369 2782/15/369
f 2760/15/370 2759/15/370 2774/15/370 2775/15/370
f 2768/15/371 2767/15/371 2782/15/371 2783/15/371
f 2761/15/372 2760/15/372 2775/15/372 2776/15/372
f 2769/15/373 2768/15/373 2783/15/373 2784/15/373
f 2762/15/374 2761/15/374 2776/15/374 2777/15/374
f 2774/15/724 2773/15/724 2788/15/724 2789/15/724
f 2782/15/376 2781/15/376 2796/15/376 2797/15/376
f 2775/15/377 2774/15/377 2789/15/377 2790/15/377
f 2783/15/378 2782/15/378 2797/15/378 2798/15/378
f 2776/15/379 2775/15/379 2790/15/379 2791/15/379
f 2784/15/380 2783/15/380 2798/15/380 2799/15/380
f 2777/15/381 2776/15/381 2791/15/381 2792/15/381
f 2785/15/725 2784/15/725 2799/15/725 2800/15/725
f 2778/15/383 2777/15/383 2792/15/383 2793/15/383
f 2786/15/845 2785/15/845 2800/15/845 2801/15/845
f 2779/15/846 2778/15/846 2793/15/846 2794/15/846
f 2772/15/386 2666/15/386 2787/15/386
f 2892/15/387 2786/15/387 2801/15/387
f 2780/15/388 2779/15/388 2794/15/388 2795/15/388
f 2773/15/727 2772/15/727 2787/15/727 2788/15/727
f 2781/15/390 2780/15/390 2795/15/390 2796/15/390
f 2793/15/391 2792/15/391 2807/15/391 2808/15/391
f 2801/15/392 2800/15/392 2815/15/392 2816/15/392
f 2794/15/393 2793/15/393 2808/15/393 2809/15/393
f 2787/15/394 2666/15/394 2802/15/394
f 2892/15/395 2801/15/395 2816/15/395
f 2795/15/396 2794/15/396 2809/15/396 2810/15/396
f 2788/15/729 2787/15/729 2802/15/729 2803/15/729
f 2796/15/398 2795/15/398 2810/15/398 2811/15/398
f 2789/15/788 2788/15/788 2803/15/788 2804/15/788
f 2797/15/400 2796/15/400 2811/15/400 2812/15/400
f 2790/15/401 2789/15/401 2804/15/401 2805/15/401
f 2798/15/402 2797/15/402 2812/15/402 2813/15/402
f 2791/15/403 2790/15/403 2805/15/403 2806/15/403
f 2799/15/404 2798/15/404 2813/15/404 2814/15/404
f 2792/15/405 2791/15/405 2806/15/405 2807/15/405
f 2800/15/406 2799/15/406 2814/15/406 2815/15/406
f 2812/15/407 2811/15/407 2826/15/407 2827/15/407
f 2805/15/408 2804/15/408 2819/15/408 2820/15/408
f 2813/15/409 2812/15/409 2827/15/409 2828/15/409
f 2806/15/410 2805/15/410 2820/15/410 2821/15/410
f 2814/15/411 2813/15/411 2828/15/411 2829/15/411
f 2807/15/412 2806/15/412 2821/15/412 2822/15/412
f 2815/15/413 2814/15/413 2829/15/413 2830/15/413
f 2808/15/414 2807/15/414 2822/15/414 2823/15/414
f 2816/15/415 2815/15/415 2830/15/415 2831/15/415
f 2809/15/416 2808/15/416 2823/15/416 2824/15/416
f 2802/15/731 2666/15/731 2817/15/731
f 2892/15/418 2816/15/418 2831/15/418
f 2810/15/419 2809/15/419 2824/15/419 2825/15/419
f 2803/15/847 2802/15/847 2817/15/847 2818/15/847
f 2811/15/421 2810/15/421 2825/15/421 2826/15/421
f 2804/15/422 2803/15/422 2818/15/422 2819/15/422
f 2831/15/423 2830/15/423 2845/15/423 2846/15/423
f 2824/15/424 2823/15/424 2838/15/424 2839/15/424
f 2817/15/733 2666/15/733 2832/15/733
f 2892/15/426 2831/15/426 2846/15/426
f 2825/15/427 2824/15/427 2839/15/427 2840/15/427
f 2818/15/428 2817/15/428 2832/15/428 2833/15/428
f 2826/15/429 2825/15/429 2840/15/429 2841/15/429
f 2819/15/430 2818/15/430 2833/15/430 2834/15/430
f 2827/15/431 2826/15/431 2841/15/431 2842/15/431
f 2820/15/432 2819/15/432 2834/15/432 2835/15/432
f 2828/15/433 2827/15/433 2842/15/433 2843/15/433
f 2821/15/434 2820/15/434 2835/15/434 2836/15/434
f 2829/15/435 2828/15/435 2843/15/435 2844/15/435
f 2822/15/436 2821/15/436 2836/15/436 2837/15/436
f 2830/15/437 2829/15/437 2844/15/437 2845/15/437
f 2823/15/438 2822/15/438 2837/15/438 2838/15/438
f 2835/15/439 2834/15/439 2849/15/439 2850/15/439
f 2843/15/440 2842/15/440 2857/15/440 2858/15/440
f 2836/15/441 2835/15/441 2850/15/441 2851/15/441
f 2844/15/442 2843/15/442 2858/15/442 2859/15/442
f 2837/15/443 2836/15/443 2851/15/443 2852/15/443
f 2845/15/444 2844/15/444 2859/15/444 2860/15/444
f 2838/15/445 2837/15/445 2852/15/445 2853/15/445
f 2846/15/848 2845/15/848 2860/15/848 2861/15/848
f 2839/15/447 2838/15/447 2853/15/447 2854/15/447
f 2832/15/448 2666/15/448 2847/15/448
f 2892/15/449 2846/15/449 2861/15/449
f 2840/15/450 2839/15/450 2854/15/450 2855/15/450
f 2833/15/736 2832/15/736 2847/15/736 2848/15/736
f 2841/15/452 2840/15/452 2855/15/452 2856/15/452
f 2834/15/453 2833/15/453 2848/15/453 2849/15/453
f 2842/15/454 2841/15/454 2856/15/454 2857/15/454
f 2854/15/455 2853/15/455 2868/15/455 2869/15/455
f 2847/15/456 2666/15/456 2862/15/456
f 2892/15/457 2861/15/457 2876/15/457
f 2855/15/458 2854/15/458 2869/15/458 2870/15/458
f 2848/15/459 2847/15/459 2862/15/459 2863/15/459
f 2856/15/460 2855/15/460 2870/15/460 2871/15/460
f 2849/15/798 2848/15/798 2863/15/798 2864/15/798
f 2857/15/462 2856/15/462 2871/15/462 2872/15/462
f 2850/15/463 2849/15/463 2864/15/463 2865/15/463
f 2858/15/464 2857/15/464 2872/15/464 2873/15/464
f 2851/15/465 2850/15/465 2865/15/465 2866/15/465
f 2859/15/466 2858/15/466 2873/15/466 2874/15/466
f 2852/15/467 2851/15/467 2866/15/467 2867/15/467
f 2860/15/468 2859/15/468 2874/15/468 2875/15/468
f 2853/15/469 2852/15/469 2867/15/469 2868/15/469
f 2861/15/470 2860/15/470 2875/15/470 2876/15/470
f 2873/15/471 2872/15/471 2887/15/471 2888/15/471
f 2866/15/472 2865/15/472 2880/15/472 2881/15/472
f 2874/15/473 2873/15/473 2888/15/473 2889/15/473
f 2867/15/474 2866/15/474 2881/15/474 2882/15/474
f 2875/15/475 2874/15/475 2889/15/475 2890/15/475
f 2868/15/476 2867/15/476 2882/15/476 2883/15/476
f 2876/15/477 2875/15/477 2890/15/477 2891/15/477
f 2869/15/478 2868/15/478 2883/15/478 2884/15/478
f 2862/15/479 2666/15/479 2877/15/479
f 2892/15/480 2876/15/480 2891/15/480
f 2870/15/481 2869/15/481 2884/15/481 2885/15/481
f 2863/15/482 2862/15/482 2877/15/482 2878/15/482
f 2871/15/483 2870/15/483 2885/15/483 2886/15/483
f 2864/15/484 2863/15/484 2878/15/484 2879/15/484
f 2872/15/485 2871/15/485 2886/15/485 2887/15/485
f 2865/15/486 2864/15/486 2879/15/486 2880/15/486
f 2892/15/487 2891/15/487 2907/15/487
f 2885/15/488 2884/15/488 2900/15/488 2901/15/488
f 2878/15/489 2877/15/489 2893/15/489 2894/15/489
f 2886/15/490 2885/15/490 2901/15/490 2902/15/490
f 2879/15/491 2878/15/491 2894/15/491 2895/15/491
f 2887/15/492 2886/15/492 2902/15/492 2903/15/492
f 2880/15/493 2879/15/493 2895/15/493 2896/15/493
f 2888/15/494 2887/15/494 2903/15/494 2904/15/494
f 2881/15/495 2880/15/495 2896/15/495 2897/15/495
f 2889/15/496 2888/15/496 2904/15/496 2905/15/496
f 2882/15/497 2881/15/497 2897/15/497 2898/15/497
f 2890/15/498 2889/15/498 2905/15/498 2906/15/498
f 2883/15/499 2882/15/499 2898/15/499 2899/15/499
f 2891/15/500 2890/15/500 2906/15/500 2907/15/500
f 2884/15/501 2883/15/501 2899/15/501 2900/15/501
f 2877/15/849 2666/15/849 2893/15/849
f 2905/15/503 2904/15/503 2919/15/503 2920/15/503
f 2898/15/504 2897/15/504 2912/15/504 2913/15/504
f 2906/15/505 2905/15/505 2920/15/505 2921/15/505
f 2899/15/506 2898/15/506 2913/15/506 2914/15/506
f 2907/15/741 2906/15/741 2921/15/741 2922/15/741
f 2900/15/850 2899/15/850 2914/15/850 2915/15/850
f 2893/15/851 2666/15/851 2908/15/851
f 2892/15/510 2907/15/510 2922/15/510
f 2901/15/818 2900/15/818 2915/15/818 2916/15/818
f 2894/15/512 2893/15/512 2908/15/512 2909/15/512
f 2902/15/513 2901/15/513 2916/15/513 2917/15/513
f 2895/15/514 2894/15/514 2909/15/514 2910/15/514
f 2903/15/515 2902/15/515 2917/15/515 2918/15/515
f 2896/15/516 2895/15/516 2910/15/516 2911/15/516
f 2904/15/517 2903/15/517 2918/15/517 2919/15/517
f 2897/15/518 2896/15/518 2911/15/518 2912/15/518
f 2909/15/852 2908/15/852 2923/15/852 2924/15/852
f 2917/15/520 2916/15/520 2931/15/520 2932/15/520
f 2910/15/521 2909/15/521 2924/15/521 2925/15/521
f 2918/15/522 2917/15/522 2932/15/522 2933/15/522
f 2911/15/523 2910/15/523 2925/15/523 2926/15/523
f 2919/15/524 2918/15/524 2933/15/524 2934/15/524
f 2912/15/525 2911/15/525 2926/15/525 2927/15/525
f 2920/15/526 2919/15/526 2934/15/526 2935/15/526
f 2913/15/527 2912/15/527 2927/15/527 2928/15/527
f 2921/15/743 2920/15/743 2935/15/743 2936/15/743
f 2914/15/529 2913/15/529 2928/15/529 2929/15/529
f 2922/15/530 2921/15/530 2936/15/530 2937/15/530
f 2915/15/531 2914/15/531 2929/15/531 2930/15/531
f 2908/15/532 2666/15/532 2923/15/532
f 2892/15/853 2922/15/853 2937/15/853
f 2916/15/534 2915/15/534 2930/15/534 2931/15/534
f 2928/15/535 2927/15/535 2942/15/535 2943/15/535
f 2936/15/536 2935/15/536 2950/15/536 2951/15/536
f 2929/15/537 2928/15/537 2943/15/537 2944/15/537
f 2937/15/538 2936/15/538 2951/15/538 2952/15/538
f 2930/15/539 2929/15/539 2944/15/539 2945/15/539
f 2923/15/540 2666/15/540 2938/15/540
f 2892/15/541 2937/15/541 2952/15/541
f 2931/15/542 2930/15/542 2945/15/542 2946/15/542
f 2924/15/543 2923/15/543 2938/15/543 2939/15/543
f 2932/15/544 2931/15/544 2946/15/544 2947/15/544
f 2925/15/545 2924/15/545 2939/15/545 2940/15/545
f 2933/15/546 2932/15/546 2947/15/546 2948/15/546
f 2926/15/547 2925/15/547 2940/15/547 2941/15/547
f 2934/15/548 2933/15/548 2948/15/548 2949/15/548
f 2927/15/549 2926/15/549 2941/15/549 2942/15/549
f 2935/15/550 2934/15/550 2949/15/550 2950/15/550
f 2947/15/551 2946/15/551 2961/15/551 2962/15/551
f 2940/15/552 2939/15/552 2954/15/552 2955/15/552
f 2948/15/553 2947/15/553 2962/15/553 2963/15/553
f 2941/15/554 2940/15/554 2955/15/554 2956/15/554
f 2949/15/555 2948/15/555 2963/15/555 2964/15/555
f 2942/15/556 2941/15/556 2956/15/556 2957/15/556
f 2950/15/557 2949/15/557 2964/15/557 2965/15/557
f 2943/15/558 2942/15/558 2957/15/558 2958/15/558
f 2951/15/559 2950/15/559 2965/15/559 2966/15/559
f 2944/15/560 2943/15/560 2958/15/560 2959/15/560
f 2952/15/561 2951/15/561 2966/15/561 2967/15/561
f 2945/15/562 2944/15/562 2959/15/562 2960/15/562
f 2938/15/563 2666/15/563 2953/15/563
f 2892/15/564 2952/15/564 2967/15/564
f 2946/15/565 2945/15/565 2960/15/565 2961/15/565
f 2939/15/747 2938/15/747 2953/15/747 2954/15/747
f 2966/15/567 2965/15/567 2980/15/567 2981/15/567
f 2959/15/568 2958/15/568 2973/15/568 2974/15/568
f 2967/15/569 2966/15/569 2981/15/569 2982/15/569
f 2960/15/570 2959/15/570 2974/15/570 2975/15/570
f 2953/15/571 2666/15/571 2968/15/571
f 2892/15/854 2967/15/854 2982/15/854
f 2961/15/573 2960/15/573 2975/15/573 2976/15/573
f 2954/15/805 2953/15/805 2968/15/805 2969/15/805
f 2962/15/575 2961/15/575 2976/15/575 2977/15/575
f 2955/15/576 2954/15/576 2969/15/576 2970/15/576
f 2963/15/577 2962/15/577 2977/15/577 2978/15/577
f 2956/15/578 2955/15/578 2970/15/578 2971/15/578
f 2964/15/579 2963/15/579 2978/15/579 2979/15/579
f 2957/15/580 2956/15/580 2971/15/580 2972/15/580
f 2965/15/581 2964/15/581 2979/15/581 2980/15/581
f 2958/15/582 2957/15/582 2972/15/582 2973/15/582
f 2970/15/855 2969/15/855 2984/15/855 2985/15/855
f 2978/15/584 2977/15/584 2992/15/584 2993/15/584
f 2971/15/585 2970/15/585 2985/15/585 2986/15/585
f 2979/15/586 2978/15/586 2993/15/586 2994/15/586
f 2972/15/587 2971/15/587 2986/15/587 2987/15/587
f 2980/15/588 2979/15/588 2994/15/588 2995/15/588
f 2973/15/589 2972/15/589 2987/15/589 2988/15/589
f 2981/15/856 2980/15/856 2995/15/856 2996/15/856
f 2974/15/591 2973/15/591 2988/15/591 2989/15/591
f 2982/15/748 2981/15/748 2996/15/748 2997/15/748
f 2975/15/593 2974/15/593 2989/15/593 2990/15/593
f 2968/15/857 2666/15/857 2983/15/857
f 2892/15/595 2982/15/595 2997/15/595
f 2976/15/596 2975/15/596 2990/15/596 2991/15/596
f 2969/15/749 2968/15/749 2983/15/749 2984/15/749
f 2977/15/598 2976/15/598 2991/15/598 2992/15/598
f 2989/15/599 2988/15/599 3003/15/599 3004/15/599
f 2997/15/600 2996/15/600 3011/15/600 3012/15/600
f 2990/15/601 2989/15/601 3004/15/601 3005/15/601
f 2983/15/602 2666/15/602 2998/15/602
f 2892/15/603 2997/15/603 3012/15/603
f 2991/15/604 2990/15/604 3005/15/604 3006/15/604
f 2984/15/858 2983/15/858 2998/15/858 2999/15/858
f 2992/15/606 2991/15/606 3006/15/606 3007/15/606
f 2985/15/607 2984/15/607 2999/15/607 3000/15/607
f 2993/15/608 2992/15/608 3007/15/608 3008/15/608
f 2986/15/609 2985/15/609 3000/15/609 3001/15/609
f 2994/15/610 2993/15/610 3008/15/610 3009/15/610
f 2987/15/611 2986/15/611 3001/15/611 3002/15/611
f 2995/15/612 2994/15/612 3009/15/612 3010/15/612
f 2988/15/613 2987/15/613 3002/15/613 3003/15/613
f 2996/15/614 2995/15/614 3010/15/614 3011/15/614
f 3008/15/615 3007/15/615 3022/15/615 3023/15/615
f 3001/15/616 3000/15/616 3015/15/616 3016/15/616
f 3009/15/617 3008/15/617 3023/15/617 3024/15/617
f 3002/15/618 3001/15/618 3016/15/618 3017/15/618
f 3010/15/619 3009/15/619 3024/15/619 3025/15/619
f 3003/15/620 3002/15/620 3017/15/620 3018/15/620
f 3011/15/621 3010/15/621 3025/15/621 3026/15/621
f 3004/15/622 3003/15/622 3018/15/622 3019/15/622
f 3012/15/623 3011/15/623 3026/15/623 3027/15/623
f 3005/15/624 3004/15/624 3019/15/624 3020/15/624
f 2998/15/625 2666/15/625 3013/15/625
f 2892/15/626 3012/15/626 3027/15/626
f 3006/15/627 3005/15/627 3020/15/627 3021/15/627
f 2999/15/628 2998/15/628 3013/15/628 3014/15/628
f 3007/15/629 3006/15/629 3021/15/629 3022/15/629
f 3000/15/630 2999/15/630 3014/15/630 3015/15/630
f 3027/15/631 3026/15/631 3041/15/631 3042/15/631
f 3020/15/632 3019/15/632 3034/15/632 3035/15/632
f 3013/15/633 2666/15/633 3028/15/633
f 2892/15/634 3027/15/634 3042/15/634
f 3021/15/635 3020/15/635 3035/15/635 3036/15/635
f 3014/15/754 3013/15/754 3028/15/754 3029/15/754
f 3022/15/637 3021/15/637 3036/15/637 3037/15/637
f 3015/15/755 3014/15/755 3029/15/755 3030/15/755
f 3023/15/639 3022/15/639 3037/15/639 3038/15/639
f 3016/15/640 3015/15/640 3030/15/640 3031/15/640
f 3024/15/641 3023/15/641 3038/15/641 3039/15/641
f 3017/15/642 3016/15/642 3031/15/642 3032/15/642
f 3025/15/643 3024/15/643 3039/15/643 3040/15/643
f 3018/15/644 3017/15/644 3032/15/644 3033/15/644
f 3026/15/809 3025/15/809 3040/15/809 3041/15/809
f 3019/15/646 3018/15/646 3033/15/646 3034/15/646
f 3039/15/647 3038/15/647 3053/15/647 3054/15/647
f 3032/15/648 3031/15/648 3046/15/648 3047/15/648
f 3040/15/649 3039/15/649 3054/15/649 3055/15/649
f 3033/15/650 3032/15/650 3047/15/650 3048/15/650
f 3041/15/756 3040/15/756 3055/15/756 3056/15/756
f 3034/15/652 3033/15/652 3048/15/652 3049/15/652
f 3042/15/757 3041/15/757 3056/15/757 3057/15/757
f 3035/15/654 3034/15/654 3049/15/654 3050/15/654
f 3028/15/655 2666/15/655 3043/15/655
f 2892/15/656 3042/15/656 3057/15/656
f 3036/15/657 3035/15/657 3050/15/657 3051/15/657
f 3029/15/859 3028/15/859 3043/15/859 3044/15/859
f 3037/15/659 3036/15/659 3051/15/659 3052/15/659
f 3030/15/660 3029/15/660 3044/15/660 3045/15/660
f 3038/15/661 3037/15/661 3052/15/661 3053/15/661
f 3031/15/662 3030/15/662 3045/15/662 3046/15/662
f 3043/15/761 2666/15/761 3058/15/761
f 2892/15/762 3057/15/762 3066/15/762
f 3051/15/665 3050/15/665 2588/15/665 2589/15/665
f 3044/15/666 3043/15/666 3058/15/666 3059/15/666
f 3052/15/667 3051/15/667 2589/15/667 3062/15/667
f 3045/15/668 3044/15/668 3059/15/668 2585/15/668
f 3053/15/669 3052/15/669 3062/15/669 2590/15/669
f 3046/15/670 3045/15/670 2585/15/670 3060/15/670
f 3054/15/671 3053/15/671 2590/15/671 3063/15/671
f 3047/15/672 3046/15/672 3060/15/672 2586/15/672
f 3055/15/673 3054/15/673 3063/15/673 3064/15/673
f 3048/15/674 3047/15/674 2586/15/674 3061/15/674
f 3056/15/675 3055/15/675 3064/15/675 3065/15/675
f 3049/15/676 3048/15/676 3061/15/676 2587/15/676
f 3057/15/677 3056/15/677 3065/15/677 3066/15/677
f 3050/15/678 3049/15/678 2587/15/678 2588/15/678
f 3070/15/765 3069/15/765 3079/15/765 3080/15/765
f 3540/15/168 3148/15/168 3073/15/168
f 3374/15/169 3548/15/169 3087/15/169
f 3071/15/766 3070/15/766 3080/15/766 3081/15/766
f 3541/15/171 3540/15/171 3073/15/171 3074/15/171
f 3544/15/172 3071/15/172 3081/15/172 3082/15/172
f 3067/15/173 3541/15/173 3074/15/173 3075/15/173
f 3072/15/174 3544/15/174 3082/15/174 3083/15/174
f 3542/15/175 3067/15/175 3075/15/175 3076/15/175
f 3545/15/176 3072/15/176 3083/15/176 3084/15/176
f 3068/15/177 3542/15/177 3076/15/177 3077/15/177
f 3546/15/178 3545/15/178 3084/15/178 3085/15/178
f 3543/15/179 3068/15/179 3077/15/179 3078/15/179
f 3547/15/180 3546/15/180 3085/15/180 3086/15/180
f 3069/15/181 3543/15/181 3078/15/181 3079/15/181
f 3548/15/182 3547/15/182 3086/15/182 3087/15/182
f 3086/15/681 3085/15/681 3100/15/681 3101/15/681
f 3079/15/184 3078/15/184 3093/15/184 3094/15/184
f 3087/15/185 3086/15/185 3101/15/185 3102/15/185
f 3080/15/186 3079/15/186 3094/15/186 3095/15/186
f 3073/15/187 3148/15/187 3088/15/187
f 3374/15/188 3087/15/188 3102/15/188
f 3081/15/189 3080/15/189 3095/15/189 3096/15/189
f 3074/15/685 3073/15/685 3088/15/685 3089/15/685
f 3082/15/191 3081/15/191 3096/15/191 3097/15/191
f 3075/15/192 3074/15/192 3089/15/192 3090/15/192
f 3083/15/193 3082/15/193 3097/15/193 3098/15/193
f 3076/15/194 3075/15/194 3090/15/194 3091/15/194
f 3084/15/195 3083/15/195 3098/15/195 3099/15/195
f 3077/15/196 3076/15/196 3091/15/196 3092/15/196
f 3085/15/197 3084/15/197 3099/15/197 3100/15/197
f 3078/15/198 3077/15/198 3092/15/198 3093/15/198
f 3098/15/199 3097/15/199 3112/15/199 3113/15/199
f 3091/15/200 3090/15/200 3105/15/200 3106/15/200
f 3099/15/201 3098/15/201 3113/15/201 3114/15/201
f 3092/15/202 3091/15/202 3106/15/202 3107/15/202
f 3100/15/203 3099/15/203 3114/15/203 3115/15/203
f 3093/15/204 3092/15/204 3107/15/204 3108/15/204
f 3101/15/686 3100/15/686 3115/15/686 3116/15/686
f 3094/15/206 3093/15/206 3108/15/206 3109/15/206
f 3102/15/687 3101/15/687 3116/15/687 3117/15/687
f 3095/15/208 3094/15/208 3109/15/208 3110/15/208
f 3088/15/209 3148/15/209 3103/15/209
f 3374/15/210 3102/15/210 3117/15/210
f 3096/15/211 3095/15/211 3110/15/211 3111/15/211
f 3089/15/212 3088/15/212 3103/15/212 3104/15/212
f 3097/15/213 3096/15/213 3111/15/213 3112/15/213
f 3090/15/214 3089/15/214 3104/15/214 3105/15/214
f 3117/15/215 3116/15/215 3131/15/215 3132/15/215
f 3110/15/216 3109/15/216 3124/15/216 3125/15/216
f 3103/15/217 3148/15/217 3118/15/217
f 3374/15/218 3117/15/218 3132/15/218
f 3111/15/219 3110/15/219 3125/15/219 3126/15/219
f 3104/15/220 3103/15/220 3118/15/220 3119/15/220
f 3112/15/221 3111/15/221 3126/15/221 3127/15/221
f 3105/15/222 3104/15/222 3119/15/222 3120/15/222
f 3113/15/223 3112/15/223 3127/15/223 3128/15/223
f 3106/15/224 3105/15/224 3120/15/224 3121/15/224
f 3114/15/225 3113/15/225 3128/15/225 3129/15/225
f 3107/15/226 3106/15/226 3121/15/226 3122/15/226
f 3115/15/227 3114/15/227 3129/15/227 3130/15/227
f 3108/15/228 3107/15/228 3122/15/228 3123/15/228
f 3116/15/229 3115/15/229 3130/15/229 3131/15/229
f 3109/15/230 3108/15/230 3123/15/230 3124/15/230
f 3121/15/231 3120/15/231 3135/15/231 3136/15/231
f 3129/15/232 3128/15/232 3143/15/232 3144/15/232
f 3122/15/233 3121/15/233 3136/15/233 3137/15/233
f 3130/15/234 3129/15/234 3144/15/234 3145/15/234
f 3123/15/235 3122/15/235 3137/15/235 3138/15/235
f 3131/15/236 3130/15/236 3145/15/236 3146/15/236
f 3124/15/237 3123/15/237 3138/15/237 3139/15/237
f 3132/15/860 3131/15/860 3146/15/860 3147/15/860
f 3125/15/239 3124/15/239 3139/15/239 3140/15/239
f 3118/15/240 3148/15/240 3133/15/240
f 3374/15/241 3132/15/241 3147/15/241
f 3126/15/242 3125/15/242 3140/15/242 3141/15/242
f 3119/15/243 3118/15/243 3133/15/243 3134/15/243
f 3127/15/244 3126/15/244 3141/15/244 3142/15/244
f 3120/15/245 3119/15/245 3134/15/245 3135/15/245
f 3128/15/246 3127/15/246 3142/15/246 3143/15/246
f 3140/15/247 3139/15/247 3155/15/247 3156/15/247
f 3133/15/248 3148/15/248 3149/15/248
f 3374/15/249 3147/15/249 3163/15/249
f 3141/15/250 3140/15/250 3156/15/250 3157/15/250
f 3134/15/698 3133/15/698 3149/15/698 3150/15/698
f 3142/15/252 3141/15/252 3157/15/252 3158/15/252
f 3135/15/861 3134/15/861 3150/15/861 3151/15/861
f 3143/15/254 3142/15/254 3158/15/254 3159/15/254
f 3136/15/255 3135/15/255 3151/15/255 3152/15/255
f 3144/15/256 3143/15/256 3159/15/256 3160/15/256
f 3137/15/257 3136/15/257 3152/15/257 3153/15/257
f 3145/15/258 3144/15/258 3160/15/258 3161/15/258
f 3138/15/259 3137/15/259 3153/15/259 3154/15/259
f 3146/15/260 3145/15/260 3161/15/260 3162/15/260
f 3139/15/261 3138/15/261 3154/15/261 3155/15/261
f 3147/15/262 3146/15/262 3162/15/262 3163/15/262
f 3160/15/263 3159/15/263 3174/15/263 3175/15/263
f 3153/15/264 3152/15/264 3167/15/264 3168/15/264
f 3161/15/265 3160/15/265 3175/15/265 3176/15/265
f 3154/15/266 3153/15/266 3168/15/266 3169/15/266
f 3162/15/267 3161/15/267 3176/15/267 3177/15/267
f 3155/15/268 3154/15/268 3169/15/268 3170/15/268
f 3163/15/269 3162/15/269 3177/15/269 3178/15/269
f 3156/15/270 3155/15/270 3170/15/270 3171/15/270
f 3149/15/271 3148/15/271 3164/15/271
f 3374/15/272 3163/15/272 3178/15/272
f 3157/15/273 3156/15/273 3171/15/273 3172/15/273
f 3150/15/274 3149/15/274 3164/15/274 3165/15/274
f 3158/15/275 3157/15/275 3172/15/275 3173/15/275
f 3151/15/276 3150/15/276 3165/15/276 3166/15/276
f 3159/15/277 3158/15/277 3173/15/277 3174/15/277
f 3152/15/278 3151/15/278 3166/15/278 3167/15/278
f 3164/15/705 3148/15/705 3179/15/705
f 3374/15/706 3178/15/706 3193/15/706
f 3172/15/281 3171/15/281 3186/15/281 3187/15/281
f 3165/15/282 3164/15/282 3179/15/282 3180/15/282
f 3173/15/283 3172/15/283 3187/15/283 3188/15/283
f 3166/15/284 3165/15/284 3180/15/284 3181/15/284
f 3174/15/285 3173/15/285 3188/15/285 3189/15/285
f 3167/15/286 3166/15/286 3181/15/286 3182/15/286
f 3175/15/287 3174/15/287 3189/15/287 3190/15/287
f 3168/15/288 3167/15/288 3182/15/288 3183/15/288
f 3176/15/289 3175/15/289 3190/15/289 3191/15/289
f 3169/15/290 3168/15/290 3183/15/290 3184/15/290
f 3177/15/291 3176/15/291 3191/15/291 3192/15/291
f 3170/15/292 3169/15/292 3184/15/292 3185/15/292
f 3178/15/293 3177/15/293 3192/15/293 3193/15/293
f 3171/15/294 3170/15/294 3185/15/294 3186/15/294
f 3183/15/295 3182/15/295 3197/15/295 3198/15/295
f 3191/15/296 3190/15/296 3205/15/296 3206/15/296
f 3184/15/297 3183/15/297 3198/15/297 3199/15/297
f 3192/15/298 3191/15/298 3206/15/298 3207/15/298
f 3185/15/299 3184/15/299 3199/15/299 3200/15/299
f 3193/15/300 3192/15/300 3207/15/300 3208/15/300
f 3186/15/779 3185/15/779 3200/15/779 3201/15/779
f 3179/15/710 3148/15/710 3194/15/710
f 3374/15/711 3193/15/711 3208/15/711
f 3187/15/304 3186/15/304 3201/15/304 3202/15/304
f 3180/15/305 3179/15/305 3194/15/305 3195/15/305
f 3188/15/306 3187/15/306 3202/15/306 3203/15/306
f 3181/15/307 3180/15/307 3195/15/307 3196/15/307
f 3189/15/308 3188/15/308 3203/15/308 3204/15/308
f 3182/15/309 3181/15/309 3196/15/309 3197/15/309
f 3190/15/310 3189/15/310 3204/15/310 3205/15/310
f 3202/15/311 3201/15/311 3216/15/311 3217/15/311
f 3195/15/781 3194/15/781 3209/15/781 3210/15/781
f 3203/15/313 3202/15/313 3217/15/313 3218/15/313
f 3196/15/314 3195/15/314 3210/15/314 3211/15/314
f 3204/15/315 3203/15/315 3218/15/315 3219/15/315
f 3197/15/316 3196/15/316 3211/15/316 3212/15/316
f 3205/15/317 3204/15/317 3219/15/317 3220/15/317
f 3198/15/318 3197/15/318 3212/15/318 3213/15/318
f 3206/15/319 3205/15/319 3220/15/319 3221/15/319
f 3199/15/320 3198/15/320 3213/15/320 3214/15/320
f 3207/15/321 3206/15/321 3221/15/321 3222/15/321
f 3200/15/322 3199/15/322 3214/15/322 3215/15/322
f 3208/15/323 3207/15/323 3222/15/323 3223/15/323
f 3201/15/324 3200/15/324 3215/15/324 3216/15/324
f 3194/15/784 3148/15/784 3209/15/784
f 3374/15/326 3208/15/326 3223/15/326
f 3221/15/327 3220/15/327 3235/15/327 3236/15/327
f 3214/15/328 3213/15/328 3228/15/328 3229/15/328
f 3222/15/329 3221/15/329 3236/15/329 3237/15/329
f 3215/15/330 3214/15/330 3229/15/330 3230/15/330
f 3223/15/716 3222/15/716 3237/15/716 3238/15/716
f 3216/15/332 3215/15/332 3230/15/332 3231/15/332
f 3209/15/333 3148/15/333 3224/15/333
f 3374/15/334 3223/15/334 3238/15/334
f 3217/15/335 3216/15/335 3231/15/335 3232/15/335
f 3210/15/719 3209/15/719 3224/15/719 3225/15/719
f 3218/15/337 3217/15/337 3232/15/337 3233/15/337
f 3211/15/338 3210/15/338 3225/15/338 3226/15/338
f 3219/15/339 3218/15/339 3233/15/339 3234/15/339
f 3212/15/340 3211/15/340 3226/15/340 3227/15/340
f 3220/15/341 3219/15/341 3234/15/341 3235/15/341
f 3213/15/342 3212/15/342 3227/15/342 3228/15/342
f 3233/15/343 3232/15/343 3247/15/343 3248/15/343
f 3226/15/344 3225/15/344 3240/15/344 3241/15/344
f 3234/15/345 3233/15/345 3248/15/345 3249/15/345
f 3227/15/346 3226/15/346 3241/15/346 3242/15/346
f 3235/15/347 3234/15/347 3249/15/347 3250/15/347
f 3228/15/348 3227/15/348 3242/15/348 3243/15/348
f 3236/15/349 3235/15/349 3250/15/349 3251/15/349
f 3229/15/350 3228/15/350 3243/15/350 3244/15/350
f 3237/15/351 3236/15/351 3251/15/351 3252/15/351
f 3230/15/352 3229/15/352 3244/15/352 3245/15/352
f 3238/15/353 3237/15/353 3252/15/353 3253/15/353
f 3231/15/354 3230/15/354 3245/15/354 3246/15/354
f 3224/15/355 3148/15/355 3239/15/355
f 3374/15/356 3238/15/356 3253/15/356
f 3232/15/357 3231/15/357 3246/15/357 3247/15/357
f 3225/15/358 3224/15/358 3239/15/358 3240/15/358
f 3252/15/359 3251/15/359 3266/15/359 3267/15/359
f 3245/15/360 3244/15/360 3259/15/360 3260/15/360
f 3253/15/361 3252/15/361 3267/15/361 3268/15/361
f 3246/15/362 3245/15/362 3260/15/362 3261/15/362
f 3239/15/363 3148/15/363 3254/15/363
f 3374/15/364 3253/15/364 3268/15/364
f 3247/15/365 3246/15/365 3261/15/365 3262/15/365
f 3240/15/862 3239/15/862 3254/15/862 3255/15/862
f 3248/15/367 3247/15/367 3262/15/367 3263/15/367
f 3241/15/368 3240/15/368 3255/15/368 3256/15/368
f 3249/15/369 3248/15/369 3263/15/369 3264/15/369
f 3242/15/370 3241/15/370 3256/15/370 3257/15/370
f 3250/15/371 3249/15/371 3264/15/371 3265/15/371
f 3243/15/372 3242/15/372 3257/15/372 3258/15/372
f 3251/15/373 3250/15/373 3265/15/373 3266/15/373
f 3244/15/374 3243/15/374 3258/15/374 3259/15/374
f 3256/15/375 3255/15/375 3270/15/375 3271/15/375
f 3264/15/376 3263/15/376 3278/15/376 3279/15/376
f 3257/15/377 3256/15/377 3271/15/377 3272/15/377
f 3265/15/378 3264/15/378 3279/15/378 3280/15/378
f 3258/15/379 3257/15/379 3272/15/379 3273/15/379
f 3266/15/380 3265/15/380 3280/15/380 3281/15/380
f 3259/15/381 3258/15/381 3273/15/381 3274/15/381
f 3267/15/382 3266/15/382 3281/15/382 3282/15/382
f 3260/15/383 3259/15/383 3274/15/383 3275/15/383
f 3268/15/726 3267/15/726 3282/15/726 3283/15/726
f 3261/15/385 3260/15/385 3275/15/385 3276/15/385
f 3254/15/386 3148/15/386 3269/15/386
f 3374/15/387 3268/15/387 3283/15/387
f 3262/15/388 3261/15/388 3276/15/388 3277/15/388
f 3255/15/389 3254/15/389 3269/15/389 3270/15/389
f 3263/15/390 3262/15/390 3277/15/390 3278/15/390
f 3275/15/391 3274/15/391 3289/15/391 3290/15/391
f 3283/15/863 3282/15/863 3297/15/863 3298/15/863
f 3276/15/393 3275/15/393 3290/15/393 3291/15/393
f 3269/15/394 3148/15/394 3284/15/394
f 3374/15/395 3283/15/395 3298/15/395
f 3277/15/396 3276/15/396 3291/15/396 3292/15/396
f 3270/15/729 3269/15/729 3284/15/729 3285/15/729
f 3278/15/398 3277/15/398 3292/15/398 3293/15/398
f 3271/15/399 3270/15/399 3285/15/399 3286/15/399
f 3279/15/400 3278/15/400 3293/15/400 3294/15/400
f 3272/15/401 3271/15/401 3286/15/401 3287/15/401
f 3280/15/402 3279/15/402 3294/15/402 3295/15/402
f 3273/15/403 3272/15/403 3287/15/403 3288/15/403
f 3281/15/404 3280/15/404 3295/15/404 3296/15/404
f 3274/15/405 3273/15/405 3288/15/405 3289/15/405
f 3282/15/730 3281/15/730 3296/15/730 3297/15/730
f 3294/15/407 3293/15/407 3308/15/407 3309/15/407
f 3287/15/408 3286/15/408 3301/15/408 3302/15/408
f 3295/15/409 3294/15/409 3309/15/409 3310/15/409
f 3288/15/410 3287/15/410 3302/15/410 3303/15/410
f 3296/15/411 3295/15/411 3310/15/411 3311/15/411
f 3289/15/412 3288/15/412 3303/15/412 3304/15/412
f 3297/15/413 3296/15/413 3311/15/413 3312/15/413
f 3290/15/414 3289/15/414 3304/15/414 3305/15/414
f 3298/15/415 3297/15/415 3312/15/415 3313/15/415
f 3291/15/416 3290/15/416 3305/15/416 3306/15/416
f 3284/15/417 3148/15/417 3299/15/417
f 3374/15/418 3298/15/418 3313/15/418
f 3292/15/419 3291/15/419 3306/15/419 3307/15/419
f 3285/15/420 3284/15/420 3299/15/420 3300/15/420
f 3293/15/421 3292/15/421 3307/15/421 3308/15/421
f 3286/15/422 3285/15/422 3300/15/422 3301/15/422
f 3313/15/423 3312/15/423 3327/15/423 3328/15/423
f 3306/15/791 3305/15/791 3320/15/791 3321/15/791
f 3299/15/733 3148/15/733 3314/15/733
f 3374/15/426 3313/15/426 3328/15/426
f 3307/15/792 3306/15/792 3321/15/792 3322/15/792
f 3300/15/428 3299/15/428 3314/15/428 3315/15/428
f 3308/15/429 3307/15/429 3322/15/429 3323/15/429
f 3301/15/430 3300/15/430 3315/15/430 3316/15/430
f 3309/15/431 3308/15/431 3323/15/431 3324/15/431
f 3302/15/432 3301/15/432 3316/15/432 3317/15/432
f 3310/15/433 3309/15/433 3324/15/433 3325/15/433
f 3303/15/434 3302/15/434 3317/15/434 3318/15/434
f 3311/15/435 3310/15/435 3325/15/435 3326/15/435
f 3304/15/436 3303/15/436 3318/15/436 3319/15/436
f 3312/15/437 3311/15/437 3326/15/437 3327/15/437
f 3305/15/438 3304/15/438 3319/15/438 3320/15/438
f 3317/15/439 3316/15/439 3331/15/439 3332/15/439
f 3325/15/440 3324/15/440 3339/15/440 3340/15/440
f 3318/15/441 3317/15/441 3332/15/441 3333/15/441
f 3326/15/442 3325/15/442 3340/15/442 3341/15/442
f 3319/15/443 3318/15/443 3333/15/443 3334/15/443
f 3327/15/444 3326/15/444 3341/15/444 3342/15/444
f 3320/15/445 3319/15/445 3334/15/445 3335/15/445
f 3328/15/848 3327/15/848 3342/15/848 3343/15/848
f 3321/15/447 3320/15/447 3335/15/447 3336/15/447
f 3314/15/448 3148/15/448 3329/15/448
f 3374/15/449 3328/15/449 3343/15/449
f 3322/15/450 3321/15/450 3336/15/450 3337/15/450
f 3315/15/736 3314/15/736 3329/15/736 3330/15/736
f 3323/15/452 3322/15/452 3337/15/452 3338/15/452
f 3316/15/453 3315/15/453 3330/15/453 3331/15/453
f 3324/15/454 3323/15/454 3338/15/454 3339/15/454
f 3336/15/455 3335/15/455 3350/15/455 3351/15/455
f 3329/15/456 3148/15/456 3344/15/456
f 3374/15/457 3343/15/457 3358/15/457
f 3337/15/458 3336/15/458 3351/15/458 3352/15/458
f 3330/15/459 3329/15/459 3344/15/459 3345/15/459
f 3338/15/460 3337/15/460 3352/15/460 3353/15/460
f 3331/15/461 3330/15/461 3345/15/461 3346/15/461
f 3339/15/462 3338/15/462 3353/15/462 3354/15/462
f 3332/15/463 3331/15/463 3346/15/463 3347/15/463
f 3340/15/464 3339/15/464 3354/15/464 3355/15/464
f 3333/15/465 3332/15/465 3347/15/465 3348/15/465
f 3341/15/466 3340/15/466 3355/15/466 3356/15/466
f 3334/15/467 3333/15/467 3348/15/467 3349/15/467
f 3342/15/738 3341/15/738 3356/15/738 3357/15/738
f 3335/15/469 3334/15/469 3349/15/469 3350/15/469
f 3343/15/739 3342/15/739 3357/15/739 3358/15/739
f 3355/15/471 3354/15/471 3369/15/471 3370/15/471
f 3348/15/472 3347/15/472 3362/15/472 3363/15/472
f 3356/15/473 3355/15/473 3370/15/473 3371/15/473
f 3349/15/474 3348/15/474 3363/15/474 3364/15/474
f 3357/15/475 3356/15/475 3371/15/475 3372/15/475
f 3350/15/476 3349/15/476 3364/15/476 3365/15/476
f 3358/15/477 3357/15/477 3372/15/477 3373/15/477
f 3351/15/478 3350/15/478 3365/15/478 3366/15/478
f 3344/15/479 3148/15/479 3359/15/479
f 3374/15/480 3358/15/480 3373/15/480
f 3352/15/481 3351/15/481 3366/15/481 3367/15/481
f 3345/15/864 3344/15/864 3359/15/864 3360/15/864
f 3353/15/483 3352/15/483 3367/15/483 3368/15/483
f 3346/15/484 3345/15/484 3360/15/484 3361/15/484
f 3354/15/485 3353/15/485 3368/15/485 3369/15/485
f 3347/15/486 3346/15/486 3361/15/486 3362/15/486
f 3374/15/487 3373/15/487 3389/15/487
f 3367/15/488 3366/15/488 3382/15/488 3383/15/488
f 3360/15/489 3359/15/489 3375/15/489 3376/15/489
f 3368/15/490 3367/15/490 3383/15/490 3384/15/490
f 3361/15/491 3360/15/491 3376/15/491 3377/15/491
f 3369/15/492 3368/15/492 3384/15/492 3385/15/492
f 3362/15/493 3361/15/493 3377/15/493 3378/15/493
f 3370/15/494 3369/15/494 3385/15/494 3386/15/494
f 3363/15/495 3362/15/495 3378/15/495 3379/15/495
f 3371/15/496 3370/15/496 3386/15/496 3387/15/496
f 3364/15/497 3363/15/497 3379/15/497 3380/15/497
f 3372/15/498 3371/15/498 3387/15/498 3388/15/498
f 3365/15/499 3364/15/499 3380/15/499 3381/15/499
f 3373/15/500 3372/15/500 3388/15/500 3389/15/500
f 3366/15/501 3365/15/501 3381/15/501 3382/15/501
f 3359/15/502 3148/15/502 3375/15/502
f 3387/15/503 3386/15/503 3401/15/503 3402/15/503
f 3380/15/504 3379/15/504 3394/15/504 3395/15/504
f 3388/15/505 3387/15/505 3402/15/505 3403/15/505
f 3381/15/506 3380/15/506 3395/15/506 3396/15/506
f 3389/15/507 3388/15/507 3403/15/507 3404/15/507
f 3382/15/508 3381/15/508 3396/15/508 3397/15/508
f 3375/15/509 3148/15/509 3390/15/509
f 3374/15/510 3389/15/510 3404/15/510
f 3383/15/511 3382/15/511 3397/15/511 3398/15/511
f 3376/15/801 3375/15/801 3390/15/801 3391/15/801
f 3384/15/513 3383/15/513 3398/15/513 3399/15/513
f 3377/15/514 3376/15/514 3391/15/514 3392/15/514
f 3385/15/515 3384/15/515 3399/15/515 3400/15/515
f 3378/15/516 3377/15/516 3392/15/516 3393/15/516
f 3386/15/517 3385/15/517 3400/15/517 3401/15/517
f 3379/15/518 3378/15/518 3393/15/518 3394/15/518
f 3391/15/519 3390/15/519 3405/15/519 3406/15/519
f 3399/15/520 3398/15/520 3413/15/520 3414/15/520
f 3392/15/521 3391/15/521 3406/15/521 3407/15/521
f 3400/15/522 3399/15/522 3414/15/522 3415/15/522
f 3393/15/523 3392/15/523 3407/15/523 3408/15/523
f 3401/15/524 3400/15/524 3415/15/524 3416/15/524
f 3394/15/525 3393/15/525 3408/15/525 3409/15/525
f 3402/15/526 3401/15/526 3416/15/526 3417/15/526
f 3395/15/527 3394/15/527 3409/15/527 3410/15/527
f 3403/15/743 3402/15/743 3417/15/743 3418/15/743
f 3396/15/529 3395/15/529 3410/15/529 3411/15/529
f 3404/15/530 3403/15/530 3418/15/530 3419/15/530
f 3397/15/531 3396/15/531 3411/15/531 3412/15/531
f 3390/15/532 3148/15/532 3405/15/532
f 3374/15/533 3404/15/533 3419/15/533
f 3398/15/534 3397/15/534 3412/15/534 3413/15/534
f 3410/15/535 3409/15/535 3424/15/535 3425/15/535
f 3418/15/536 3417/15/536 3432/15/536 3433/15/536
f 3411/15/537 3410/15/537 3425/15/537 3426/15/537
f 3419/15/538 3418/15/538 3433/15/538 3434/15/538
f 3412/15/539 3411/15/539 3426/15/539 3427/15/539
f 3405/15/540 3148/15/540 3420/15/540
f 3374/15/541 3419/15/541 3434/15/541
f 3413/15/542 3412/15/542 3427/15/542 3428/15/542
f 3406/15/543 3405/15/543 3420/15/543 3421/15/543
f 3414/15/544 3413/15/544 3428/15/544 3429/15/544
f 3407/15/545 3406/15/545 3421/15/545 3422/15/545
f 3415/15/546 3414/15/546 3429/15/546 3430/15/546
f 3408/15/547 3407/15/547 3422/15/547 3423/15/547
f 3416/15/548 3415/15/548 3430/15/548 3431/15/548
f 3409/15/549 3408/15/549 3423/15/549 3424/15/549
f 3417/15/550 3416/15/550 3431/15/550 3432/15/550
f 3429/15/551 3428/15/551 3443/15/551 3444/15/551
f 3422/15/552 3421/15/552 3436/15/552 3437/15/552
f 3430/15/553 3429/15/553 3444/15/553 3445/15/553
f 3423/15/554 3422/15/554 3437/15/554 3438/15/554
f 3431/15/555 3430/15/555 3445/15/555 3446/15/555
f 3424/15/556 3423/15/556 3438/15/556 3439/15/556
f 3432/15/557 3431/15/557 3446/15/557 3447/15/557
f 3425/15/558 3424/15/558 3439/15/558 3440/15/558
f 3433/15/559 3432/15/559 3447/15/559 3448/15/559
f 3426/15/560 3425/15/560 3440/15/560 3441/15/560
f 3434/15/561 3433/15/561 3448/15/561 3449/15/561
f 3427/15/819 3426/15/819 3441/15/819 3442/15/819
f 3420/15/563 3148/15/563 3435/15/563
f 3374/15/564 3434/15/564 3449/15/564
f 3428/15/820 3427/15/820 3442/15/820 3443/15/820
f 3421/15/566 3420/15/566 3435/15/566 3436/15/566
f 3448/15/567 3447/15/567 3462/15/567 3463/15/567
f 3441/15/568 3440/15/568 3455/15/568 3456/15/568
f 3449/15/569 3448/15/569 3463/15/569 3464/15/569
f 3442/15/570 3441/15/570 3456/15/570 3457/15/570
f 3435/15/571 3148/15/571 3450/15/571
f 3374/15/572 3449/15/572 3464/15/572
f 3443/15/573 3442/15/573 3457/15/573 3458/15/573
f 3436/15/805 3435/15/805 3450/15/805 3451/15/805
f 3444/15/575 3443/15/575 3458/15/575 3459/15/575
f 3437/15/576 3436/15/576 3451/15/576 3452/15/576
f 3445/15/577 3444/15/577 3459/15/577 3460/15/577
f 3438/15/578 3437/15/578 3452/15/578 3453/15/578
f 3446/15/579 3445/15/579 3460/15/579 3461/15/579
f 3439/15/580 3438/15/580 3453/15/580 3454/15/580
f 3447/15/581 3446/15/581 3461/15/581 3462/15/581
f 3440/15/582 3439/15/582 3454/15/582 3455/15/582
f 3452/15/583 3451/15/583 3466/15/583 3467/15/583
f 3460/15/584 3459/15/584 3474/15/584 3475/15/584
f 3453/15/585 3452/15/585 3467/15/585 3468/15/585
f 3461/15/586 3460/15/586 3475/15/586 3476/15/586
f 3454/15/587 3453/15/587 3468/15/587 3469/15/587
f 3462/15/588 3461/15/588 3476/15/588 3477/15/588
f 3455/15/589 3454/15/589 3469/15/589 3470/15/589
f 3463/15/590 3462/15/590 3477/15/590 3478/15/590
f 3456/15/591 3455/15/591 3470/15/591 3471/15/591
f 3464/15/748 3463/15/748 3478/15/748 3479/15/748
f 3457/15/593 3456/15/593 3471/15/593 3472/15/593
f 3450/15/594 3148/15/594 3465/15/594
f 3374/15/595 3464/15/595 3479/15/595
f 3458/15/596 3457/15/596 3472/15/596 3473/15/596
f 3451/15/749 3450/15/749 3465/15/749 3466/15/749
f 3459/15/598 3458/15/598 3473/15/598 3474/15/598
f 3471/15/599 3470/15/599 3485/15/599 3486/15/599
f 3479/15/865 3478/15/865 3493/15/865 3494/15/865
f 3472/15/601 3471/15/601 3486/15/601 3487/15/601
f 3465/15/602 3148/15/602 3480/15/602
f 3374/15/603 3479/15/603 3494/15/603
f 3473/15/604 3472/15/604 3487/15/604 3488/15/604
f 3466/15/858 3465/15/858 3480/15/858 3481/15/858
f 3474/15/606 3473/15/606 3488/15/606 3489/15/606
f 3467/15/607 3466/15/607 3481/15/607 3482/15/607
f 3475/15/608 3474/15/608 3489/15/608 3490/15/608
f 3468/15/609 3467/15/609 3482/15/609 3483/15/609
f 3476/15/610 3475/15/610 3490/15/610 3491/15/610
f 3469/15/611 3468/15/611 3483/15/611 3484/15/611
f 3477/15/612 3476/15/612 3491/15/612 3492/15/612
f 3470/15/613 3469/15/613 3484/15/613 3485/15/613
f 3478/15/614 3477/15/614 3492/15/614 3493/15/614
f 3490/15/615 3489/15/615 3504/15/615 3505/15/615
f 3483/15/616 3482/15/616 3497/15/616 3498/15/616
f 3491/15/617 3490/15/617 3505/15/617 3506/15/617
f 3484/15/618 3483/15/618 3498/15/618 3499/15/618
f 3492/15/619 3491/15/619 3506/15/619 3507/15/619
f 3485/15/620 3484/15/620 3499/15/620 3500/15/620
f 3493/15/621 3492/15/621 3507/15/621 3508/15/621
f 3486/15/622 3485/15/622 3500/15/622 3501/15/622
f 3494/15/623 3493/15/623 3508/15/623 3509/15/623
f 3487/15/624 3486/15/624 3501/15/624 3502/15/624
f 3480/15/625 3148/15/625 3495/15/625
f 3374/15/626 3494/15/626 3509/15/626
f 3488/15/627 3487/15/627 3502/15/627 3503/15/627
f 3481/15/866 3480/15/866 3495/15/866 3496/15/866
f 3489/15/629 3488/15/629 3503/15/629 3504/15/629
f 3482/15/630 3481/15/630 3496/15/630 3497/15/630
f 3509/15/751 3508/15/751 3523/15/751 3524/15/751
f 3502/15/632 3501/15/632 3516/15/632 3517/15/632
f 3495/15/633 3148/15/633 3510/15/633
f 3374/15/634 3509/15/634 3524/15/634
f 3503/15/635 3502/15/635 3517/15/635 3518/15/635
f 3496/15/636 3495/15/636 3510/15/636 3511/15/636
f 3504/15/637 3503/15/637 3518/15/637 3519/15/637
f 3497/15/755 3496/15/755 3511/15/755 3512/15/755
f 3505/15/639 3504/15/639 3519/15/639 3520/15/639
f 3498/15/640 3497/15/640 3512/15/640 3513/15/640
f 3506/15/641 3505/15/641 3520/15/641 3521/15/641
f 3499/15/642 3498/15/642 3513/15/642 3514/15/642
f 3507/15/643 3506/15/643 3521/15/643 3522/15/643
f 3500/15/644 3499/15/644 3514/15/644 3515/15/644
f 3508/15/645 3507/15/645 3522/15/645 3523/15/645
f 3501/15/646 3500/15/646 3515/15/646 3516/15/646
f 3521/15/647 3520/15/647 3535/15/647 3536/15/647
f 3514/15/648 3513/15/648 3528/15/648 3529/15/648
f 3522/15/649 3521/15/649 3536/15/649 3537/15/649
f 3515/15/650 3514/15/650 3529/15/650 3530/15/650
f 3523/15/756 3522/15/756 3537/15/756 3538/15/756
f 3516/15/652 3515/15/652 3530/15/652 3531/15/652
f 3524/15/757 3523/15/757 3538/15/757 3539/15/757
f 3517/15/654 3516/15/654 3531/15/654 3532/15/654
f 3510/15/655 3148/15/655 3525/15/655
f 3374/15/656 3524/15/656 3539/15/656
f 3518/15/657 3517/15/657 3532/15/657 3533/15/657
f 3511/15/859 3510/15/859 3525/15/859 3526/15/859
f 3519/15/659 3518/15/659 3533/15/659 3534/15/659
f 3512/15/660 3511/15/660 3526/15/660 3527/15/660
f 3520/15/661 3519/15/661 3534/15/661 3535/15/661
f 3513/15/662 3512/15/662 3527/15/662 3528/15/662
f 3525/15/761 3148/15/761 3540/15/761
f 3374/15/664 3539/15/664 3548/15/664
f 3533/15/665 3532/15/665 3070/15/665 3071/15/665
f 3526/15/666 3525/15/666 3540/15/666 3541/15/666
f 3534/15/667 3533/15/667 3071/15/667 3544/15/667
f 3527/15/668 3526/15/668 3541/15/668 3067/15/668
f 3535/15/669 3534/15/669 3544/15/669 3072/15/669
f 3528/15/670 3527/15/670 3067/15/670 3542/15/670
f 3536/15/671 3535/15/671 3072/15/671 3545/15/671
f 3529/15/672 3528/15/672 3542/15/672 3068/15/672
f 3537/15/673 3536/15/673 3545/15/673 3546/15/673
f 3530/15/674 3529/15/674 3068/15/674 3543/15/674
f 3538/15/675 3537/15/675 3546/15/675 3547/15/675
f 3531/15/676 3530/15/676 3543/15/676 3069/15/676
f 3539/15/677 3538/15/677 3547/15/677 3548/15/677
f 3532/15/678 3531/15/678 3069/15/678 3070/15/678
f 3552/15/867 3551/15/867 3561/15/867 3562/15/867
f 4022/15/168 3630/15/168 3555/15/168
f 3856/15/680 4030/15/680 3569/15/680
f 3553/15/868 3552/15/868 3562/15/868 3563/15/868
f 4023/15/171 4022/15/171 3555/15/171 3556/15/171
f 4026/15/172 3553/15/172 3563/15/172 3564/15/172
f 3549/15/173 4023/15/173 3556/15/173 3557/15/173
f 3554/15/174 4026/15/174 3564/15/174 3565/15/174
f 4024/15/175 3549/15/175 3557/15/175 3558/15/175
f 4027/15/176 3554/15/176 3565/15/176 3566/15/176
f 3550/15/177 4024/15/177 3558/15/177 3559/15/177
f 4028/15/178 4027/15/178 3566/15/178 3567/15/178
f 4025/15/179 3550/15/179 3559/15/179 3560/15/179
f 4029/15/180 4028/15/180 3567/15/180 3568/15/180
f 3551/15/181 4025/15/181 3560/15/181 3561/15/181
f 4030/15/182 4029/15/182 3568/15/182 3569/15/182
f 3568/15/183 3567/15/183 3582/15/183 3583/15/183
f 3561/15/184 3560/15/184 3575/15/184 3576/15/184
f 3569/15/185 3568/15/185 3583/15/185 3584/15/185
f 3562/15/186 3561/15/186 3576/15/186 3577/15/186
f 3555/15/187 3630/15/187 3570/15/187
f 3856/15/188 3569/15/188 3584/15/188
f 3563/15/189 3562/15/189 3577/15/189 3578/15/189
f 3556/15/685 3555/15/685 3570/15/685 3571/15/685
f 3564/15/191 3563/15/191 3578/15/191 3579/15/191
f 3557/15/767 3556/15/767 3571/15/767 3572/15/767
f 3565/15/193 3564/15/193 3579/15/193 3580/15/193
f 3558/15/194 3557/15/194 3572/15/194 3573/15/194
f 3566/15/195 3565/15/195 3580/15/195 3581/15/195
f 3559/15/196 3558/15/196 3573/15/196 3574/15/196
f 3567/15/197 3566/15/197 3581/15/197 3582/15/197
f 3560/15/198 3559/15/198 3574/15/198 3575/15/198
f 3580/15/199 3579/15/199 3594/15/199 3595/15/199
f 3573/15/200 3572/15/200 3587/15/200 3588/15/200
f 3581/15/201 3580/15/201 3595/15/201 3596/15/201
f 3574/15/202 3573/15/202 3588/15/202 3589/15/202
f 3582/15/203 3581/15/203 3596/15/203 3597/15/203
f 3575/15/204 3574/15/204 3589/15/204 3590/15/204
f 3583/15/205 3582/15/205 3597/15/205 3598/15/205
f 3576/15/206 3575/15/206 3590/15/206 3591/15/206
f 3584/15/768 3583/15/768 3598/15/768 3599/15/768
f 3577/15/208 3576/15/208 3591/15/208 3592/15/208
f 3570/15/209 3630/15/209 3585/15/209
f 3856/15/769 3584/15/769 3599/15/769
f 3578/15/211 3577/15/211 3592/15/211 3593/15/211
f 3571/15/770 3570/15/770 3585/15/770 3586/15/770
f 3579/15/213 3578/15/213 3593/15/213 3594/15/213
f 3572/15/771 3571/15/771 3586/15/771 3587/15/771
f 3599/15/869 3598/15/869 3613/15/869 3614/15/869
f 3592/15/216 3591/15/216 3606/15/216 3607/15/216
f 3585/15/217 3630/15/217 3600/15/217
f 3856/15/218 3599/15/218 3614/15/218
f 3593/15/219 3592/15/219 3607/15/219 3608/15/219
f 3586/15/220 3585/15/220 3600/15/220 3601/15/220
f 3594/15/221 3593/15/221 3608/15/221 3609/15/221
f 3587/15/222 3586/15/222 3601/15/222 3602/15/222
f 3595/15/223 3594/15/223 3609/15/223 3610/15/223
f 3588/15/224 3587/15/224 3602/15/224 3603/15/224
f 3596/15/225 3595/15/225 3610/15/225 3611/15/225
f 3589/15/226 3588/15/226 3603/15/226 3604/15/226
f 3597/15/227 3596/15/227 3611/15/227 3612/15/227
f 3590/15/228 3589/15/228 3604/15/228 3605/15/228
f 3598/15/229 3597/15/229 3612/15/229 3613/15/229
f 3591/15/230 3590/15/230 3605/15/230 3606/15/230
f 3603/15/231 3602/15/231 3617/15/231 3618/15/231
f 3611/15/232 3610/15/232 3625/15/232 3626/15/232
f 3604/15/233 3603/15/233 3618/15/233 3619/15/233
f 3612/15/234 3611/15/234 3626/15/234 3627/15/234
f 3605/15/235 3604/15/235 3619/15/235 3620/15/235
f 3613/15/236 3612/15/236 3627/15/236 3628/15/236
f 3606/15/237 3605/15/237 3620/15/237 3621/15/237
f 3614/15/238 3613/15/238 3628/15/238 3629/15/238
f 3607/15/694 3606/15/694 3621/15/694 3622/15/694
f 3600/15/240 3630/15/240 3615/15/240
f 3856/15/241 3614/15/241 3629/15/241
f 3608/15/695 3607/15/695 3622/15/695 3623/15/695
f 3601/15/243 3600/15/243 3615/15/243 3616/15/243
f 3609/15/244 3608/15/244 3623/15/244 3624/15/244
f 3602/15/245 3601/15/245 3616/15/245 3617/15/245
f 3610/15/246 3609/15/246 3624/15/246 3625/15/246
f 3622/15/870 3621/15/870 3637/15/870 3638/15/870
f 3615/15/248 3630/15/248 3631/15/248
f 3856/15/249 3629/15/249 3645/15/249
f 3623/15/871 3622/15/871 3638/15/871 3639/15/871
f 3616/15/698 3615/15/698 3631/15/698 3632/15/698
f 3624/15/252 3623/15/252 3639/15/252 3640/15/252
f 3617/15/861 3616/15/861 3632/15/861 3633/15/861
f 3625/15/254 3624/15/254 3640/15/254 3641/15/254
f 3618/15/255 3617/15/255 3633/15/255 3634/15/255
f 3626/15/256 3625/15/256 3641/15/256 3642/15/256
f 3619/15/257 3618/15/257 3634/15/257 3635/15/257
f 3627/15/258 3626/15/258 3642/15/258 3643/15/258
f 3620/15/259 3619/15/259 3635/15/259 3636/15/259
f 3628/15/260 3627/15/260 3643/15/260 3644/15/260
f 3621/15/261 3620/15/261 3636/15/261 3637/15/261
f 3629/15/262 3628/15/262 3644/15/262 3645/15/262
f 3642/15/263 3641/15/263 3656/15/263 3657/15/263
f 3635/15/264 3634/15/264 3649/15/264 3650/15/264
f 3643/15/265 3642/15/265 3657/15/265 3658/15/265
f 3636/15/266 3635/15/266 3650/15/266 3651/15/266
f 3644/15/267 3643/15/267 3658/15/267 3659/15/267
f 3637/15/268 3636/15/268 3651/15/268 3652/15/268
f 3645/15/701 3644/15/701 3659/15/701 3660/15/701
f 3638/15/270 3637/15/270 3652/15/270 3653/15/270
f 3631/15/271 3630/15/271 3646/15/271
f 3856/15/272 3645/15/272 3660/15/272
f 3639/15/273 3638/15/273 3653/15/273 3654/15/273
f 3632/15/274 3631/15/274 3646/15/274 3647/15/274
f 3640/15/275 3639/15/275 3654/15/275 3655/15/275
f 3633/15/276 3632/15/276 3647/15/276 3648/15/276
f 3641/15/277 3640/15/277 3655/15/277 3656/15/277
f 3634/15/278 3633/15/278 3648/15/278 3649/15/278
f 3646/15/705 3630/15/705 3661/15/705
f 3856/15/706 3660/15/706 3675/15/706
f 3654/15/281 3653/15/281 3668/15/281 3669/15/281
f 3647/15/282 3646/15/282 3661/15/282 3662/15/282
f 3655/15/283 3654/15/283 3669/15/283 3670/15/283
f 3648/15/284 3647/15/284 3662/15/284 3663/15/284
f 3656/15/285 3655/15/285 3670/15/285 3671/15/285
f 3649/15/286 3648/15/286 3663/15/286 3664/15/286
f 3657/15/287 3656/15/287 3671/15/287 3672/15/287
f 3650/15/288 3649/15/288 3664/15/288 3665/15/288
f 3658/15/289 3657/15/289 3672/15/289 3673/15/289
f 3651/15/290 3650/15/290 3665/15/290 3666/15/290
f 3659/15/291 3658/15/291 3673/15/291 3674/15/291
f 3652/15/292 3651/15/292 3666/15/292 3667/15/292
f 3660/15/293 3659/15/293 3674/15/293 3675/15/293
f 3653/15/294 3652/15/294 3667/15/294 3668/15/294
f 3665/15/295 3664/15/295 3679/15/295 3680/15/295
f 3673/15/296 3672/15/296 3687/15/296 3688/15/296
f 3666/15/297 3665/15/297 3680/15/297 3681/15/297
f 3674/15/298 3673/15/298 3688/15/298 3689/15/298
f 3667/15/299 3666/15/299 3681/15/299 3682/15/299
f 3675/15/300 3674/15/300 3689/15/300 3690/15/300
f 3668/15/301 3667/15/301 3682/15/301 3683/15/301
f 3661/15/710 3630/15/710 3676/15/710
f 3856/15/711 3675/15/711 3690/15/711
f 3669/15/304 3668/15/304 3683/15/304 3684/15/304
f 3662/15/305 3661/15/305 3676/15/305 3677/15/305
f 3670/15/306 3669/15/306 3684/15/306 3685/15/306
f 3663/15/307 3662/15/307 3677/15/307 3678/15/307
f 3671/15/308 3670/15/308 3685/15/308 3686/15/308
f 3664/15/309 3663/15/309 3678/15/309 3679/15/309
f 3672/15/310 3671/15/310 3686/15/310 3687/15/310
f 3684/15/311 3683/15/311 3698/15/311 3699/15/311
f 3677/15/781 3676/15/781 3691/15/781 3692/15/781
f 3685/15/313 3684/15/313 3699/15/313 3700/15/313
f 3678/15/314 3677/15/314 3692/15/314 3693/15/314
f 3686/15/315 3685/15/315 3700/15/315 3701/15/315
f 3679/15/316 3678/15/316 3693/15/316 3694/15/316
f 3687/15/317 3686/15/317 3701/15/317 3702/15/317
f 3680/15/318 3679/15/318 3694/15/318 3695/15/318
f 3688/15/319 3687/15/319 3702/15/319 3703/15/319
f 3681/15/320 3680/15/320 3695/15/320 3696/15/320
f 3689/15/321 3688/15/321 3703/15/321 3704/15/321
f 3682/15/322 3681/15/322 3696/15/322 3697/15/322
f 3690/15/714 3689/15/714 3704/15/714 3705/15/714
f 3683/15/324 3682/15/324 3697/15/324 3698/15/324
f 3676/15/325 3630/15/325 3691/15/325
f 3856/15/326 3690/15/326 3705/15/326
f 3703/15/327 3702/15/327 3717/15/327 3718/15/327
f 3696/15/328 3695/15/328 3710/15/328 3711/15/328
f 3704/15/872 3703/15/872 3718/15/872 3719/15/872
f 3697/15/330 3696/15/330 3711/15/330 3712/15/330
f 3705/15/840 3704/15/840 3719/15/840 3720/15/840
f 3698/15/841 3697/15/841 3712/15/841 3713/15/841
f 3691/15/333 3630/15/333 3706/15/333
f 3856/15/334 3705/15/334 3720/15/334
f 3699/15/873 3698/15/873 3713/15/873 3714/15/873
f 3692/15/719 3691/15/719 3706/15/719 3707/15/719
f 3700/15/337 3699/15/337 3714/15/337 3715/15/337
f 3693/15/874 3692/15/874 3707/15/874 3708/15/874
f 3701/15/339 3700/15/339 3715/15/339 3716/15/339
f 3694/15/340 3693/15/340 3708/15/340 3709/15/340
f 3702/15/341 3701/15/341 3716/15/341 3717/15/341
f 3695/15/342 3694/15/342 3709/15/342 3710/15/342
f 3715/15/343 3714/15/343 3729/15/343 3730/15/343
f 3708/15/344 3707/15/344 3722/15/344 3723/15/344
f 3716/15/345 3715/15/345 3730/15/345 3731/15/345
f 3709/15/346 3708/15/346 3723/15/346 3724/15/346
f 3717/15/347 3716/15/347 3731/15/347 3732/15/347
f 3710/15/348 3709/15/348 3724/15/348 3725/15/348
f 3718/15/349 3717/15/349 3732/15/349 3733/15/349
f 3711/15/350 3710/15/350 3725/15/350 3726/15/350
f 3719/15/351 3718/15/351 3733/15/351 3734/15/351
f 3712/15/352 3711/15/352 3726/15/352 3727/15/352
f 3720/15/353 3719/15/353 3734/15/353 3735/15/353
f 3713/15/354 3712/15/354 3727/15/354 3728/15/354
f 3706/15/355 3630/15/355 3721/15/355
f 3856/15/356 3720/15/356 3735/15/356
f 3714/15/357 3713/15/357 3728/15/357 3729/15/357
f 3707/15/358 3706/15/358 3721/15/358 3722/15/358
f 3734/15/359 3733/15/359 3748/15/359 3749/15/359
f 3727/15/360 3726/15/360 3741/15/360 3742/15/360
f 3735/15/721 3734/15/721 3749/15/721 3750/15/721
f 3728/15/362 3727/15/362 3742/15/362 3743/15/362
f 3721/15/363 3630/15/363 3736/15/363
f 3856/15/364 3735/15/364 3750/15/364
f 3729/15/365 3728/15/365 3743/15/365 3744/15/365
f 3722/15/366 3721/15/366 3736/15/366 3737/15/366
f 3730/15/367 3729/15/367 3744/15/367 3745/15/367
f 3723/15/368 3722/15/368 3737/15/368 3738/15/368
f 3731/15/369 3730/15/369 3745/15/369 3746/15/369
f 3724/15/370 3723/15/370 3738/15/370 3739/15/370
f 3732/15/371 3731/15/371 3746/15/371 3747/15/371
f 3725/15/372 3724/15/372 3739/15/372 3740/15/372
f 3733/15/373 3732/15/373 3747/15/373 3748/15/373
f 3726/15/374 3725/15/374 3740/15/374 3741/15/374
f 3738/15/724 3737/15/724 3752/15/724 3753/15/724
f 3746/15/376 3745/15/376 3760/15/376 3761/15/376
f 3739/15/377 3738/15/377 3753/15/377 3754/15/377
f 3747/15/378 3746/15/378 3761/15/378 3762/15/378
f 3740/15/379 3739/15/379 3754/15/379 3755/15/379
f 3748/15/380 3747/15/380 3762/15/380 3763/15/380
f 3741/15/381 3740/15/381 3755/15/381 3756/15/381
f 3749/15/725 3748/15/725 3763/15/725 3764/15/725
f 3742/15/383 3741/15/383 3756/15/383 3757/15/383
f 3750/15/726 3749/15/726 3764/15/726 3765/15/726
f 3743/15/385 3742/15/385 3757/15/385 3758/15/385
f 3736/15/386 3630/15/386 3751/15/386
f 3856/15/875 3750/15/875 3765/15/875
f 3744/15/388 3743/15/388 3758/15/388 3759/15/388
f 3737/15/727 3736/15/727 3751/15/727 3752/15/727
f 3745/15/390 3744/15/390 3759/15/390 3760/15/390
f 3757/15/391 3756/15/391 3771/15/391 3772/15/391
f 3765/15/728 3764/15/728 3779/15/728 3780/15/728
f 3758/15/393 3757/15/393 3772/15/393 3773/15/393
f 3751/15/394 3630/15/394 3766/15/394
f 3856/15/395 3765/15/395 3780/15/395
f 3759/15/396 3758/15/396 3773/15/396 3774/15/396
f 3752/15/729 3751/15/729 3766/15/729 3767/15/729
f 3760/15/398 3759/15/398 3774/15/398 3775/15/398
f 3753/15/788 3752/15/788 3767/15/788 3768/15/788
f 3761/15/400 3760/15/400 3775/15/400 3776/15/400
f 3754/15/401 3753/15/401 3768/15/401 3769/15/401
f 3762/15/402 3761/15/402 3776/15/402 3777/15/402
f 3755/15/403 3754/15/403 3769/15/403 3770/15/403
f 3763/15/404 3762/15/404 3777/15/404 3778/15/404
f 3756/15/405 3755/15/405 3770/15/405 3771/15/405
f 3764/15/406 3763/15/406 3778/15/406 3779/15/406
f 3776/15/407 3775/15/407 3790/15/407 3791/15/407
f 3769/15/408 3768/15/408 3783/15/408 3784/15/408
f 3777/15/409 3776/15/409 3791/15/409 3792/15/409
f 3770/15/410 3769/15/410 3784/15/410 3785/15/410
f 3778/15/411 3777/15/411 3792/15/411 3793/15/411
f 3771/15/412 3770/15/412 3785/15/412 3786/15/412
f 3779/15/413 3778/15/413 3793/15/413 3794/15/413
f 3772/15/414 3771/15/414 3786/15/414 3787/15/414
f 3780/15/415 3779/15/415 3794/15/415 3795/15/415
f 3773/15/416 3772/15/416 3787/15/416 3788/15/416
f 3766/15/417 3630/15/417 3781/15/417
f 3856/15/732 3780/15/732 3795/15/732
f 3774/15/419 3773/15/419 3788/15/419 3789/15/419
f 3767/15/420 3766/15/420 3781/15/420 3782/15/420
f 3775/15/421 3774/15/421 3789/15/421 3790/15/421
f 3768/15/422 3767/15/422 3782/15/422 3783/15/422
f 3795/15/423 3794/15/423 3809/15/423 3810/15/423
f 3788/15/424 3787/15/424 3802/15/424 3803/15/424
f 3781/15/425 3630/15/425 3796/15/425
f 3856/15/734 3795/15/734 3810/15/734
f 3789/15/427 3788/15/427 3803/15/427 3804/15/427
f 3782/15/428 3781/15/428 3796/15/428 3797/15/428
f 3790/15/429 3789/15/429 3804/15/429 3805/15/429
f 3783/15/430 3782/15/430 3797/15/430 3798/15/430
f 3791/15/431 3790/15/431 3805/15/431 3806/15/431
f 3784/15/432 3783/15/432 3798/15/432 3799/15/432
f 3792/15/433 3791/15/433 3806/15/433 3807/15/433
f 3785/15/434 3784/15/434 3799/15/434 3800/15/434
f 3793/15/435 3792/15/435 3807/15/435 3808/15/435
f 3786/15/436 3785/15/436 3800/15/436 3801/15/436
f 3794/15/437 3793/15/437 3808/15/437 3809/15/437
f 3787/15/438 3786/15/438 3801/15/438 3802/15/438
f 3799/15/439 3798/15/439 3813/15/439 3814/15/439
f 3807/15/440 3806/15/440 3821/15/440 3822/15/440
f 3800/15/441 3799/15/441 3814/15/441 3815/15/441
f 3808/15/442 3807/15/442 3822/15/442 3823/15/442
f 3801/15/443 3800/15/443 3815/15/443 3816/15/443
f 3809/15/793 3808/15/793 3823/15/793 3824/15/793
f 3802/15/445 3801/15/445 3816/15/445 3817/15/445
f 3810/15/848 3809/15/848 3824/15/848 3825/15/848
f 3803/15/447 3802/15/447 3817/15/447 3818/15/447
f 3796/15/448 3630/15/448 3811/15/448
f 3856/15/449 3810/15/449 3825/15/449
f 3804/15/450 3803/15/450 3818/15/450 3819/15/450
f 3797/15/736 3796/15/736 3811/15/736 3812/15/736
f 3805/15/452 3804/15/452 3819/15/452 3820/15/452
f 3798/15/795 3797/15/795 3812/15/795 3813/15/795
f 3806/15/454 3805/15/454 3820/15/454 3821/15/454
f 3818/15/455 3817/15/455 3832/15/455 3833/15/455
f 3811/15/456 3630/15/456 3826/15/456
f 3856/15/876 3825/15/876 3840/15/876
f 3819/15/458 3818/15/458 3833/15/458 3834/15/458
f 3812/15/459 3811/15/459 3826/15/459 3827/15/459
f 3820/15/460 3819/15/460 3834/15/460 3835/15/460
f 3813/15/798 3812/15/798 3827/15/798 3828/15/798
f 3821/15/462 3820/15/462 3835/15/462 3836/15/462
f 3814/15/463 3813/15/463 3828/15/463 3829/15/463
f 3822/15/464 3821/15/464 3836/15/464 3837/15/464
f 3815/15/465 3814/15/465 3829/15/465 3830/15/465
f 3823/15/466 3822/15/466 3837/15/466 3838/15/466
f 3816/15/467 3815/15/467 3830/15/467 3831/15/467
f 3824/15/468 3823/15/468 3838/15/468 3839/15/468
f 3817/15/469 3816/15/469 3831/15/469 3832/15/469
f 3825/15/739 3824/15/739 3839/15/739 3840/15/739
f 3837/15/471 3836/15/471 3851/15/471 3852/15/471
f 3830/15/472 3829/15/472 3844/15/472 3845/15/472
f 3838/15/473 3837/15/473 3852/15/473 3853/15/473
f 3831/15/474 3830/15/474 3845/15/474 3846/15/474
f 3839/15/475 3838/15/475 3853/15/475 3854/15/475
f 3832/15/476 3831/15/476 3846/15/476 3847/15/476
f 3840/15/477 3839/15/477 3854/15/477 3855/15/477
f 3833/15/478 3832/15/478 3847/15/478 3848/15/478
f 3826/15/479 3630/15/479 3841/15/479
f 3856/15/480 3840/15/480 3855/15/480
f 3834/15/481 3833/15/481 3848/15/481 3849/15/481
f 3827/15/482 3826/15/482 3841/15/482 3842/15/482
f 3835/15/483 3834/15/483 3849/15/483 3850/15/483
f 3828/15/484 3827/15/484 3842/15/484 3843/15/484
f 3836/15/485 3835/15/485 3850/15/485 3851/15/485
f 3829/15/486 3828/15/486 3843/15/486 3844/15/486
f 3856/15/487 3855/15/487 3871/15/487
f 3849/15/488 3848/15/488 3864/15/488 3865/15/488
f 3842/15/489 3841/15/489 3857/15/489 3858/15/489
f 3850/15/490 3849/15/490 3865/15/490 3866/15/490
f 3843/15/491 3842/15/491 3858/15/491 3859/15/491
f 3851/15/492 3850/15/492 3866/15/492 3867/15/492
f 3844/15/493 3843/15/493 3859/15/493 3860/15/493
f 3852/15/494 3851/15/494 3867/15/494 3868/15/494
f 3845/15/495 3844/15/495 3860/15/495 3861/15/495
f 3853/15/496 3852/15/496 3868/15/496 3869/15/496
f 3846/15/497 3845/15/497 3861/15/497 3862/15/497
f 3854/15/498 3853/15/498 3869/15/498 3870/15/498
f 3847/15/499 3846/15/499 3862/15/499 3863/15/499
f 3855/15/500 3854/15/500 3870/15/500 3871/15/500
f 3848/15/501 3847/15/501 3863/15/501 3864/15/501
f 3841/15/502 3630/15/502 3857/15/502
f 3869/15/503 3868/15/503 3883/15/503 3884/15/503
f 3862/15/504 3861/15/504 3876/15/504 3877/15/504
f 3870/15/877 3869/15/877 3884/15/877 3885/15/877
f 3863/15/506 3862/15/506 3877/15/506 3878/15/506
f 3871/15/800 3870/15/800 3885/15/800 3886/15/800
f 3864/15/508 3863/15/508 3878/15/508 3879/15/508
f 3857/15/509 3630/15/509 3872/15/509
f 3856/15/510 3871/15/510 3886/15/510
f 3865/15/511 3864/15/511 3879/15/511 3880/15/511
f 3858/15/801 3857/15/801 3872/15/801 3873/15/801
f 3866/15/513 3865/15/513 3880/15/513 3881/15/513
f 3859/15/802 3858/15/802 3873/15/802 3874/15/802
f 3867/15/515 3866/15/515 3881/15/515 3882/15/515
f 3860/15/516 3859/15/516 3874/15/516 3875/15/516
f 3868/15/517 3867/15/517 3882/15/517 3883/15/517
f 3861/15/518 3860/15/518 3875/15/518 3876/15/518
f 3873/15/852 3872/15/852 3887/15/852 3888/15/852
f 3881/15/520 3880/15/520 3895/15/520 3896/15/520
f 3874/15/521 3873/15/521 3888/15/521 3889/15/521
f 3882/15/522 3881/15/522 3896/15/522 3897/15/522
f 3875/15/523 3874/15/523 3889/15/523 3890/15/523
f 3883/15/524 3882/15/524 3897/15/524 3898/15/524
f 3876/15/525 3875/15/525 3890/15/525 3891/15/525
f 3884/15/526 3883/15/526 3898/15/526 3899/15/526
f 3877/15/527 3876/15/527 3891/15/527 3892/15/527
f 3885/15/743 3884/15/743 3899/15/743 3900/15/743
f 3878/15/529 3877/15/529 3892/15/529 3893/15/529
f 3886/15/878 3885/15/878 3900/15/878 3901/15/878
f 3879/15/531 3878/15/531 3893/15/531 3894/15/531
f 3872/15/532 3630/15/532 3887/15/532
f 3856/15/533 3886/15/533 3901/15/533
f 3880/15/534 3879/15/534 3894/15/534 3895/15/534
f 3892/15/535 3891/15/535 3906/15/535 3907/15/535
f 3900/15/536 3899/15/536 3914/15/536 3915/15/536
f 3893/15/537 3892/15/537 3907/15/537 3908/15/537
f 3901/15/538 3900/15/538 3915/15/538 3916/15/538
f 3894/15/539 3893/15/539 3908/15/539 3909/15/539
f 3887/15/540 3630/15/540 3902/15/540
f 3856/15/541 3901/15/541 3916/15/541
f 3895/15/542 3894/15/542 3909/15/542 3910/15/542
f 3888/15/543 3887/15/543 3902/15/543 3903/15/543
f 3896/15/544 3895/15/544 3910/15/544 3911/15/544
f 3889/15/545 3888/15/545 3903/15/545 3904/15/545
f 3897/15/546 3896/15/546 3911/15/546 3912/15/546
f 3890/15/547 3889/15/547 3904/15/547 3905/15/547
f 3898/15/548 3897/15/548 3912/15/548 3913/15/548
f 3891/15/549 3890/15/549 3905/15/549 3906/15/549
f 3899/15/550 3898/15/550 3913/15/550 3914/15/550
f 3911/15/551 3910/15/551 3925/15/551 3926/15/551
f 3904/15/552 3903/15/552 3918/15/552 3919/15/552
f 3912/15/553 3911/15/553 3926/15/553 3927/15/553
f 3905/15/554 3904/15/554 3919/15/554 3920/15/554
f 3913/15/555 3912/15/555 3927/15/555 3928/15/555
f 3906/15/556 3905/15/556 3920/15/556 3921/15/556
f 3914/15/557 3913/15/557 3928/15/557 3929/15/557
f 3907/15/558 3906/15/558 3921/15/558 3922/15/558
f 3915/15/559 3914/15/559 3929/15/559 3930/15/559
f 3908/15/560 3907/15/560 3922/15/560 3923/15/560
f 3916/15/561 3915/15/561 3930/15/561 3931/15/561
f 3909/15/819 3908/15/819 3923/15/819 3924/15/819
f 3902/15/563 3630/15/563 3917/15/563
f 3856/15/564 3916/15/564 3931/15/564
f 3910/15/820 3909/15/820 3924/15/820 3925/15/820
f 3903/15/566 3902/15/566 3917/15/566 3918/15/566
f 3930/15/567 3929/15/567 3944/15/567 3945/15/567
f 3923/15/568 3922/15/568 3937/15/568 3938/15/568
f 3931/15/879 3930/15/879 3945/15/879 3946/15/879
f 3924/15/570 3923/15/570 3938/15/570 3939/15/570
f 3917/15/571 3630/15/571 3932/15/571
f 3856/15/572 3931/15/572 3946/15/572
f 3925/15/573 3924/15/573 3939/15/573 3940/15/573
f 3918/15/805 3917/15/805 3932/15/805 3933/15/805
f 3926/15/575 3925/15/575 3940/15/575 3941/15/575
f 3919/15/576 3918/15/576 3933/15/576 3934/15/576
f 3927/15/577 3926/15/577 3941/15/577 3942/15/577
f 3920/15/578 3919/15/578 3934/15/578 3935/15/578
f 3928/15/579 3927/15/579 3942/15/579 3943/15/579
f 3921/15/580 3920/15/580 3935/15/580 3936/15/580
f 3929/15/581 3928/15/581 3943/15/581 3944/15/581
f 3922/15/582 3921/15/582 3936/15/582 3937/15/582
f 3934/15/583 3933/15/583 3948/15/583 3949/15/583
f 3942/15/584 3941/15/584 3956/15/584 3957/15/584
f 3935/15/585 3934/15/585 3949/15/585 3950/15/585
f 3943/15/586 3942/15/586 3957/15/586 3958/15/586
f 3936/15/587 3935/15/587 3950/15/587 3951/15/587
f 3944/15/588 3943/15/588 3958/15/588 3959/15/588
f 3937/15/589 3936/15/589 3951/15/589 3952/15/589
f 3945/15/590 3944/15/590 3959/15/590 3960/15/590
f 3938/15/591 3937/15/591 3952/15/591 3953/15/591
f 3946/15/880 3945/15/880 3960/15/880 3961/15/880
f 3939/15/593 3938/15/593 3953/15/593 3954/15/593
f 3932/15/594 3630/15/594 3947/15/594
f 3856/15/595 3946/15/595 3961/15/595
f 3940/15/596 3939/15/596 3954/15/596 3955/15/596
f 3933/15/749 3932/15/749 3947/15/749 3948/15/749
f 3941/15/598 3940/15/598 3955/15/598 3956/15/598
f 3953/15/599 3952/15/599 3967/15/599 3968/15/599
f 3961/15/600 3960/15/600 3975/15/600 3976/15/600
f 3954/15/601 3953/15/601 3968/15/601 3969/15/601
f 3947/15/602 3630/15/602 3962/15/602
f 3856/15/603 3961/15/603 3976/15/603
f 3955/15/604 3954/15/604 3969/15/604 3970/15/604
f 3948/15/605 3947/15/605 3962/15/605 3963/15/605
f 3956/15/606 3955/15/606 3970/15/606 3971/15/606
f 3949/15/607 3948/15/607 3963/15/607 3964/15/607
f 3957/15/608 3956/15/608 3971/15/608 3972/15/608
f 3950/15/609 3949/15/609 3964/15/609 3965/15/609
f 3958/15/610 3957/15/610 3972/15/610 3973/15/610
f 3951/15/611 3950/15/611 3965/15/611 3966/15/611
f 3959/15/612 3958/15/612 3973/15/612 3974/15/612
f 3952/15/613 3951/15/613 3966/15/613 3967/15/613
f 3960/15/614 3959/15/614 3974/15/614 3975/15/614
f 3972/15/615 3971/15/615 3986/15/615 3987/15/615
f 3965/15/616 3964/15/616 3979/15/616 3980/15/616
f 3973/15/617 3972/15/617 3987/15/617 3988/15/617
f 3966/15/618 3965/15/618 3980/15/618 3981/15/618
f 3974/15/619 3973/15/619 3988/15/619 3989/15/619
f 3967/15/620 3966/15/620 3981/15/620 3982/15/620
f 3975/15/621 3974/15/621 3989/15/621 3990/15/621
f 3968/15/622 3967/15/622 3982/15/622 3983/15/622
f 3976/15/750 3975/15/750 3990/15/750 3991/15/750
f 3969/15/624 3968/15/624 3983/15/624 3984/15/624
f 3962/15/625 3630/15/625 3977/15/625
f 3856/15/626 3976/15/626 3991/15/626
f 3970/15/627 3969/15/627 3984/15/627 3985/15/627
f 3963/15/628 3962/15/628 3977/15/628 3978/15/628
f 3971/15/629 3970/15/629 3985/15/629 3986/15/629
f 3964/15/630 3963/15/630 3978/15/630 3979/15/630
f 3991/15/751 3990/15/751 4005/15/751 4006/15/751
f 3984/15/632 3983/15/632 3998/15/632 3999/15/632
f 3977/15/633 3630/15/633 3992/15/633
f 3856/15/881 3991/15/881 4006/15/881
f 3985/15/635 3984/15/635 3999/15/635 4000/15/635
f 3978/15/754 3977/15/754 3992/15/754 3993/15/754
f 3986/15/637 3985/15/637 4000/15/637 4001/15/637
f 3979/15/638 3978/15/638 3993/15/638 3994/15/638
f 3987/15/639 3986/15/639 4001/15/639 4002/15/639
f 3980/15/640 3979/15/640 3994/15/640 3995/15/640
f 3988/15/641 3987/15/641 4002/15/641 4003/15/641
f 3981/15/642 3980/15/642 3995/15/642 3996/15/642
f 3989/15/643 3988/15/643 4003/15/643 4004/15/643
f 3982/15/644 3981/15/644 3996/15/644 3997/15/644
f 3990/15/809 3989/15/809 4004/15/809 4005/15/809
f 3983/15/646 3982/15/646 3997/15/646 3998/15/646
f 4003/15/647 4002/15/647 4017/15/647 4018/15/647
f 3996/15/648 3995/15/648 4010/15/648 4011/15/648
f 4004/15/649 4003/15/649 4018/15/649 4019/15/649
f 3997/15/650 3996/15/650 4011/15/650 4012/15/650
f 4005/15/651 4004/15/651 4019/15/651 4020/15/651
f 3998/15/652 3997/15/652 4012/15/652 4013/15/652
f 4006/15/757 4005/15/757 4020/15/757 4021/15/757
f 3999/15/654 3998/15/654 4013/15/654 4014/15/654
f 3992/15/655 3630/15/655 4007/15/655
f 3856/15/656 4006/15/656 4021/15/656
f 4000/15/657 3999/15/657 4014/15/657 4015/15/657
f 3993/15/859 3992/15/859 4007/15/859 4008/15/859
f 4001/15/659 4000/15/659 4015/15/659 4016/15/659
f 3994/15/810 3993/15/810 4008/15/810 4009/15/810
f 4002/15/661 4001/15/661 4016/15/661 4017/15/661
f 3995/15/662 3994/15/662 4009/15/662 4010/15/662
f 4007/15/663 3630/15/663 4022/15/663
f 3856/15/762 4021/15/762 4030/15/762
f 4015/15/665 4014/15/665 3552/15/665 3553/15/665
f 4008/15/666 4007/15/666 4022/15/666 4023/15/666
f 4016/15/667 4015/15/667 3553/15/667 4026/15/667
f 4009/15/668 4008/15/668 4023/15/668 3549/15/668
f 4017/15/669 4016/15/669 4026/15/669 3554/15/669
f 4010/15/670 4009/15/670 3549/15/670 4024/15/670
f 4018/15/671 4017/15/671 3554/15/671 4027/15/671
f 4011/15/672 4010/15/672 4024/15/672 3550/15/672
f 4019/15/673 4018/15/673 4027/15/673 4028/15/673
f 4012/15/674 4011/15/674 3550/15/674 4025/15/674
f 4020/15/675 4019/15/675 4028/15/675 4029/15/675
f 4013/15/676 4012/15/676 4025/15/676 3551/15/676
f 4021/15/677 4020/15/677 4029/15/677 4030/15/677
f 4014/15/678 4013/15/678 3551/15/678 3552/15/678
f 4034/15/867 4033/15/867 4043/15/867 4044/15/867
f 4504/15/679 4112/15/679 4037/15/679
f 4338/15/169 4512/15/169 4051/15/169
f 4035/15/868 4034/15/868 4044/15/868 4045/15/868
f 4505/15/171 4504/15/171 4037/15/171 4038/15/171
f 4508/15/172 4035/15/172 4045/15/172 4046/15/172
f 4031/15/173 4505/15/173 4038/15/173 4039/15/173
f 4036/15/174 4508/15/174 4046/15/174 4047/15/174
f 4506/15/175 4031/15/175 4039/15/175 4040/15/175
f 4509/15/176 4036/15/176 4047/15/176 4048/15/176
f 4032/15/177 4506/15/177 4040/15/177 4041/15/177
f 4510/15/178 4509/15/178 4048/15/178 4049/15/178
f 4507/15/179 4032/15/179 4041/15/179 4042/15/179
f 4511/15/180 4510/15/180 4049/15/180 4050/15/180
f 4033/15/181 4507/15/181 4042/15/181 4043/15/181
f 4512/15/182 4511/15/182 4050/15/182 4051/15/182
f 4050/15/681 4049/15/681 4064/15/681 4065/15/681
f 4043/15/184 4042/15/184 4057/15/184 4058/15/184
f 4051/15/185 4050/15/185 4065/15/185 4066/15/185
f 4044/15/683 4043/15/683 4058/15/683 4059/15/683
f 4037/15/187 4112/15/187 4052/15/187
f 4338/15/188 4051/15/188 4066/15/188
f 4045/15/189 4044/15/189 4059/15/189 4060/15/189
f 4038/15/685 4037/15/685 4052/15/685 4053/15/685
f 4046/15/191 4045/15/191 4060/15/191 4061/15/191
f 4039/15/192 4038/15/192 4053/15/192 4054/15/192
f 4047/15/193 4046/15/193 4061/15/193 4062/15/193
f 4040/15/194 4039/15/194 4054/15/194 4055/15/194
f 4048/15/195 4047/15/195 4062/15/195 4063/15/195
f 4041/15/196 4040/15/196 4055/15/196 4056/15/196
f 4049/15/197 4048/15/197 4063/15/197 4064/15/197
f 4042/15/198 4041/15/198 4056/15/198 4057/15/198
f 4062/15/199 4061/15/199 4076/15/199 4077/15/199
f 4055/15/200 4054/15/200 4069/15/200 4070/15/200
f 4063/15/201 4062/15/201 4077/15/201 4078/15/201
f 4056/15/202 4055/15/202 4070/15/202 4071/15/202
f 4064/15/203 4063/15/203 4078/15/203 4079/15/203
f 4057/15/204 4056/15/204 4071/15/204 4072/15/204
f 4065/15/205 4064/15/205 4079/15/205 4080/15/205
f 4058/15/206 4057/15/206 4072/15/206 4073/15/206
f 4066/15/207 4065/15/207 4080/15/207 4081/15/207
f 4059/15/208 4058/15/208 4073/15/208 4074/15/208
f 4052/15/209 4112/15/209 4067/15/209
f 4338/15/210 4066/15/210 4081/15/210
f 4060/15/211 4059/15/211 4074/15/211 4075/15/211
f 4053/15/212 4052/15/212 4067/15/212 4068/15/212
f 4061/15/213 4060/15/213 4075/15/213 4076/15/213
f 4054/15/771 4053/15/771 4068/15/771 4069/15/771
f 4081/15/215 4080/15/215 4095/15/215 4096/15/215
f 4074/15/216 4073/15/216 4088/15/216 4089/15/216
f 4067/15/217 4112/15/217 4082/15/217
f 4338/15/772 4081/15/772 4096/15/772
f 4075/15/219 4074/15/219 4089/15/219 4090/15/219
f 4068/15/220 4067/15/220 4082/15/220 4083/15/220
f 4076/15/221 4075/15/221 4090/15/221 4091/15/221
f 4069/15/222 4068/15/222 4083/15/222 4084/15/222
f 4077/15/223 4076/15/223 4091/15/223 4092/15/223
f 4070/15/224 4069/15/224 4084/15/224 4085/15/224
f 4078/15/225 4077/15/225 4092/15/225 4093/15/225
f 4071/15/226 4070/15/226 4085/15/226 4086/15/226
f 4079/15/227 4078/15/227 4093/15/227 4094/15/227
f 4072/15/228 4071/15/228 4086/15/228 4087/15/228
f 4080/15/229 4079/15/229 4094/15/229 4095/15/229
f 4073/15/230 4072/15/230 4087/15/230 4088/15/230
f 4085/15/231 4084/15/231 4099/15/231 4100/15/231
f 4093/15/232 4092/15/232 4107/15/232 4108/15/232
f 4086/15/233 4085/15/233 4100/15/233 4101/15/233
f 4094/15/234 4093/15/234 4108/15/234 4109/15/234
f 4087/15/235 4086/15/235 4101/15/235 4102/15/235
f 4095/15/236 4094/15/236 4109/15/236 4110/15/236
f 4088/15/237 4087/15/237 4102/15/237 4103/15/237
f 4096/15/860 4095/15/860 4110/15/860 4111/15/860
f 4089/15/239 4088/15/239 4103/15/239 4104/15/239
f 4082/15/240 4112/15/240 4097/15/240
f 4338/15/241 4096/15/241 4111/15/241
f 4090/15/242 4089/15/242 4104/15/242 4105/15/242
f 4083/15/243 4082/15/243 4097/15/243 4098/15/243
f 4091/15/244 4090/15/244 4105/15/244 4106/15/244
f 4084/15/245 4083/15/245 4098/15/245 4099/15/245
f 4092/15/246 4091/15/246 4106/15/246 4107/15/246
f 4104/15/696 4103/15/696 4119/15/696 4120/15/696
f 4097/15/248 4112/15/248 4113/15/248
f 4338/15/249 4111/15/249 4127/15/249
f 4105/15/697 4104/15/697 4120/15/697 4121/15/697
f 4098/15/251 4097/15/251 4113/15/251 4114/15/251
f 4106/15/252 4105/15/252 4121/15/252 4122/15/252
f 4099/15/861 4098/15/861 4114/15/861 4115/15/861
f 4107/15/254 4106/15/254 4122/15/254 4123/15/254
f 4100/15/255 4099/15/255 4115/15/255 4116/15/255
f 4108/15/256 4107/15/256 4123/15/256 4124/15/256
f 4101/15/257 4100/15/257 4116/15/257 4117/15/257
f 4109/15/258 4108/15/258 4124/15/258 4125/15/258
f 4102/15/259 4101/15/259 4117/15/259 4118/15/259
f 4110/15/260 4109/15/260 4125/15/260 4126/15/260
f 4103/15/261 4102/15/261 4118/15/261 4119/15/261
f 4111/15/882 4110/15/882 4126/15/882 4127/15/882
f 4124/15/263 4123/15/263 4138/15/263 4139/15/263
f 4117/15/264 4116/15/264 4131/15/264 4132/15/264
f 4125/15/265 4124/15/265 4139/15/265 4140/15/265
f 4118/15/266 4117/15/266 4132/15/266 4133/15/266
f 4126/15/267 4125/15/267 4140/15/267 4141/15/267
f 4119/15/268 4118/15/268 4133/15/268 4134/15/268
f 4127/15/269 4126/15/269 4141/15/269 4142/15/269
f 4120/15/270 4119/15/270 4134/15/270 4135/15/270
f 4113/15/775 4112/15/775 4128/15/775
f 4338/15/836 4127/15/836 4142/15/836
f 4121/15/273 4120/15/273 4135/15/273 4136/15/273
f 4114/15/274 4113/15/274 4128/15/274 4129/15/274
f 4122/15/275 4121/15/275 4136/15/275 4137/15/275
f 4115/15/276 4114/15/276 4129/15/276 4130/15/276
f 4123/15/277 4122/15/277 4137/15/277 4138/15/277
f 4116/15/278 4115/15/278 4130/15/278 4131/15/278
f 4128/15/705 4112/15/705 4143/15/705
f 4338/15/706 4142/15/706 4157/15/706
f 4136/15/281 4135/15/281 4150/15/281 4151/15/281
f 4129/15/282 4128/15/282 4143/15/282 4144/15/282
f 4137/15/283 4136/15/283 4151/15/283 4152/15/283
f 4130/15/284 4129/15/284 4144/15/284 4145/15/284
f 4138/15/285 4137/15/285 4152/15/285 4153/15/285
f 4131/15/286 4130/15/286 4145/15/286 4146/15/286
f 4139/15/287 4138/15/287 4153/15/287 4154/15/287
f 4132/15/288 4131/15/288 4146/15/288 4147/15/288
f 4140/15/289 4139/15/289 4154/15/289 4155/15/289
f 4133/15/290 4132/15/290 4147/15/290 4148/15/290
f 4141/15/291 4140/15/291 4155/15/291 4156/15/291
f 4134/15/292 4133/15/292 4148/15/292 4149/15/292
f 4142/15/293 4141/15/293 4156/15/293 4157/15/293
f 4135/15/294 4134/15/294 4149/15/294 4150/15/294
f 4147/15/295 4146/15/295 4161/15/295 4162/15/295
f 4155/15/296 4154/15/296 4169/15/296 4170/15/296
f 4148/15/297 4147/15/297 4162/15/297 4163/15/297
f 4156/15/298 4155/15/298 4170/15/298 4171/15/298
f 4149/15/299 4148/15/299 4163/15/299 4164/15/299
f 4157/15/300 4156/15/300 4171/15/300 4172/15/300
f 4150/15/301 4149/15/301 4164/15/301 4165/15/301
f 4143/15/710 4112/15/710 4158/15/710
f 4338/15/711 4157/15/711 4172/15/711
f 4151/15/304 4150/15/304 4165/15/304 4166/15/304
f 4144/15/305 4143/15/305 4158/15/305 4159/15/305
f 4152/15/306 4151/15/306 4166/15/306 4167/15/306
f 4145/15/307 4144/15/307 4159/15/307 4160/15/307
f 4153/15/308 4152/15/308 4167/15/308 4168/15/308
f 4146/15/309 4145/15/309 4160/15/309 4161/15/309
f 4154/15/310 4153/15/310 4168/15/310 4169/15/310
f 4166/15/311 4165/15/311 4180/15/311 4181/15/311
f 4159/15/781 4158/15/781 4173/15/781 4174/15/781
f 4167/15/313 4166/15/313 4181/15/313 4182/15/313
f 4160/15/314 4159/15/314 4174/15/314 4175/15/314
f 4168/15/315 4167/15/315 4182/15/315 4183/15/315
f 4161/15/316 4160/15/316 4175/15/316 4176/15/316
f 4169/15/317 4168/15/317 4183/15/317 4184/15/317
f 4162/15/318 4161/15/318 4176/15/318 4177/15/318
f 4170/15/319 4169/15/319 4184/15/319 4185/15/319
f 4163/15/320 4162/15/320 4177/15/320 4178/15/320
f 4171/15/321 4170/15/321 4185/15/321 4186/15/321
f 4164/15/322 4163/15/322 4178/15/322 4179/15/322
f 4172/15/323 4171/15/323 4186/15/323 4187/15/323
f 4165/15/324 4164/15/324 4179/15/324 4180/15/324
f 4158/15/325 4112/15/325 4173/15/325
f 4338/15/326 4172/15/326 4187/15/326
f 4185/15/327 4184/15/327 4199/15/327 4200/15/327
f 4178/15/328 4177/15/328 4192/15/328 4193/15/328
f 4186/15/872 4185/15/872 4200/15/872 4201/15/872
f 4179/15/330 4178/15/330 4193/15/330 4194/15/330
f 4187/15/815 4186/15/815 4201/15/815 4202/15/815
f 4180/15/332 4179/15/332 4194/15/332 4195/15/332
f 4173/15/333 4112/15/333 4188/15/333
f 4338/15/334 4187/15/334 4202/15/334
f 4181/15/335 4180/15/335 4195/15/335 4196/15/335
f 4174/15/883 4173/15/883 4188/15/883 4189/15/883
f 4182/15/337 4181/15/337 4196/15/337 4197/15/337
f 4175/15/874 4174/15/874 4189/15/874 4190/15/874
f 4183/15/339 4182/15/339 4197/15/339 4198/15/339
f 4176/15/340 4175/15/340 4190/15/340 4191/15/340
f 4184/15/341 4183/15/341 4198/15/341 4199/15/341
f 4177/15/342 4176/15/342 4191/15/342 4192/15/342
f 4197/15/343 4196/15/343 4211/15/343 4212/15/343
f 4190/15/344 4189/15/344 4204/15/344 4205/15/344
f 4198/15/345 4197/15/345 4212/15/345 4213/15/345
f 4191/15/346 4190/15/346 4205/15/346 4206/15/346
f 4199/15/347 4198/15/347 4213/15/347 4214/15/347
f 4192/15/348 4191/15/348 4206/15/348 4207/15/348
f 4200/15/349 4199/15/349 4214/15/349 4215/15/349
f 4193/15/350 4192/15/350 4207/15/350 4208/15/350
f 4201/15/351 4200/15/351 4215/15/351 4216/15/351
f 4194/15/352 4193/15/352 4208/15/352 4209/15/352
f 4202/15/884 4201/15/884 4216/15/884 4217/15/884
f 4195/15/354 4194/15/354 4209/15/354 4210/15/354
f 4188/15/355 4112/15/355 4203/15/355
f 4338/15/356 4202/15/356 4217/15/356
f 4196/15/357 4195/15/357 4210/15/357 4211/15/357
f 4189/15/844 4188/15/844 4203/15/844 4204/15/844
f 4216/15/359 4215/15/359 4230/15/359 4231/15/359
f 4209/15/360 4208/15/360 4223/15/360 4224/15/360
f 4217/15/361 4216/15/361 4231/15/361 4232/15/361
f 4210/15/722 4209/15/722 4224/15/722 4225/15/722
f 4203/15/363 4112/15/363 4218/15/363
f 4338/15/785 4217/15/785 4232/15/785
f 4211/15/723 4210/15/723 4225/15/723 4226/15/723
f 4204/15/862 4203/15/862 4218/15/862 4219/15/862
f 4212/15/367 4211/15/367 4226/15/367 4227/15/367
f 4205/15/368 4204/15/368 4219/15/368 4220/15/368
f 4213/15/369 4212/15/369 4227/15/369 4228/15/369
f 4206/15/370 4205/15/370 4220/15/370 4221/15/370
f 4214/15/371 4213/15/371 4228/15/371 4229/15/371
f 4207/15/372 4206/15/372 4221/15/372 4222/15/372
f 4215/15/373 4214/15/373 4229/15/373 4230/15/373
f 4208/15/374 4207/15/374 4222/15/374 4223/15/374
f 4220/15/724 4219/15/724 4234/15/724 4235/15/724
f 4228/15/376 4227/15/376 4242/15/376 4243/15/376
f 4221/15/377 4220/15/377 4235/15/377 4236/15/377
f 4229/15/378 4228/15/378 4243/15/378 4244/15/378
f 4222/15/379 4221/15/379 4236/15/379 4237/15/379
f 4230/15/380 4229/15/380 4244/15/380 4245/15/380
f 4223/15/381 4222/15/381 4237/15/381 4238/15/381
f 4231/15/725 4230/15/725 4245/15/725 4246/15/725
f 4224/15/383 4223/15/383 4238/15/383 4239/15/383
f 4232/15/384 4231/15/384 4246/15/384 4247/15/384
f 4225/15/385 4224/15/385 4239/15/385 4240/15/385
f 4218/15/386 4112/15/386 4233/15/386
f 4338/15/387 4232/15/387 4247/15/387
f 4226/15/388 4225/15/388 4240/15/388 4241/15/388
f 4219/15/389 4218/15/389 4233/15/389 4234/15/389
f 4227/15/390 4226/15/390 4241/15/390 4242/15/390
f 4239/15/391 4238/15/391 4253/15/391 4254/15/391
f 4247/15/728 4246/15/728 4261/15/728 4262/15/728
f 4240/15/885 4239/15/885 4254/15/885 4255/15/885
f 4233/15/394 4112/15/394 4248/15/394
f 4338/15/395 4247/15/395 4262/15/395
f 4241/15/396 4240/15/396 4255/15/396 4256/15/396
f 4234/15/729 4233/15/729 4248/15/729 4249/15/729
f 4242/15/398 4241/15/398 4256/15/398 4257/15/398
f 4235/15/399 4234/15/399 4249/15/399 4250/15/399
f 4243/15/400 4242/15/400 4257/15/400 4258/15/400
f 4236/15/401 4235/15/401 4250/15/401 4251/15/401
f 4244/15/402 4243/15/402 4258/15/402 4259/15/402
f 4237/15/403 4236/15/403 4251/15/403 4252/15/403
f 4245/15/404 4244/15/404 4259/15/404 4260/15/404
f 4238/15/405 4237/15/405 4252/15/405 4253/15/405
f 4246/15/730 4245/15/730 4260/15/730 4261/15/730
f 4258/15/407 4257/15/407 4272/15/407 4273/15/407
f 4251/15/408 4250/15/408 4265/15/408 4266/15/408
f 4259/15/409 4258/15/409 4273/15/409 4274/15/409
f 4252/15/410 4251/15/410 4266/15/410 4267/15/410
f 4260/15/411 4259/15/411 4274/15/411 4275/15/411
f 4253/15/412 4252/15/412 4267/15/412 4268/15/412
f 4261/15/413 4260/15/413 4275/15/413 4276/15/413
f 4254/15/414 4253/15/414 4268/15/414 4269/15/414
f 4262/15/415 4261/15/415 4276/15/415 4277/15/415
f 4255/15/789 4254/15/789 4269/15/789 4270/15/789
f 4248/15/731 4112/15/731 4263/15/731
f 4338/15/418 4262/15/418 4277/15/418
f 4256/15/790 4255/15/790 4270/15/790 4271/15/790
f 4249/15/420 4248/15/420 4263/15/420 4264/15/420
f 4257/15/421 4256/15/421 4271/15/421 4272/15/421
f 4250/15/422 4249/15/422 4264/15/422 4265/15/422
f 4277/15/423 4276/15/423 4291/15/423 4292/15/423
f 4270/15/791 4269/15/791 4284/15/791 4285/15/791
f 4263/15/733 4112/15/733 4278/15/733
f 4338/15/426 4277/15/426 4292/15/426
f 4271/15/792 4270/15/792 4285/15/792 4286/15/792
f 4264/15/428 4263/15/428 4278/15/428 4279/15/428
f 4272/15/429 4271/15/429 4286/15/429 4287/15/429
f 4265/15/430 4264/15/430 4279/15/430 4280/15/430
f 4273/15/431 4272/15/431 4287/15/431 4288/15/431
f 4266/15/432 4265/15/432 4280/15/432 4281/15/432
f 4274/15/433 4273/15/433 4288/15/433 4289/15/433
f 4267/15/434 4266/15/434 4281/15/434 4282/15/434
f 4275/15/435 4274/15/435 4289/15/435 4290/15/435
f 4268/15/436 4267/15/436 4282/15/436 4283/15/436
f 4276/15/437 4275/15/437 4290/15/437 4291/15/437
f 4269/15/438 4268/15/438 4283/15/438 4284/15/438
f 4281/15/439 4280/15/439 4295/15/439 4296/15/439
f 4289/15/440 4288/15/440 4303/15/440 4304/15/440
f 4282/15/441 4281/15/441 4296/15/441 4297/15/441
f 4290/15/442 4289/15/442 4304/15/442 4305/15/442
f 4283/15/443 4282/15/443 4297/15/443 4298/15/443
f 4291/15/444 4290/15/444 4305/15/444 4306/15/444
f 4284/15/445 4283/15/445 4298/15/445 4299/15/445
f 4292/15/848 4291/15/848 4306/15/848 4307/15/848
f 4285/15/447 4284/15/447 4299/15/447 4300/15/447
f 4278/15/448 4112/15/448 4293/15/448
f 4338/15/449 4292/15/449 4307/15/449
f 4286/15/450 4285/15/450 4300/15/450 4301/15/450
f 4279/15/736 4278/15/736 4293/15/736 4294/15/736
f 4287/15/452 4286/15/452 4301/15/452 4302/15/452
f 4280/15/453 4279/15/453 4294/15/453 4295/15/453
f 4288/15/454 4287/15/454 4302/15/454 4303/15/454
f 4300/15/886 4299/15/886 4314/15/886 4315/15/886
f 4293/15/456 4112/15/456 4308/15/456
f 4338/15/457 4307/15/457 4322/15/457
f 4301/15/887 4300/15/887 4315/15/887 4316/15/887
f 4294/15/459 4293/15/459 4308/15/459 4309/15/459
f 4302/15/460 4301/15/460 4316/15/460 4317/15/460
f 4295/15/798 4294/15/798 4309/15/798 4310/15/798
f 4303/15/462 4302/15/462 4317/15/462 4318/15/462
f 4296/15/463 4295/15/463 4310/15/463 4311/15/463
f 4304/15/464 4303/15/464 4318/15/464 4319/15/464
f 4297/15/465 4296/15/465 4311/15/465 4312/15/465
f 4305/15/466 4304/15/466 4319/15/466 4320/15/466
f 4298/15/467 4297/15/467 4312/15/467 4313/15/467
f 4306/15/468 4305/15/468 4320/15/468 4321/15/468
f 4299/15/469 4298/15/469 4313/15/469 4314/15/469
f 4307/15/470 4306/15/470 4321/15/470 4322/15/470
f 4319/15/471 4318/15/471 4333/15/471 4334/15/471
f 4312/15/472 4311/15/472 4326/15/472 4327/15/472
f 4320/15/473 4319/15/473 4334/15/473 4335/15/473
f 4313/15/474 4312/15/474 4327/15/474 4328/15/474
f 4321/15/475 4320/15/475 4335/15/475 4336/15/475
f 4314/15/476 4313/15/476 4328/15/476 4329/15/476
f 4322/15/477 4321/15/477 4336/15/477 4337/15/477
f 4315/15/478 4314/15/478 4329/15/478 4330/15/478
f 4308/15/479 4112/15/479 4323/15/479
f 4338/15/799 4322/15/799 4337/15/799
f 4316/15/481 4315/15/481 4330/15/481 4331/15/481
f 4309/15/482 4308/15/482 4323/15/482 4324/15/482
f 4317/15/483 4316/15/483 4331/15/483 4332/15/483
f 4310/15/484 4309/15/484 4324/15/484 4325/15/484
f 4318/15/485 4317/15/485 4332/15/485 4333/15/485
f 4311/15/486 4310/15/486 4325/15/486 4326/15/486
f 4338/15/487 4337/15/487 4353/15/487
f 4331/15/488 4330/15/488 4346/15/488 4347/15/488
f 4324/15/489 4323/15/489 4339/15/489 4340/15/489
f 4332/15/490 4331/15/490 4347/15/490 4348/15/490
f 4325/15/491 4324/15/491 4340/15/491 4341/15/491
f 4333/15/492 4332/15/492 4348/15/492 4349/15/492
f 4326/15/493 4325/15/493 4341/15/493 4342/15/493
f 4334/15/494 4333/15/494 4349/15/494 4350/15/494
f 4327/15/495 4326/15/495 4342/15/495 4343/15/495
f 4335/15/496 4334/15/496 4350/15/496 4351/15/496
f 4328/15/497 4327/15/497 4343/15/497 4344/15/497
f 4336/15/498 4335/15/498 4351/15/498 4352/15/498
f 4329/15/499 4328/15/499 4344/15/499 4345/15/499
f 4337/15/740 4336/15/740 4352/15/740 4353/15/740
f 4330/15/501 4329/15/501 4345/15/501 4346/15/501
f 4323/15/502 4112/15/502 4339/15/502
f 4351/15/503 4350/15/503 4365/15/503 4366/15/503
f 4344/15/504 4343/15/504 4358/15/504 4359/15/504
f 4352/15/877 4351/15/877 4366/15/877 4367/15/877
f 4345/15/506 4344/15/506 4359/15/506 4360/15/506
f 4353/15/507 4352/15/507 4367/15/507 4368/15/507
f 4346/15/508 4345/15/508 4360/15/508 4361/15/508
f 4339/15/509 4112/15/509 4354/15/509
f 4338/15/510 4353/15/510 4368/15/510
f 4347/15/511 4346/15/511 4361/15/511 4362/15/511
f 4340/15/512 4339/15/512 4354/15/512 4355/15/512
f 4348/15/513 4347/15/513 4362/15/513 4363/15/513
f 4341/15/802 4340/15/802 4355/15/802 4356/15/802
f 4349/15/515 4348/15/515 4363/15/515 4364/15/515
f 4342/15/516 4341/15/516 4356/15/516 4357/15/516
f 4350/15/517 4349/15/517 4364/15/517 4365/15/517
f 4343/15/518 4342/15/518 4357/15/518 4358/15/518
f 4355/15/519 4354/15/519 4369/15/519 4370/15/519
f 4363/15/520 4362/15/520 4377/15/520 4378/15/520
f 4356/15/521 4355/15/521 4370/15/521 4371/15/521
f 4364/15/522 4363/15/522 4378/15/522 4379/15/522
f 4357/15/523 4356/15/523 4371/15/523 4372/15/523
f 4365/15/524 4364/15/524 4379/15/524 4380/15/524
f 4358/15/525 4357/15/525 4372/15/525 4373/15/525
f 4366/15/526 4365/15/526 4380/15/526 4381/15/526
f 4359/15/527 4358/15/527 4373/15/527 4374/15/527
f 4367/15/743 4366/15/743 4381/15/743 4382/15/743
f 4360/15/529 4359/15/529 4374/15/529 4375/15/529
f 4368/15/530 4367/15/530 4382/15/530 4383/15/530
f 4361/15/531 4360/15/531 4375/15/531 4376/15/531
f 4354/15/803 4112/15/803 4369/15/803
f 4338/15/853 4368/15/853 4383/15/853
f 4362/15/534 4361/15/534 4376/15/534 4377/15/534
f 4374/15/535 4373/15/535 4388/15/535 4389/15/535
f 4382/15/536 4381/15/536 4396/15/536 4397/15/536
f 4375/15/537 4374/15/537 4389/15/537 4390/15/537
f 4383/15/538 4382/15/538 4397/15/538 4398/15/538
f 4376/15/539 4375/15/539 4390/15/539 4391/15/539
f 4369/15/540 4112/15/540 4384/15/540
f 4338/15/541 4383/15/541 4398/15/541
f 4377/15/542 4376/15/542 4391/15/542 4392/15/542
f 4370/15/543 4369/15/543 4384/15/543 4385/15/543
f 4378/15/544 4377/15/544 4392/15/544 4393/15/544
f 4371/15/545 4370/15/545 4385/15/545 4386/15/545
f 4379/15/546 4378/15/546 4393/15/546 4394/15/546
f 4372/15/547 4371/15/547 4386/15/547 4387/15/547
f 4380/15/548 4379/15/548 4394/15/548 4395/15/548
f 4373/15/549 4372/15/549 4387/15/549 4388/15/549
f 4381/15/550 4380/15/550 4395/15/550 4396/15/550
f 4393/15/551 4392/15/551 4407/15/551 4408/15/551
f 4386/15/552 4385/15/552 4400/15/552 4401/15/552
f 4394/15/553 4393/15/553 4408/15/553 4409/15/553
f 4387/15/554 4386/15/554 4401/15/554 4402/15/554
f 4395/15/555 4394/15/555 4409/15/555 4410/15/555
f 4388/15/556 4387/15/556 4402/15/556 4403/15/556
f 4396/15/557 4395/15/557 4410/15/557 4411/15/557
f 4389/15/558 4388/15/558 4403/15/558 4404/15/558
f 4397/15/559 4396/15/559 4411/15/559 4412/15/559
f 4390/15/560 4389/15/560 4404/15/560 4405/15/560
f 4398/15/561 4397/15/561 4412/15/561 4413/15/561
f 4391/15/562 4390/15/562 4405/15/562 4406/15/562
f 4384/15/563 4112/15/563 4399/15/563
f 4338/15/564 4398/15/564 4413/15/564
f 4392/15/565 4391/15/565 4406/15/565 4407/15/565
f 4385/15/566 4384/15/566 4399/15/566 4400/15/566
f 4412/15/567 4411/15/567 4426/15/567 4427/15/567
f 4405/15/568 4404/15/568 4419/15/568 4420/15/568
f 4413/15/569 4412/15/569 4427/15/569 4428/15/569
f 4406/15/570 4405/15/570 4420/15/570 4421/15/570
f 4399/15/571 4112/15/571 4414/15/571
f 4338/15/854 4413/15/854 4428/15/854
f 4407/15/573 4406/15/573 4421/15/573 4422/15/573
f 4400/15/805 4399/15/805 4414/15/805 4415/15/805
f 4408/15/575 4407/15/575 4422/15/575 4423/15/575
f 4401/15/576 4400/15/576 4415/15/576 4416/15/576
f 4409/15/577 4408/15/577 4423/15/577 4424/15/577
f 4402/15/578 4401/15/578 4416/15/578 4417/15/578
f 4410/15/579 4409/15/579 4424/15/579 4425/15/579
f 4403/15/580 4402/15/580 4417/15/580 4418/15/580
f 4411/15/581 4410/15/581 4425/15/581 4426/15/581
f 4404/15/582 4403/15/582 4418/15/582 4419/15/582
f 4416/15/855 4415/15/855 4430/15/855 4431/15/855
f 4424/15/584 4423/15/584 4438/15/584 4439/15/584
f 4417/15/585 4416/15/585 4431/15/585 4432/15/585
f 4425/15/586 4424/15/586 4439/15/586 4440/15/586
f 4418/15/587 4417/15/587 4432/15/587 4433/15/587
f 4426/15/588 4425/15/588 4440/15/588 4441/15/588
f 4419/15/589 4418/15/589 4433/15/589 4434/15/589
f 4427/15/856 4426/15/856 4441/15/856 4442/15/856
f 4420/15/591 4419/15/591 4434/15/591 4435/15/591
f 4428/15/748 4427/15/748 4442/15/748 4443/15/748
f 4421/15/593 4420/15/593 4435/15/593 4436/15/593
f 4414/15/594 4112/15/594 4429/15/594
f 4338/15/595 4428/15/595 4443/15/595
f 4422/15/596 4421/15/596 4436/15/596 4437/15/596
f 4415/15/749 4414/15/749 4429/15/749 4430/15/749
f 4423/15/598 4422/15/598 4437/15/598 4438/15/598
f 4435/15/599 4434/15/599 4449/15/599 4450/15/599
f 4443/15/600 4442/15/600 4457/15/600 4458/15/600
f 4436/15/601 4435/15/601 4450/15/601 4451/15/601
f 4429/15/602 4112/15/602 4444/15/602
f 4338/15/603 4443/15/603 4458/15/603
f 4437/15/604 4436/15/604 4451/15/604 4452/15/604
f 4430/15/858 4429/15/858 4444/15/858 4445/15/858
f 4438/15/606 4437/15/606 4452/15/606 4453/15/606
f 4431/15/607 4430/15/607 4445/15/607 4446/15/607
f 4439/15/608 4438/15/608 4453/15/608 4454/15/608
f 4432/15/609 4431/15/609 4446/15/609 4447/15/609
f 4440/15/610 4439/15/610 4454/15/610 4455/15/610
f 4433/15/611 4432/15/611 4447/15/611 4448/15/611
f 4441/15/612 4440/15/612 4455/15/612 4456/15/612
f 4434/15/613 4433/15/613 4448/15/613 4449/15/613
f 4442/15/614 4441/15/614 4456/15/614 4457/15/614
f 4454/15/615 4453/15/615 4468/15/615 4469/15/615
f 4447/15/616 4446/15/616 4461/15/616 4462/15/616
f 4455/15/617 4454/15/617 4469/15/617 4470/15/617
f 4448/15/618 4447/15/618 4462/15/618 4463/15/618
f 4456/15/619 4455/15/619 4470/15/619 4471/15/619
f 4449/15/620 4448/15/620 4463/15/620 4464/15/620
f 4457/15/621 4456/15/621 4471/15/621 4472/15/621
f 4450/15/622 4449/15/622 4464/15/622 4465/15/622
f 4458/15/623 4457/15/623 4472/15/623 4473/15/623
f 4451/15/624 4450/15/624 4465/15/624 4466/15/624
f 4444/15/625 4112/15/625 4459/15/625
f 4338/15/808 4458/15/808 4473/15/808
f 4452/15/627 4451/15/627 4466/15/627 4467/15/627
f 4445/15/866 4444/15/866 4459/15/866 4460/15/866
f 4453/15/629 4452/15/629 4467/15/629 4468/15/629
f 4446/15/630 4445/15/630 4460/15/630 4461/15/630
f 4473/15/631 4472/15/631 4487/15/631 4488/15/631
f 4466/15/632 4465/15/632 4480/15/632 4481/15/632
f 4459/15/633 4112/15/633 4474/15/633
f 4338/15/634 4473/15/634 4488/15/634
f 4467/15/635 4466/15/635 4481/15/635 4482/15/635
f 4460/15/636 4459/15/636 4474/15/636 4475/15/636
f 4468/15/637 4467/15/637 4482/15/637 4483/15/637
f 4461/15/638 4460/15/638 4475/15/638 4476/15/638
f 4469/15/639 4468/15/639 4483/15/639 4484/15/639
f 4462/15/640 4461/15/640 4476/15/640 4477/15/640
f 4470/15/641 4469/15/641 4484/15/641 4485/15/641
f 4463/15/642 4462/15/642 4477/15/642 4478/15/642
f 4471/15/643 4470/15/643 4485/15/643 4486/15/643
f 4464/15/644 4463/15/644 4478/15/644 4479/15/644
f 4472/15/809 4471/15/809 4486/15/809 4487/15/809
f 4465/15/646 4464/15/646 4479/15/646 4480/15/646
f 4485/15/647 4484/15/647 4499/15/647 4500/15/647
f 4478/15/648 4477/15/648 4492/15/648 4493/15/648
f 4486/15/649 4485/15/649 4500/15/649 4501/15/649
f 4479/15/650 4478/15/650 4493/15/650 4494/15/650
f 4487/15/756 4486/15/756 4501/15/756 4502/15/756
f 4480/15/652 4479/15/652 4494/15/652 4495/15/652
f 4488/15/757 4487/15/757 4502/15/757 4503/15/757
f 4481/15/654 4480/15/654 4495/15/654 4496/15/654
f 4474/15/655 4112/15/655 4489/15/655
f 4338/15/656 4488/15/656 4503/15/656
f 4482/15/657 4481/15/657 4496/15/657 4497/15/657
f 4475/15/859 4474/15/859 4489/15/859 4490/15/859
f 4483/15/659 4482/15/659 4497/15/659 4498/15/659
f 4476/15/660 4475/15/660 4490/15/660 4491/15/660
f 4484/15/661 4483/15/661 4498/15/661 4499/15/661
f 4477/15/662 4476/15/662 4491/15/662 4492/15/662
f 4489/15/761 4112/15/761 4504/15/761
f 4338/15/664 4503/15/664 4512/15/664
f 4497/15/763 4496/15/763 4034/15/763 4035/15/763
f 4490/15/666 4489/15/666 4504/15/666 4505/15/666
f 4498/15/667 4497/15/667 4035/15/667 4508/15/667
f 4491/15/668 4490/15/668 4505/15/668 4031/15/668
f 4499/15/669 4498/15/669 4508/15/669 4036/15/669
f 4492/15/670 4491/15/670 4031/15/670 4506/15/670
f 4500/15/671 4499/15/671 4036/15/671 4509/15/671
f 4493/15/672 4492/15/672 4506/15/672 4032/15/672
f 4501/15/673 4500/15/673 4509/15/673 4510/15/673
f 4494/15/674 4493/15/674 4032/15/674 4507/15/674
f 4502/15/675 4501/15/675 4510/15/675 4511/15/675
f 4495/15/676 4494/15/676 4507/15/676 4033/15/676
f 4503/15/677 4502/15/677 4511/15/677 4512/15/677
f 4496/15/764 4495/15/764 4033/15/764 4034/15/764
f 4513/15/3 4514/15/3 4516/15/3 4515/15/3
f 4515/15/6 4516/15/6 4520/15/6 4519/15/6
f 4519/15/5 4520/15/5 4518/15/5 4517/15/5
f 4517/15/2 4518/15/2 4514/15/2 4513/15/2
f 4515/15/4 4519/15/4 4517/15/4 4513/15/4
f 4520/15/1 4516/15/1 4514/15/1 4518/15/1
f 4521/15/3 4522/15/3 4524/15/3 4523/15/3
f 4523/15/6 4524/15/6 4528/15/6 4527/15/6
f 4527/15/5 4528/15/5 4526/15/5 4525/15/5
f 4525/15/2 4526/15/2 4522/15/2 4521/15/2
f 4523/15/4 4527/15/4 4525/15/4 4521/15/4
f 4528/15/1 4524/15/1 4522/15/1 4526/15/1
f 4529/15/3 4530/15/3 4532/15/3 4531/15/3
f 4531/15/6 4532/15/6 4536/15/6 4535/15/6
f 4535/15/5 4536/15/5 4534/15/5 4533/15/5
f 4533/15/2 4534/15/2 4530/15/2 4529/15/2
f 4531/15/4 4535/15/4 4533/15/4 4529/15/4
f 4536/15/1 4532/15/1 4530/15/1 4534/15/1
f 4537/15/888 4538/15/888 4540/15/888 4539/15/888
f 4539/15/889 4540/15/889 4544/15/889 4543/15/889
f 4543/15/890 4544/15/890 4542/15/890 4541/15/890
f 4541/15/891 4542/15/891 4538/15/891 4537/15/891
f 4539/15/4 4543/15/4 4541/15/4 4537/15/4
f 4544/15/1 4540/15/1 4538/15/1 4542/15/1
f 4545/15/3 4546/15/3 4548/15/3 4547/15/3
f 4547/15/2 4548/15/2 4552/15/2 4551/15/2
f 4551/15/5 4552/15/5 4550/15/5 4549/15/5
f 4549/15/6 4550/15/6 4546/15/6 4545/15/6
f 4547/15/1 4551/15/1 4549/15/1 4545/15/1
f 4552/15/4 4548/15/4 4546/15/4 4550/15/4
f 4556/15/167 4555/15/167 4565/15/167 4566/15/167
f 5026/15/679 4634/15/679 4559/15/679
f 4860/15/680 5034/15/680 4573/15/680
f 4557/15/170 4556/15/170 4566/15/170 4567/15/170
f 5027/15/171 5026/15/171 4559/15/171 4560/15/171
f 5030/15/172 4557/15/172 4567/15/172 4568/15/172
f 4553/15/173 5027/15/173 4560/15/173 4561/15/173
f 4558/15/174 5030/15/174 4568/15/174 4569/15/174
f 5028/15/175 4553/15/175 4561/15/175 4562/15/175
f 5031/15/176 4558/15/176 4569/15/176 4570/15/176
f 4554/15/177 5028/15/177 4562/15/177 4563/15/177
f 5032/15/178 5031/15/178 4570/15/178 4571/15/178
f 5029/15/179 4554/15/179 4563/15/179 4564/15/179
f 5033/15/180 5032/15/180 4571/15/180 4572/15/180
f 4555/15/181 5029/15/181 4564/15/181 4565/15/181
f 5034/15/182 5033/15/182 4572/15/182 4573/15/182
f 4572/15/681 4571/15/681 4586/15/681 4587/15/681
f 4565/15/184 4564/15/184 4579/15/184 4580/15/184
f 4573/15/185 4572/15/185 4587/15/185 4588/15/185
f 4566/15/186 4565/15/186 4580/15/186 4581/15/186
f 4559/15/187 4634/15/187 4574/15/187
f 4860/15/188 4573/15/188 4588/15/188
f 4567/15/189 4566/15/189 4581/15/189 4582/15/189
f 4560/15/685 4559/15/685 4574/15/685 4575/15/685
f 4568/15/191 4567/15/191 4582/15/191 4583/15/191
f 4561/15/192 4560/15/192 4575/15/192 4576/15/192
f 4569/15/193 4568/15/193 4583/15/193 4584/15/193
f 4562/15/194 4561/15/194 4576/15/194 4577/15/194
f 4570/15/195 4569/15/195 4584/15/195 4585/15/195
f 4563/15/196 4562/15/196 4577/15/196 4578/15/196
f 4571/15/197 4570/15/197 4585/15/197 4586/15/197
f 4564/15/198 4563/15/198 4578/15/198 4579/15/198
f 4584/15/199 4583/15/199 4598/15/199 4599/15/199
f 4577/15/200 4576/15/200 4591/15/200 4592/15/200
f 4585/15/201 4584/15/201 4599/15/201 4600/15/201
f 4578/15/202 4577/15/202 4592/15/202 4593/15/202
f 4586/15/203 4585/15/203 4600/15/203 4601/15/203
f 4579/15/204 4578/15/204 4593/15/204 4594/15/204
f 4587/15/205 4586/15/205 4601/15/205 4602/15/205
f 4580/15/206 4579/15/206 4594/15/206 4595/15/206
f 4588/15/687 4587/15/687 4602/15/687 4603/15/687
f 4581/15/208 4580/15/208 4595/15/208 4596/15/208
f 4574/15/209 4634/15/209 4589/15/209
f 4860/15/210 4588/15/210 4603/15/210
f 4582/15/211 4581/15/211 4596/15/211 4597/15/211
f 4575/15/690 4574/15/690 4589/15/690 4590/15/690
f 4583/15/213 4582/15/213 4597/15/213 4598/15/213
f 4576/15/771 4575/15/771 4590/15/771 4591/15/771
f 4603/15/215 4602/15/215 4617/15/215 4618/15/215
f 4596/15/216 4595/15/216 4610/15/216 4611/15/216
f 4589/15/217 4634/15/217 4604/15/217
f 4860/15/218 4603/15/218 4618/15/218
f 4597/15/219 4596/15/219 4611/15/219 4612/15/219
f 4590/15/220 4589/15/220 4604/15/220 4605/15/220
f 4598/15/221 4597/15/221 4612/15/221 4613/15/221
f 4591/15/222 4590/15/222 4605/15/222 4606/15/222
f 4599/15/223 4598/15/223 4613/15/223 4614/15/223
f 4592/15/224 4591/15/224 4606/15/224 4607/15/224
f 4600/15/225 4599/15/225 4614/15/225 4615/15/225
f 4593/15/226 4592/15/226 4607/15/226 4608/15/226
f 4601/15/227 4600/15/227 4615/15/227 4616/15/227
f 4594/15/228 4593/15/228 4608/15/228 4609/15/228
f 4602/15/229 4601/15/229 4616/15/229 4617/15/229
f 4595/15/230 4594/15/230 4609/15/230 4610/15/230
f 4607/15/231 4606/15/231 4621/15/231 4622/15/231
f 4615/15/232 4614/15/232 4629/15/232 4630/15/232
f 4608/15/233 4607/15/233 4622/15/233 4623/15/233
f 4616/15/234 4615/15/234 4630/15/234 4631/15/234
f 4609/15/235 4608/15/235 4623/15/235 4624/15/235
f 4617/15/236 4616/15/236 4631/15/236 4632/15/236
f 4610/15/237 4609/15/237 4624/15/237 4625/15/237
f 4618/15/238 4617/15/238 4632/15/238 4633/15/238
f 4611/15/239 4610/15/239 4625/15/239 4626/15/239
f 4604/15/240 4634/15/240 4619/15/240
f 4860/15/241 4618/15/241 4633/15/241
f 4612/15/242 4611/15/242 4626/15/242 4627/15/242
f 4605/15/243 4604/15/243 4619/15/243 4620/15/243
f 4613/15/244 4612/15/244 4627/15/244 4628/15/244
f 4606/15/245 4605/15/245 4620/15/245 4621/15/245
f 4614/15/246 4613/15/246 4628/15/246 4629/15/246
f 4626/15/247 4625/15/247 4641/15/247 4642/15/247
f 4619/15/248 4634/15/248 4635/15/248
f 4860/15/249 4633/15/249 4649/15/249
f 4627/15/250 4626/15/250 4642/15/250 4643/15/250
f 4620/15/251 4619/15/251 4635/15/251 4636/15/251
f 4628/15/252 4627/15/252 4643/15/252 4644/15/252
f 4621/15/861 4620/15/861 4636/15/861 4637/15/861
f 4629/15/254 4628/15/254 4644/15/254 4645/15/254
f 4622/15/255 4621/15/255 4637/15/255 4638/15/255
f 4630/15/256 4629/15/256 4645/15/256 4646/15/256
f 4623/15/257 4622/15/257 4638/15/257 4639/15/257
f 4631/15/258 4630/15/258 4646/15/258 4647/15/258
f 4624/15/259 4623/15/259 4639/15/259 4640/15/259
f 4632/15/260 4631/15/260 4647/15/260 4648/15/260
f 4625/15/261 4624/15/261 4640/15/261 4641/15/261
f 4633/15/262 4632/15/262 4648/15/262 4649/15/262
f 4646/15/263 4645/15/263 4660/15/263 4661/15/263
f 4639/15/264 4638/15/264 4653/15/264 4654/15/264
f 4647/15/265 4646/15/265 4661/15/265 4662/15/265
f 4640/15/266 4639/15/266 4654/15/266 4655/15/266
f 4648/15/267 4647/15/267 4662/15/267 4663/15/267
f 4641/15/268 4640/15/268 4655/15/268 4656/15/268
f 4649/15/269 4648/15/269 4663/15/269 4664/15/269
f 4642/15/702 4641/15/702 4656/15/702 4657/15/702
f 4635/15/271 4634/15/271 4650/15/271
f 4860/15/272 4649/15/272 4664/15/272
f 4643/15/703 4642/15/703 4657/15/703 4658/15/703
f 4636/15/274 4635/15/274 4650/15/274 4651/15/274
f 4644/15/275 4643/15/275 4658/15/275 4659/15/275
f 4637/15/276 4636/15/276 4651/15/276 4652/15/276
f 4645/15/277 4644/15/277 4659/15/277 4660/15/277
f 4638/15/278 4637/15/278 4652/15/278 4653/15/278
f 4650/15/705 4634/15/705 4665/15/705
f 4860/15/706 4664/15/706 4679/15/706
f 4658/15/281 4657/15/281 4672/15/281 4673/15/281
f 4651/15/282 4650/15/282 4665/15/282 4666/15/282
f 4659/15/283 4658/15/283 4673/15/283 4674/15/283
f 4652/15/284 4651/15/284 4666/15/284 4667/15/284
f 4660/15/285 4659/15/285 4674/15/285 4675/15/285
f 4653/15/286 4652/15/286 4667/15/286 4668/15/286
f 4661/15/287 4660/15/287 4675/15/287 4676/15/287
f 4654/15/288 4653/15/288 4668/15/288 4669/15/288
f 4662/15/289 4661/15/289 4676/15/289 4677/15/289
f 4655/15/290 4654/15/290 4669/15/290 4670/15/290
f 4663/15/291 4662/15/291 4677/15/291 4678/15/291
f 4656/15/292 4655/15/292 4670/15/292 4671/15/292
f 4664/15/293 4663/15/293 4678/15/293 4679/15/293
f 4657/15/294 4656/15/294 4671/15/294 4672/15/294
f 4669/15/295 4668/15/295 4683/15/295 4684/15/295
f 4677/15/296 4676/15/296 4691/15/296 4692/15/296
f 4670/15/297 4669/15/297 4684/15/297 4685/15/297
f 4678/15/298 4677/15/298 4692/15/298 4693/15/298
f 4671/15/299 4670/15/299 4685/15/299 4686/15/299
f 4679/15/300 4678/15/300 4693/15/300 4694/15/300
f 4672/15/301 4671/15/301 4686/15/301 4687/15/301
f 4665/15/710 4634/15/710 4680/15/710
f 4860/15/711 4679/15/711 4694/15/711
f 4673/15/304 4672/15/304 4687/15/304 4688/15/304
f 4666/15/305 4665/15/305 4680/15/305 4681/15/305
f 4674/15/306 4673/15/306 4688/15/306 4689/15/306
f 4667/15/307 4666/15/307 4681/15/307 4682/15/307
f 4675/15/308 4674/15/308 4689/15/308 4690/15/308
f 4668/15/309 4667/15/309 4682/15/309 4683/15/309
f 4676/15/310 4675/15/310 4690/15/310 4691/15/310
f 4688/15/311 4687/15/311 4702/15/311 4703/15/311
f 4681/15/781 4680/15/781 4695/15/781 4696/15/781
f 4689/15/313 4688/15/313 4703/15/313 4704/15/313
f 4682/15/314 4681/15/314 4696/15/314 4697/15/314
f 4690/15/315 4689/15/315 4704/15/315 4705/15/315
f 4683/15/316 4682/15/316 4697/15/316 4698/15/316
f 4691/15/317 4690/15/317 4705/15/317 4706/15/317
f 4684/15/318 4683/15/318 4698/15/318 4699/15/318
f 4692/15/319 4691/15/319 4706/15/319 4707/15/319
f 4685/15/320 4684/15/320 4699/15/320 4700/15/320
f 4693/15/321 4692/15/321 4707/15/321 4708/15/321
f 4686/15/322 4685/15/322 4700/15/322 4701/15/322
f 4694/15/323 4693/15/323 4708/15/323 4709/15/323
f 4687/15/324 4686/15/324 4701/15/324 4702/15/324
f 4680/15/325 4634/15/325 4695/15/325
f 4860/15/326 4694/15/326 4709/15/326
f 4707/15/327 4706/15/327 4721/15/327 4722/15/327
f 4700/15/328 4699/15/328 4714/15/328 4715/15/328
f 4708/15/872 4707/15/872 4722/15/872 4723/15/872
f 4701/15/330 4700/15/330 4715/15/330 4716/15/330
f 4709/15/331 4708/15/331 4723/15/331 4724/15/331
f 4702/15/332 4701/15/332 4716/15/332 4717/15/332
f 4695/15/333 4634/15/333 4710/15/333
f 4860/15/334 4709/15/334 4724/15/334
f 4703/15/335 4702/15/335 4717/15/335 4718/15/335
f 4696/15/336 4695/15/336 4710/15/336 4711/15/336
f 4704/15/337 4703/15/337 4718/15/337 4719/15/337
f 4697/15/874 4696/15/874 4711/15/874 4712/15/874
f 4705/15/339 4704/15/339 4719/15/339 4720/15/339
f 4698/15/340 4697/15/340 4712/15/340 4713/15/340
f 4706/15/341 4705/15/341 4720/15/341 4721/15/341
f 4699/15/342 4698/15/342 4713/15/342 4714/15/342
f 4719/15/343 4718/15/343 4733/15/343 4734/15/343
f 4712/15/344 4711/15/344 4726/15/344 4727/15/344
f 4720/15/345 4719/15/345 4734/15/345 4735/15/345
f 4713/15/346 4712/15/346 4727/15/346 4728/15/346
f 4721/15/347 4720/15/347 4735/15/347 4736/15/347
f 4714/15/348 4713/15/348 4728/15/348 4729/15/348
f 4722/15/349 4721/15/349 4736/15/349 4737/15/349
f 4715/15/350 4714/15/350 4729/15/350 4730/15/350
f 4723/15/351 4722/15/351 4737/15/351 4738/15/351
f 4716/15/352 4715/15/352 4730/15/352 4731/15/352
f 4724/15/353 4723/15/353 4738/15/353 4739/15/353
f 4717/15/354 4716/15/354 4731/15/354 4732/15/354
f 4710/15/355 4634/15/355 4725/15/355
f 4860/15/356 4724/15/356 4739/15/356
f 4718/15/357 4717/15/357 4732/15/357 4733/15/357
f 4711/15/358 4710/15/358 4725/15/358 4726/15/358
f 4738/15/359 4737/15/359 4752/15/359 4753/15/359
f 4731/15/360 4730/15/360 4745/15/360 4746/15/360
f 4739/15/361 4738/15/361 4753/15/361 4754/15/361
f 4732/15/362 4731/15/362 4746/15/362 4747/15/362
f 4725/15/363 4634/15/363 4740/15/363
f 4860/15/364 4739/15/364 4754/15/364
f 4733/15/365 4732/15/365 4747/15/365 4748/15/365
f 4726/15/366 4725/15/366 4740/15/366 4741/15/366
f 4734/15/367 4733/15/367 4748/15/367 4749/15/367
f 4727/15/368 4726/15/368 4741/15/368 4742/15/368
f 4735/15/369 4734/15/369 4749/15/369 4750/15/369
f 4728/15/370 4727/15/370 4742/15/370 4743/15/370
f 4736/15/371 4735/15/371 4750/15/371 4751/15/371
f 4729/15/372 4728/15/372 4743/15/372 4744/15/372
f 4737/15/373 4736/15/373 4751/15/373 4752/15/373
f 4730/15/374 4729/15/374 4744/15/374 4745/15/374
f 4742/15/724 4741/15/724 4756/15/724 4757/15/724
f 4750/15/376 4749/15/376 4764/15/376 4765/15/376
f 4743/15/377 4742/15/377 4757/15/377 4758/15/377
f 4751/15/378 4750/15/378 4765/15/378 4766/15/378
f 4744/15/379 4743/15/379 4758/15/379 4759/15/379
f 4752/15/380 4751/15/380 4766/15/380 4767/15/380
f 4745/15/381 4744/15/381 4759/15/381 4760/15/381
f 4753/15/725 4752/15/725 4767/15/725 4768/15/725
f 4746/15/383 4745/15/383 4760/15/383 4761/15/383
f 4754/15/384 4753/15/384 4768/15/384 4769/15/384
f 4747/15/385 4746/15/385 4761/15/385 4762/15/385
f 4740/15/386 4634/15/386 4755/15/386
f 4860/15/387 4754/15/387 4769/15/387
f 4748/15/388 4747/15/388 4762/15/388 4763/15/388
f 4741/15/389 4740/15/389 4755/15/389 4756/15/389
f 4749/15/390 4748/15/390 4763/15/390 4764/15/390
f 4761/15/391 4760/15/391 4775/15/391 4776/15/391
f 4769/15/728 4768/15/728 4783/15/728 4784/15/728
f 4762/15/393 4761/15/393 4776/15/393 4777/15/393
f 4755/15/394 4634/15/394 4770/15/394
f 4860/15/395 4769/15/395 4784/15/395
f 4763/15/396 4762/15/396 4777/15/396 4778/15/396
f 4756/15/729 4755/15/729 4770/15/729 4771/15/729
f 4764/15/398 4763/15/398 4778/15/398 4779/15/398
f 4757/15/399 4756/15/399 4771/15/399 4772/15/399
f 4765/15/400 4764/15/400 4779/15/400 4780/15/400
f 4758/15/401 4757/15/401 4772/15/401 4773/15/401
f 4766/15/402 4765/15/402 4780/15/402 4781/15/402
f 4759/15/403 4758/15/403 4773/15/403 4774/15/403
f 4767/15/404 4766/15/404 4781/15/404 4782/15/404
f 4760/15/405 4759/15/405 4774/15/405 4775/15/405
f 4768/15/730 4767/15/730 4782/15/730 4783/15/730
f 4780/15/407 4779/15/407 4794/15/407 4795/15/407
f 4773/15/408 4772/15/408 4787/15/408 4788/15/408
f 4781/15/409 4780/15/409 4795/15/409 4796/15/409
f 4774/15/410 4773/15/410 4788/15/410 4789/15/410
f 4782/15/411 4781/15/411 4796/15/411 4797/15/411
f 4775/15/412 4774/15/412 4789/15/412 4790/15/412
f 4783/15/413 4782/15/413 4797/15/413 4798/15/413
f 4776/15/414 4775/15/414 4790/15/414 4791/15/414
f 4784/15/415 4783/15/415 4798/15/415 4799/15/415
f 4777/15/416 4776/15/416 4791/15/416 4792/15/416
f 4770/15/731 4634/15/731 4785/15/731
f 4860/15/418 4784/15/418 4799/15/418
f 4778/15/419 4777/15/419 4792/15/419 4793/15/419
f 4771/15/420 4770/15/420 4785/15/420 4786/15/420
f 4779/15/421 4778/15/421 4793/15/421 4794/15/421
f 4772/15/422 4771/15/422 4786/15/422 4787/15/422
f 4799/15/423 4798/15/423 4813/15/423 4814/15/423
f 4792/15/424 4791/15/424 4806/15/424 4807/15/424
f 4785/15/733 4634/15/733 4800/15/733
f 4860/15/426 4799/15/426 4814/15/426
f 4793/15/427 4792/15/427 4807/15/427 4808/15/427
f 4786/15/428 4785/15/428 4800/15/428 4801/15/428
f 4794/15/429 4793/15/429 4808/15/429 4809/15/429
f 4787/15/430 4786/15/430 4801/15/430 4802/15/430
f 4795/15/431 4794/15/431 4809/15/431 4810/15/431
f 4788/15/432 4787/15/432 4802/15/432 4803/15/432
f 4796/15/433 4795/15/433 4810/15/433 4811/15/433
f 4789/15/434 4788/15/434 4803/15/434 4804/15/434
f 4797/15/435 4796/15/435 4811/15/435 4812/15/435
f 4790/15/436 4789/15/436 4804/15/436 4805/15/436
f 4798/15/437 4797/15/437 4812/15/437 4813/15/437
f 4791/15/438 4790/15/438 4805/15/438 4806/15/438
f 4803/15/439 4802/15/439 4817/15/439 4818/15/439
f 4811/15/440 4810/15/440 4825/15/440 4826/15/440
f 4804/15/441 4803/15/441 4818/15/441 4819/15/441
f 4812/15/442 4811/15/442 4826/15/442 4827/15/442
f 4805/15/443 4804/15/443 4819/15/443 4820/15/443
f 4813/15/444 4812/15/444 4827/15/444 4828/15/444
f 4806/15/445 4805/15/445 4820/15/445 4821/15/445
f 4814/15/848 4813/15/848 4828/15/848 4829/15/848
f 4807/15/447 4806/15/447 4821/15/447 4822/15/447
f 4800/15/448 4634/15/448 4815/15/448
f 4860/15/449 4814/15/449 4829/15/449
f 4808/15/450 4807/15/450 4822/15/450 4823/15/450
f 4801/15/736 4800/15/736 4815/15/736 4816/15/736
f 4809/15/452 4808/15/452 4823/15/452 4824/15/452
f 4802/15/453 4801/15/453 4816/15/453 4817/15/453
f 4810/15/454 4809/15/454 4824/15/454 4825/15/454
f 4822/15/455 4821/15/455 4836/15/455 4837/15/455
f 4815/15/456 4634/15/456 4830/15/456
f 4860/15/457 4829/15/457 4844/15/457
f 4823/15/458 4822/15/458 4837/15/458 4838/15/458
f 4816/15/459 4815/15/459 4830/15/459 4831/15/459
f 4824/15/460 4823/15/460 4838/15/460 4839/15/460
f 4817/15/798 4816/15/798 4831/15/798 4832/15/798
f 4825/15/462 4824/15/462 4839/15/462 4840/15/462
f 4818/15/463 4817/15/463 4832/15/463 4833/15/463
f 4826/15/464 4825/15/464 4840/15/464 4841/15/464
f 4819/15/465 4818/15/465 4833/15/465 4834/15/465
f 4827/15/466 4826/15/466 4841/15/466 4842/15/466
f 4820/15/467 4819/15/467 4834/15/467 4835/15/467
f 4828/15/468 4827/15/468 4842/15/468 4843/15/468
f 4821/15/469 4820/15/469 4835/15/469 4836/15/469
f 4829/15/470 4828/15/470 4843/15/470 4844/15/470
f 4841/15/471 4840/15/471 4855/15/471 4856/15/471
f 4834/15/472 4833/15/472 4848/15/472 4849/15/472
f 4842/15/473 4841/15/473 4856/15/473 4857/15/473
f 4835/15/474 4834/15/474 4849/15/474 4850/15/474
f 4843/15/475 4842/15/475 4857/15/475 4858/15/475
f 4836/15/476 4835/15/476 4850/15/476 4851/15/476
f 4844/15/477 4843/15/477 4858/15/477 4859/15/477
f 4837/15/478 4836/15/478 4851/15/478 4852/15/478
f 4830/15/479 4634/15/479 4845/15/479
f 4860/15/480 4844/15/480 4859/15/480
f 4838/15/481 4837/15/481 4852/15/481 4853/15/481
f 4831/15/482 4830/15/482 4845/15/482 4846/15/482
f 4839/15/483 4838/15/483 4853/15/483 4854/15/483
f 4832/15/484 4831/15/484 4846/15/484 4847/15/484
f 4840/15/485 4839/15/485 4854/15/485 4855/15/485
f 4833/15/486 4832/15/486 4847/15/486 4848/15/486
f 4860/15/487 4859/15/487 4875/15/487
f 4853/15/488 4852/15/488 4868/15/488 4869/15/488
f 4846/15/489 4845/15/489 4861/15/489 4862/15/489
f 4854/15/490 4853/15/490 4869/15/490 4870/15/490
f 4847/15/491 4846/15/491 4862/15/491 4863/15/491
f 4855/15/492 4854/15/492 4870/15/492 4871/15/492
f 4848/15/493 4847/15/493 4863/15/493 4864/15/493
f 4856/15/494 4855/15/494 4871/15/494 4872/15/494
f 4849/15/495 4848/15/495 4864/15/495 4865/15/495
f 4857/15/496 4856/15/496 4872/15/496 4873/15/496
f 4850/15/497 4849/15/497 4865/15/497 4866/15/497
f 4858/15/498 4857/15/498 4873/15/498 4874/15/498
f 4851/15/499 4850/15/499 4866/15/499 4867/15/499
f 4859/15/500 4858/15/500 4874/15/500 4875/15/500
f 4852/15/501 4851/15/501 4867/15/501 4868/15/501
f 4845/15/502 4634/15/502 4861/15/502
f 4873/15/503 4872/15/503 4887/15/503 4888/15/503
f 4866/15/504 4865/15/504 4880/15/504 4881/15/504
f 4874/15/877 4873/15/877 4888/15/877 4889/15/877
f 4867/15/506 4866/15/506 4881/15/506 4882/15/506
f 4875/15/507 4874/15/507 4889/15/507 4890/15/507
f 4868/15/508 4867/15/508 4882/15/508 4883/15/508
f 4861/15/509 4634/15/509 4876/15/509
f 4860/15/510 4875/15/510 4890/15/510
f 4869/15/511 4868/15/511 4883/15/511 4884/15/511
f 4862/15/801 4861/15/801 4876/15/801 4877/15/801
f 4870/15/513 4869/15/513 4884/15/513 4885/15/513
f 4863/15/802 4862/15/802 4877/15/802 4878/15/802
f 4871/15/515 4870/15/515 4885/15/515 4886/15/515
f 4864/15/516 4863/15/516 4878/15/516 4879/15/516
f 4872/15/517 4871/15/517 4886/15/517 4887/15/517
f 4865/15/518 4864/15/518 4879/15/518 4880/15/518
f 4877/15/519 4876/15/519 4891/15/519 4892/15/519
f 4885/15/520 4884/15/520 4899/15/520 4900/15/520
f 4878/15/521 4877/15/521 4892/15/521 4893/15/521
f 4886/15/522 4885/15/522 4900/15/522 4901/15/522
f 4879/15/523 4878/15/523 4893/15/523 4894/15/523
f 4887/15/524 4886/15/524 4901/15/524 4902/15/524
f 4880/15/525 4879/15/525 4894/15/525 4895/15/525
f 4888/15/526 4887/15/526 4902/15/526 4903/15/526
f 4881/15/527 4880/15/527 4895/15/527 4896/15/527
f 4889/15/743 4888/15/743 4903/15/743 4904/15/743
f 4882/15/529 4881/15/529 4896/15/529 4897/15/529
f 4890/15/530 4889/15/530 4904/15/530 4905/15/530
f 4883/15/531 4882/15/531 4897/15/531 4898/15/531
f 4876/15/532 4634/15/532 4891/15/532
f 4860/15/533 4890/15/533 4905/15/533
f 4884/15/534 4883/15/534 4898/15/534 4899/15/534
f 4896/15/535 4895/15/535 4910/15/535 4911/15/535
f 4904/15/536 4903/15/536 4918/15/536 4919/15/536
f 4897/15/537 4896/15/537 4911/15/537 4912/15/537
f 4905/15/538 4904/15/538 4919/15/538 4920/15/538
f 4898/15/539 4897/15/539 4912/15/539 4913/15/539
f 4891/15/540 4634/15/540 4906/15/540
f 4860/15/541 4905/15/541 4920/15/541
f 4899/15/542 4898/15/542 4913/15/542 4914/15/542
f 4892/15/543 4891/15/543 4906/15/543 4907/15/543
f 4900/15/544 4899/15/544 4914/15/544 4915/15/544
f 4893/15/545 4892/15/545 4907/15/545 4908/15/545
f 4901/15/546 4900/15/546 4915/15/546 4916/15/546
f 4894/15/547 4893/15/547 4908/15/547 4909/15/547
f 4902/15/548 4901/15/548 4916/15/548 4917/15/548
f 4895/15/549 4894/15/549 4909/15/549 4910/15/549
f 4903/15/550 4902/15/550 4917/15/550 4918/15/550
f 4915/15/551 4914/15/551 4929/15/551 4930/15/551
f 4908/15/552 4907/15/552 4922/15/552 4923/15/552
f 4916/15/553 4915/15/553 4930/15/553 4931/15/553
f 4909/15/554 4908/15/554 4923/15/554 4924/15/554
f 4917/15/555 4916/15/555 4931/15/555 4932/15/555
f 4910/15/556 4909/15/556 4924/15/556 4925/15/556
f 4918/15/557 4917/15/557 4932/15/557 4933/15/557
f 4911/15/558 4910/15/558 4925/15/558 4926/15/558
f 4919/15/559 4918/15/559 4933/15/559 4934/15/559
f 4912/15/560 4911/15/560 4926/15/560 4927/15/560
f 4920/15/561 4919/15/561 4934/15/561 4935/15/561
f 4913/15/562 4912/15/562 4927/15/562 4928/15/562
f 4906/15/563 4634/15/563 4921/15/563
f 4860/15/564 4920/15/564 4935/15/564
f 4914/15/565 4913/15/565 4928/15/565 4929/15/565
f 4907/15/566 4906/15/566 4921/15/566 4922/15/566
f 4934/15/567 4933/15/567 4948/15/567 4949/15/567
f 4927/15/568 4926/15/568 4941/15/568 4942/15/568
f 4935/15/569 4934/15/569 4949/15/569 4950/15/569
f 4928/15/570 4927/15/570 4942/15/570 4943/15/570
f 4921/15/571 4634/15/571 4936/15/571
f 4860/15/572 4935/15/572 4950/15/572
f 4929/15/573 4928/15/573 4943/15/573 4944/15/573
f 4922/15/805 4921/15/805 4936/15/805 4937/15/805
f 4930/15/575 4929/15/575 4944/15/575 4945/15/575
f 4923/15/576 4922/15/576 4937/15/576 4938/15/576
f 4931/15/577 4930/15/577 4945/15/577 4946/15/577
f 4924/15/578 4923/15/578 4938/15/578 4939/15/578
f 4932/15/579 4931/15/579 4946/15/579 4947/15/579
f 4925/15/580 4924/15/580 4939/15/580 4940/15/580
f 4933/15/581 4932/15/581 4947/15/581 4948/15/581
f 4926/15/582 4925/15/582 4940/15/582 4941/15/582
f 4938/15/855 4937/15/855 4952/15/855 4953/15/855
f 4946/15/584 4945/15/584 4960/15/584 4961/15/584
f 4939/15/585 4938/15/585 4953/15/585 4954/15/585
f 4947/15/586 4946/15/586 4961/15/586 4962/15/586
f 4940/15/587 4939/15/587 4954/15/587 4955/15/587
f 4948/15/588 4947/15/588 4962/15/588 4963/15/588
f 4941/15/589 4940/15/589 4955/15/589 4956/15/589
f 4949/15/856 4948/15/856 4963/15/856 4964/15/856
f 4942/15/591 4941/15/591 4956/15/591 4957/15/591
f 4950/15/592 4949/15/592 4964/15/592 4965/15/592
f 4943/15/806 4942/15/806 4957/15/806 4958/15/806
f 4936/15/594 4634/15/594 4951/15/594
f 4860/15/595 4950/15/595 4965/15/595
f 4944/15/807 4943/15/807 4958/15/807 4959/15/807
f 4937/15/749 4936/15/749 4951/15/749 4952/15/749
f 4945/15/598 4944/15/598 4959/15/598 4960/15/598
f 4957/15/599 4956/15/599 4971/15/599 4972/15/599
f 4965/15/600 4964/15/600 4979/15/600 4980/15/600
f 4958/15/601 4957/15/601 4972/15/601 4973/15/601
f 4951/15/602 4634/15/602 4966/15/602
f 4860/15/603 4965/15/603 4980/15/603
f 4959/15/604 4958/15/604 4973/15/604 4974/15/604
f 4952/15/605 4951/15/605 4966/15/605 4967/15/605
f 4960/15/606 4959/15/606 4974/15/606 4975/15/606
f 4953/15/607 4952/15/607 4967/15/607 4968/15/607
f 4961/15/608 4960/15/608 4975/15/608 4976/15/608
f 4954/15/609 4953/15/609 4968/15/609 4969/15/609
f 4962/15/610 4961/15/610 4976/15/610 4977/15/610
f 4955/15/611 4954/15/611 4969/15/611 4970/15/611
f 4963/15/612 4962/15/612 4977/15/612 4978/15/612
f 4956/15/613 4955/15/613 4970/15/613 4971/15/613
f 4964/15/614 4963/15/614 4978/15/614 4979/15/614
f 4976/15/615 4975/15/615 4990/15/615 4991/15/615
f 4969/15/616 4968/15/616 4983/15/616 4984/15/616
f 4977/15/617 4976/15/617 4991/15/617 4992/15/617
f 4970/15/618 4969/15/618 4984/15/618 4985/15/618
f 4978/15/619 4977/15/619 4992/15/619 4993/15/619
f 4971/15/620 4970/15/620 4985/15/620 4986/15/620
f 4979/15/621 4978/15/621 4993/15/621 4994/15/621
f 4972/15/622 4971/15/622 4986/15/622 4987/15/622
f 4980/15/623 4979/15/623 4994/15/623 4995/15/623
f 4973/15/624 4972/15/624 4987/15/624 4988/15/624
f 4966/15/625 4634/15/625 4981/15/625
f 4860/15/626 4980/15/626 4995/15/626
f 4974/15/627 4973/15/627 4988/15/627 4989/15/627
f 4967/15/628 4966/15/628 4981/15/628 4982/15/628
f 4975/15/629 4974/15/629 4989/15/629 4990/15/629
f 4968/15/630 4967/15/630 4982/15/630 4983/15/630
f 4995/15/751 4994/15/751 5009/15/751 5010/15/751
f 4988/15/632 4987/15/632 5002/15/632 5003/15/632
f 4981/15/633 4634/15/633 4996/15/633
f 4860/15/634 4995/15/634 5010/15/634
f 4989/15/635 4988/15/635 5003/15/635 5004/15/635
f 4982/15/754 4981/15/754 4996/15/754 4997/15/754
f 4990/15/637 4989/15/637 5004/15/637 5005/15/637
f 4983/15/638 4982/15/638 4997/15/638 4998/15/638
f 4991/15/639 4990/15/639 5005/15/639 5006/15/639
f 4984/15/640 4983/15/640 4998/15/640 4999/15/640
f 4992/15/641 4991/15/641 5006/15/641 5007/15/641
f 4985/15/642 4984/15/642 4999/15/642 5000/15/642
f 4993/15/643 4992/15/643 5007/15/643 5008/15/643
f 4986/15/644 4985/15/644 5000/15/644 5001/15/644
f 4994/15/809 4993/15/809 5008/15/809 5009/15/809
f 4987/15/646 4986/15/646 5001/15/646 5002/15/646
f 5007/15/647 5006/15/647 5021/15/647 5022/15/647
f 5000/15/648 4999/15/648 5014/15/648 5015/15/648
f 5008/15/649 5007/15/649 5022/15/649 5023/15/649
f 5001/15/650 5000/15/650 5015/15/650 5016/15/650
f 5009/15/651 5008/15/651 5023/15/651 5024/15/651
f 5002/15/652 5001/15/652 5016/15/652 5017/15/652
f 5010/15/757 5009/15/757 5024/15/757 5025/15/757
f 5003/15/654 5002/15/654 5017/15/654 5018/15/654
f 4996/15/655 4634/15/655 5011/15/655
f 4860/15/656 5010/15/656 5025/15/656
f 5004/15/657 5003/15/657 5018/15/657 5019/15/657
f 4997/15/859 4996/15/859 5011/15/859 5012/15/859
f 5005/15/659 5004/15/659 5019/15/659 5020/15/659
f 4998/15/810 4997/15/810 5012/15/810 5013/15/810
f 5006/15/661 5005/15/661 5020/15/661 5021/15/661
f 4999/15/662 4998/15/662 5013/15/662 5014/15/662
f 5011/15/761 4634/15/761 5026/15/761
f 4860/15/664 5025/15/664 5034/15/664
f 5019/15/665 5018/15/665 4556/15/665 4557/15/665
f 5012/15/666 5011/15/666 5026/15/666 5027/15/666
f 5020/15/667 5019/15/667 4557/15/667 5030/15/667
f 5013/15/668 5012/15/668 5027/15/668 4553/15/668
f 5021/15/669 5020/15/669 5030/15/669 4558/15/669
f 5014/15/670 5013/15/670 4553/15/670 5028/15/670
f 5022/15/671 5021/15/671 4558/15/671 5031/15/671
f 5015/15/672 5014/15/672 5028/15/672 4554/15/672
f 5023/15/673 5022/15/673 5031/15/673 5032/15/673
f 5016/15/674 5015/15/674 4554/15/674 5029/15/674
f 5024/15/675 5023/15/675 5032/15/675 5033/15/675
f 5017/15/676 5016/15/676 5029/15/676 4555/15/676
f 5025/15/677 5024/15/677 5033/15/677 5034/15/677
f 5018/15/678 5017/15/678 4555/15/678 4556/15/678
f 5038/15/167 5037/15/167 5047/15/167 5048/15/167
f 5508/15/168 5116/15/168 5041/15/168
f 5342/15/680 5516/15/680 5055/15/680
f 5039/15/170 5038/15/170 5048/15/170 5049/15/170
f 5509/15/830 5508/15/830 5041/15/830 5042/15/830
f 5512/15/172 5039/15/172 5049/15/172 5050/15/172
f 5035/15/173 5509/15/173 5042/15/173 5043/15/173
f 5040/15/174 5512/15/174 5050/15/174 5051/15/174
f 5510/15/175 5035/15/175 5043/15/175 5044/15/175
f 5513/15/176 5040/15/176 5051/15/176 5052/15/176
f 5036/15/177 5510/15/177 5044/15/177 5045/15/177
f 5514/15/178 5513/15/178 5052/15/178 5053/15/178
f 5511/15/179 5036/15/179 5045/15/179 5046/15/179
f 5515/15/180 5514/15/180 5053/15/180 5054/15/180
f 5037/15/181 5511/15/181 5046/15/181 5047/15/181
f 5516/15/892 5515/15/892 5054/15/892 5055/15/892
f 5054/15/681 5053/15/681 5068/15/681 5069/15/681
f 5047/15/184 5046/15/184 5061/15/184 5062/15/184
f 5055/15/185 5054/15/185 5069/15/185 5070/15/185
f 5048/15/186 5047/15/186 5062/15/186 5063/15/186
f 5041/15/187 5116/15/187 5056/15/187
f 5342/15/188 5055/15/188 5070/15/188
f 5049/15/189 5048/15/189 5063/15/189 5064/15/189
f 5042/15/685 5041/15/685 5056/15/685 5057/15/685
f 5050/15/191 5049/15/191 5064/15/191 5065/15/191
f 5043/15/767 5042/15/767 5057/15/767 5058/15/767
f 5051/15/193 5050/15/193 5065/15/193 5066/15/193
f 5044/15/194 5043/15/194 5058/15/194 5059/15/194
f 5052/15/195 5051/15/195 5066/15/195 5067/15/195
f 5045/15/196 5044/15/196 5059/15/196 5060/15/196
f 5053/15/197 5052/15/197 5067/15/197 5068/15/197
f 5046/15/198 5045/15/198 5060/15/198 5061/15/198
f 5066/15/199 5065/15/199 5080/15/199 5081/15/199
f 5059/15/200 5058/15/200 5073/15/200 5074/15/200
f 5067/15/201 5066/15/201 5081/15/201 5082/15/201
f 5060/15/202 5059/15/202 5074/15/202 5075/15/202
f 5068/15/203 5067/15/203 5082/15/203 5083/15/203
f 5061/15/204 5060/15/204 5075/15/204 5076/15/204
f 5069/15/205 5068/15/205 5083/15/205 5084/15/205
f 5062/15/206 5061/15/206 5076/15/206 5077/15/206
f 5070/15/207 5069/15/207 5084/15/207 5085/15/207
f 5063/15/893 5062/15/893 5077/15/893 5078/15/893
f 5056/15/209 5116/15/209 5071/15/209
f 5342/15/210 5070/15/210 5085/15/210
f 5064/15/894 5063/15/894 5078/15/894 5079/15/894
f 5057/15/212 5056/15/212 5071/15/212 5072/15/212
f 5065/15/213 5064/15/213 5079/15/213 5080/15/213
f 5058/15/771 5057/15/771 5072/15/771 5073/15/771
f 5085/15/215 5084/15/215 5099/15/215 5100/15/215
f 5078/15/216 5077/15/216 5092/15/216 5093/15/216
f 5071/15/217 5116/15/217 5086/15/217
f 5342/15/218 5085/15/218 5100/15/218
f 5079/15/219 5078/15/219 5093/15/219 5094/15/219
f 5072/15/220 5071/15/220 5086/15/220 5087/15/220
f 5080/15/221 5079/15/221 5094/15/221 5095/15/221
f 5073/15/222 5072/15/222 5087/15/222 5088/15/222
f 5081/15/223 5080/15/223 5095/15/223 5096/15/223
f 5074/15/224 5073/15/224 5088/15/224 5089/15/224
f 5082/15/225 5081/15/225 5096/15/225 5097/15/225
f 5075/15/226 5074/15/226 5089/15/226 5090/15/226
f 5083/15/227 5082/15/227 5097/15/227 5098/15/227
f 5076/15/228 5075/15/228 5090/15/228 5091/15/228
f 5084/15/229 5083/15/229 5098/15/229 5099/15/229
f 5077/15/230 5076/15/230 5091/15/230 5092/15/230
f 5089/15/231 5088/15/231 5103/15/231 5104/15/231
f 5097/15/232 5096/15/232 5111/15/232 5112/15/232
f 5090/15/233 5089/15/233 5104/15/233 5105/15/233
f 5098/15/234 5097/15/234 5112/15/234 5113/15/234
f 5091/15/235 5090/15/235 5105/15/235 5106/15/235
f 5099/15/236 5098/15/236 5113/15/236 5114/15/236
f 5092/15/237 5091/15/237 5106/15/237 5107/15/237
f 5100/15/238 5099/15/238 5114/15/238 5115/15/238
f 5093/15/694 5092/15/694 5107/15/694 5108/15/694
f 5086/15/240 5116/15/240 5101/15/240
f 5342/15/241 5100/15/241 5115/15/241
f 5094/15/695 5093/15/695 5108/15/695 5109/15/695
f 5087/15/243 5086/15/243 5101/15/243 5102/15/243
f 5095/15/244 5094/15/244 5109/15/244 5110/15/244
f 5088/15/245 5087/15/245 5102/15/245 5103/15/245
f 5096/15/246 5095/15/246 5110/15/246 5111/15/246
f 5108/15/247 5107/15/247 5123/15/247 5124/15/247
f 5101/15/834 5116/15/834 5117/15/834
f 5342/15/249 5115/15/249 5131/15/249
f 5109/15/895 5108/15/895 5124/15/895 5125/15/895
f 5102/15/698 5101/15/698 5117/15/698 5118/15/698
f 5110/15/252 5109/15/252 5125/15/252 5126/15/252
f 5103/15/253 5102/15/253 5118/15/253 5119/15/253
f 5111/15/254 5110/15/254 5126/15/254 5127/15/254
f 5104/15/255 5103/15/255 5119/15/255 5120/15/255
f 5112/15/256 5111/15/256 5127/15/256 5128/15/256
f 5105/15/257 5104/15/257 5120/15/257 5121/15/257
f 5113/15/258 5112/15/258 5128/15/258 5129/15/258
f 5106/15/259 5105/15/259 5121/15/259 5122/15/259
f 5114/15/699 5113/15/699 5129/15/699 5130/15/699
f 5107/15/261 5106/15/261 5122/15/261 5123/15/261
f 5115/15/262 5114/15/262 5130/15/262 5131/15/262
f 5128/15/263 5127/15/263 5142/15/263 5143/15/263
f 5121/15/264 5120/15/264 5135/15/264 5136/15/264
f 5129/15/265 5128/15/265 5143/15/265 5144/15/265
f 5122/15/266 5121/15/266 5136/15/266 5137/15/266
f 5130/15/267 5129/15/267 5144/15/267 5145/15/267
f 5123/15/268 5122/15/268 5137/15/268 5138/15/268
f 5131/15/269 5130/15/269 5145/15/269 5146/15/269
f 5124/15/702 5123/15/702 5138/15/702 5139/15/702
f 5117/15/271 5116/15/271 5132/15/271
f 5342/15/272 5131/15/272 5146/15/272
f 5125/15/703 5124/15/703 5139/15/703 5140/15/703
f 5118/15/704 5117/15/704 5132/15/704 5133/15/704
f 5126/15/275 5125/15/275 5140/15/275 5141/15/275
f 5119/15/276 5118/15/276 5133/15/276 5134/15/276
f 5127/15/277 5126/15/277 5141/15/277 5142/15/277
f 5120/15/278 5119/15/278 5134/15/278 5135/15/278
f 5132/15/705 5116/15/705 5147/15/705
f 5342/15/706 5146/15/706 5161/15/706
f 5140/15/281 5139/15/281 5154/15/281 5155/15/281
f 5133/15/282 5132/15/282 5147/15/282 5148/15/282
f 5141/15/283 5140/15/283 5155/15/283 5156/15/283
f 5134/15/284 5133/15/284 5148/15/284 5149/15/284
f 5142/15/285 5141/15/285 5156/15/285 5157/15/285
f 5135/15/286 5134/15/286 5149/15/286 5150/15/286
f 5143/15/287 5142/15/287 5157/15/287 5158/15/287
f 5136/15/288 5135/15/288 5150/15/288 5151/15/288
f 5144/15/289 5143/15/289 5158/15/289 5159/15/289
f 5137/15/290 5136/15/290 5151/15/290 5152/15/290
f 5145/15/291 5144/15/291 5159/15/291 5160/15/291
f 5138/15/292 5137/15/292 5152/15/292 5153/15/292
f 5146/15/708 5145/15/708 5160/15/708 5161/15/708
f 5139/15/294 5138/15/294 5153/15/294 5154/15/294
f 5151/15/295 5150/15/295 5165/15/295 5166/15/295
f 5159/15/296 5158/15/296 5173/15/296 5174/15/296
f 5152/15/297 5151/15/297 5166/15/297 5167/15/297
f 5160/15/298 5159/15/298 5174/15/298 5175/15/298
f 5153/15/299 5152/15/299 5167/15/299 5168/15/299
f 5161/15/300 5160/15/300 5175/15/300 5176/15/300
f 5154/15/779 5153/15/779 5168/15/779 5169/15/779
f 5147/15/710 5116/15/710 5162/15/710
f 5342/15/711 5161/15/711 5176/15/711
f 5155/15/780 5154/15/780 5169/15/780 5170/15/780
f 5148/15/305 5147/15/305 5162/15/305 5163/15/305
f 5156/15/306 5155/15/306 5170/15/306 5171/15/306
f 5149/15/307 5148/15/307 5163/15/307 5164/15/307
f 5157/15/308 5156/15/308 5171/15/308 5172/15/308
f 5150/15/309 5149/15/309 5164/15/309 5165/15/309
f 5158/15/310 5157/15/310 5172/15/310 5173/15/310
f 5170/15/311 5169/15/311 5184/15/311 5185/15/311
f 5163/15/781 5162/15/781 5177/15/781 5178/15/781
f 5171/15/313 5170/15/313 5185/15/313 5186/15/313
f 5164/15/314 5163/15/314 5178/15/314 5179/15/314
f 5172/15/315 5171/15/315 5186/15/315 5187/15/315
f 5165/15/316 5164/15/316 5179/15/316 5180/15/316
f 5173/15/317 5172/15/317 5187/15/317 5188/15/317
f 5166/15/318 5165/15/318 5180/15/318 5181/15/318
f 5174/15/319 5173/15/319 5188/15/319 5189/15/319
f 5167/15/320 5166/15/320 5181/15/320 5182/15/320
f 5175/15/321 5174/15/321 5189/15/321 5190/15/321
f 5168/15/322 5167/15/322 5182/15/322 5183/15/322
f 5176/15/714 5175/15/714 5190/15/714 5191/15/714
f 5169/15/324 5168/15/324 5183/15/324 5184/15/324
f 5162/15/325 5116/15/325 5177/15/325
f 5342/15/326 5176/15/326 5191/15/326
f 5189/15/327 5188/15/327 5203/15/327 5204/15/327
f 5182/15/328 5181/15/328 5196/15/328 5197/15/328
f 5190/15/329 5189/15/329 5204/15/329 5205/15/329
f 5183/15/330 5182/15/330 5197/15/330 5198/15/330
f 5191/15/815 5190/15/815 5205/15/815 5206/15/815
f 5184/15/896 5183/15/896 5198/15/896 5199/15/896
f 5177/15/842 5116/15/842 5192/15/842
f 5342/15/334 5191/15/334 5206/15/334
f 5185/15/897 5184/15/897 5199/15/897 5200/15/897
f 5178/15/883 5177/15/883 5192/15/883 5193/15/883
f 5186/15/337 5185/15/337 5200/15/337 5201/15/337
f 5179/15/338 5178/15/338 5193/15/338 5194/15/338
f 5187/15/339 5186/15/339 5201/15/339 5202/15/339
f 5180/15/340 5179/15/340 5194/15/340 5195/15/340
f 5188/15/341 5187/15/341 5202/15/341 5203/15/341
f 5181/15/342 5180/15/342 5195/15/342 5196/15/342
f 5201/15/343 5200/15/343 5215/15/343 5216/15/343
f 5194/15/344 5193/15/344 5208/15/344 5209/15/344
f 5202/15/345 5201/15/345 5216/15/345 5217/15/345
f 5195/15/346 5194/15/346 5209/15/346 5210/15/346
f 5203/15/347 5202/15/347 5217/15/347 5218/15/347
f 5196/15/348 5195/15/348 5210/15/348 5211/15/348
f 5204/15/349 5203/15/349 5218/15/349 5219/15/349
f 5197/15/350 5196/15/350 5211/15/350 5212/15/350
f 5205/15/351 5204/15/351 5219/15/351 5220/15/351
f 5198/15/352 5197/15/352 5212/15/352 5213/15/352
f 5206/15/353 5205/15/353 5220/15/353 5221/15/353
f 5199/15/354 5198/15/354 5213/15/354 5214/15/354
f 5192/15/355 5116/15/355 5207/15/355
f 5342/15/356 5206/15/356 5221/15/356
f 5200/15/357 5199/15/357 5214/15/357 5215/15/357
f 5193/15/358 5192/15/358 5207/15/358 5208/15/358
f 5220/15/359 5219/15/359 5234/15/359 5235/15/359
f 5213/15/360 5212/15/360 5227/15/360 5228/15/360
f 5221/15/361 5220/15/361 5235/15/361 5236/15/361
f 5214/15/362 5213/15/362 5228/15/362 5229/15/362
f 5207/15/363 5116/15/363 5222/15/363
f 5342/15/364 5221/15/364 5236/15/364
f 5215/15/365 5214/15/365 5229/15/365 5230/15/365
f 5208/15/366 5207/15/366 5222/15/366 5223/15/366
f 5216/15/367 5215/15/367 5230/15/367 5231/15/367
f 5209/15/368 5208/15/368 5223/15/368 5224/15/368
f 5217/15/369 5216/15/369 5231/15/369 5232/15/369
f 5210/15/370 5209/15/370 5224/15/370 5225/15/370
f 5218/15/371 5217/15/371 5232/15/371 5233/15/371
f 5211/15/372 5210/15/372 5225/15/372 5226/15/372
f 5219/15/373 5218/15/373 5233/15/373 5234/15/373
f 5212/15/374 5211/15/374 5226/15/374 5227/15/374
f 5224/15/724 5223/15/724 5238/15/724 5239/15/724
f 5232/15/376 5231/15/376 5246/15/376 5247/15/376
f 5225/15/377 5224/15/377 5239/15/377 5240/15/377
f 5233/15/378 5232/15/378 5247/15/378 5248/15/378
f 5226/15/379 5225/15/379 5240/15/379 5241/15/379
f 5234/15/380 5233/15/380 5248/15/380 5249/15/380
f 5227/15/381 5226/15/381 5241/15/381 5242/15/381
f 5235/15/725 5234/15/725 5249/15/725 5250/15/725
f 5228/15/383 5227/15/383 5242/15/383 5243/15/383
f 5236/15/384 5235/15/384 5250/15/384 5251/15/384
f 5229/15/385 5228/15/385 5243/15/385 5244/15/385
f 5222/15/386 5116/15/386 5237/15/386
f 5342/15/387 5236/15/387 5251/15/387
f 5230/15/388 5229/15/388 5244/15/388 5245/15/388
f 5223/15/389 5222/15/389 5237/15/389 5238/15/389
f 5231/15/390 5230/15/390 5245/15/390 5246/15/390
f 5243/15/391 5242/15/391 5257/15/391 5258/15/391
f 5251/15/863 5250/15/863 5265/15/863 5266/15/863
f 5244/15/393 5243/15/393 5258/15/393 5259/15/393
f 5237/15/394 5116/15/394 5252/15/394
f 5342/15/395 5251/15/395 5266/15/395
f 5245/15/396 5244/15/396 5259/15/396 5260/15/396
f 5238/15/729 5237/15/729 5252/15/729 5253/15/729
f 5246/15/398 5245/15/398 5260/15/398 5261/15/398
f 5239/15/788 5238/15/788 5253/15/788 5254/15/788
f 5247/15/400 5246/15/400 5261/15/400 5262/15/400
f 5240/15/401 5239/15/401 5254/15/401 5255/15/401
f 5248/15/402 5247/15/402 5262/15/402 5263/15/402
f 5241/15/403 5240/15/403 5255/15/403 5256/15/403
f 5249/15/404 5248/15/404 5263/15/404 5264/15/404
f 5242/15/405 5241/15/405 5256/15/405 5257/15/405
f 5250/15/730 5249/15/730 5264/15/730 5265/15/730
f 5262/15/407 5261/15/407 5276/15/407 5277/15/407
f 5255/15/408 5254/15/408 5269/15/408 5270/15/408
f 5263/15/409 5262/15/409 5277/15/409 5278/15/409
f 5256/15/410 5255/15/410 5270/15/410 5271/15/410
f 5264/15/411 5263/15/411 5278/15/411 5279/15/411
f 5257/15/412 5256/15/412 5271/15/412 5272/15/412
f 5265/15/413 5264/15/413 5279/15/413 5280/15/413
f 5258/15/414 5257/15/414 5272/15/414 5273/15/414
f 5266/15/898 5265/15/898 5280/15/898 5281/15/898
f 5259/15/416 5258/15/416 5273/15/416 5274/15/416
f 5252/15/417 5116/15/417 5267/15/417
f 5342/15/732 5266/15/732 5281/15/732
f 5260/15/419 5259/15/419 5274/15/419 5275/15/419
f 5253/15/847 5252/15/847 5267/15/847 5268/15/847
f 5261/15/421 5260/15/421 5275/15/421 5276/15/421
f 5254/15/422 5253/15/422 5268/15/422 5269/15/422
f 5281/15/899 5280/15/899 5295/15/899 5296/15/899
f 5274/15/791 5273/15/791 5288/15/791 5289/15/791
f 5267/15/425 5116/15/425 5282/15/425
f 5342/15/734 5281/15/734 5296/15/734
f 5275/15/792 5274/15/792 5289/15/792 5290/15/792
f 5268/15/900 5267/15/900 5282/15/900 5283/15/900
f 5276/15/429 5275/15/429 5290/15/429 5291/15/429
f 5269/15/430 5268/15/430 5283/15/430 5284/15/430
f 5277/15/431 5276/15/431 5291/15/431 5292/15/431
f 5270/15/432 5269/15/432 5284/15/432 5285/15/432
f 5278/15/433 5277/15/433 5292/15/433 5293/15/433
f 5271/15/434 5270/15/434 5285/15/434 5286/15/434
f 5279/15/435 5278/15/435 5293/15/435 5294/15/435
f 5272/15/436 5271/15/436 5286/15/436 5287/15/436
f 5280/15/437 5279/15/437 5294/15/437 5295/15/437
f 5273/15/438 5272/15/438 5287/15/438 5288/15/438
f 5285/15/439 5284/15/439 5299/15/439 5300/15/439
f 5293/15/440 5292/15/440 5307/15/440 5308/15/440
f 5286/15/441 5285/15/441 5300/15/441 5301/15/441
f 5294/15/442 5293/15/442 5308/15/442 5309/15/442
f 5287/15/443 5286/15/443 5301/15/443 5302/15/443
f 5295/15/444 5294/15/444 5309/15/444 5310/15/444
f 5288/15/445 5287/15/445 5302/15/445 5303/15/445
f 5296/15/848 5295/15/848 5310/15/848 5311/15/848
f 5289/15/447 5288/15/447 5303/15/447 5304/15/447
f 5282/15/448 5116/15/448 5297/15/448
f 5342/15/449 5296/15/449 5311/15/449
f 5290/15/450 5289/15/450 5304/15/450 5305/15/450
f 5283/15/736 5282/15/736 5297/15/736 5298/15/736
f 5291/15/452 5290/15/452 5305/15/452 5306/15/452
f 5284/15/795 5283/15/795 5298/15/795 5299/15/795
f 5292/15/454 5291/15/454 5306/15/454 5307/15/454
f 5304/15/455 5303/15/455 5318/15/455 5319/15/455
f 5297/15/456 5116/15/456 5312/15/456
f 5342/15/457 5311/15/457 5326/15/457
f 5305/15/458 5304/15/458 5319/15/458 5320/15/458
f 5298/15/459 5297/15/459 5312/15/459 5313/15/459
f 5306/15/460 5305/15/460 5320/15/460 5321/15/460
f 5299/15/798 5298/15/798 5313/15/798 5314/15/798
f 5307/15/462 5306/15/462 5321/15/462 5322/15/462
f 5300/15/463 5299/15/463 5314/15/463 5315/15/463
f 5308/15/464 5307/15/464 5322/15/464 5323/15/464
f 5301/15/465 5300/15/465 5315/15/465 5316/15/465
f 5309/15/466 5308/15/466 5323/15/466 5324/15/466
f 5302/15/467 5301/15/467 5316/15/467 5317/15/467
f 5310/15/738 5309/15/738 5324/15/738 5325/15/738
f 5303/15/469 5302/15/469 5317/15/469 5318/15/469
f 5311/15/470 5310/15/470 5325/15/470 5326/15/470
f 5323/15/471 5322/15/471 5337/15/471 5338/15/471
f 5316/15/472 5315/15/472 5330/15/472 5331/15/472
f 5324/15/473 5323/15/473 5338/15/473 5339/15/473
f 5317/15/474 5316/15/474 5331/15/474 5332/15/474
f 5325/15/475 5324/15/475 5339/15/475 5340/15/475
f 5318/15/476 5317/15/476 5332/15/476 5333/15/476
f 5326/15/477 5325/15/477 5340/15/477 5341/15/477
f 5319/15/478 5318/15/478 5333/15/478 5334/15/478
f 5312/15/479 5116/15/479 5327/15/479
f 5342/15/480 5326/15/480 5341/15/480
f 5320/15/481 5319/15/481 5334/15/481 5335/15/481
f 5313/15/482 5312/15/482 5327/15/482 5328/15/482
f 5321/15/483 5320/15/483 5335/15/483 5336/15/483
f 5314/15/484 5313/15/484 5328/15/484 5329/15/484
f 5322/15/485 5321/15/485 5336/15/485 5337/15/485
f 5315/15/486 5314/15/486 5329/15/486 5330/15/486
f 5342/15/487 5341/15/487 5357/15/487
f 5335/15/488 5334/15/488 5350/15/488 5351/15/488
f 5328/15/489 5327/15/489 5343/15/489 5344/15/489
f 5336/15/490 5335/15/490 5351/15/490 5352/15/490
f 5329/15/491 5328/15/491 5344/15/491 5345/15/491
f 5337/15/492 5336/15/492 5352/15/492 5353/15/492
f 5330/15/493 5329/15/493 5345/15/493 5346/15/493
f 5338/15/494 5337/15/494 5353/15/494 5354/15/494
f 5331/15/495 5330/15/495 5346/15/495 5347/15/495
f 5339/15/496 5338/15/496 5354/15/496 5355/15/496
f 5332/15/497 5331/15/497 5347/15/497 5348/15/497
f 5340/15/498 5339/15/498 5355/15/498 5356/15/498
f 5333/15/499 5332/15/499 5348/15/499 5349/15/499
f 5341/15/500 5340/15/500 5356/15/500 5357/15/500
f 5334/15/501 5333/15/501 5349/15/501 5350/15/501
f 5327/15/502 5116/15/502 5343/15/502
f 5355/15/503 5354/15/503 5369/15/503 5370/15/503
f 5348/15/504 5347/15/504 5362/15/504 5363/15/504
f 5356/15/505 5355/15/505 5370/15/505 5371/15/505
f 5349/15/506 5348/15/506 5363/15/506 5364/15/506
f 5357/15/800 5356/15/800 5371/15/800 5372/15/800
f 5350/15/508 5349/15/508 5364/15/508 5365/15/508
f 5343/15/509 5116/15/509 5358/15/509
f 5342/15/510 5357/15/510 5372/15/510
f 5351/15/511 5350/15/511 5365/15/511 5366/15/511
f 5344/15/801 5343/15/801 5358/15/801 5359/15/801
f 5352/15/513 5351/15/513 5366/15/513 5367/15/513
f 5345/15/514 5344/15/514 5359/15/514 5360/15/514
f 5353/15/515 5352/15/515 5367/15/515 5368/15/515
f 5346/15/516 5345/15/516 5360/15/516 5361/15/516
f 5354/15/517 5353/15/517 5368/15/517 5369/15/517
f 5347/15/518 5346/15/518 5361/15/518 5362/15/518
f 5359/15/852 5358/15/852 5373/15/852 5374/15/852
f 5367/15/520 5366/15/520 5381/15/520 5382/15/520
f 5360/15/521 5359/15/521 5374/15/521 5375/15/521
f 5368/15/522 5367/15/522 5382/15/522 5383/15/522
f 5361/15/523 5360/15/523 5375/15/523 5376/15/523
f 5369/15/524 5368/15/524 5383/15/524 5384/15/524
f 5362/15/525 5361/15/525 5376/15/525 5377/15/525
f 5370/15/526 5369/15/526 5384/15/526 5385/15/526
f 5363/15/527 5362/15/527 5377/15/527 5378/15/527
f 5371/15/743 5370/15/743 5385/15/743 5386/15/743
f 5364/15/529 5363/15/529 5378/15/529 5379/15/529
f 5372/15/530 5371/15/530 5386/15/530 5387/15/530
f 5365/15/531 5364/15/531 5379/15/531 5380/15/531
f 5358/15/532 5116/15/532 5373/15/532
f 5342/15/533 5372/15/533 5387/15/533
f 5366/15/534 5365/15/534 5380/15/534 5381/15/534
f 5378/15/535 5377/15/535 5392/15/535 5393/15/535
f 5386/15/536 5385/15/536 5400/15/536 5401/15/536
f 5379/15/537 5378/15/537 5393/15/537 5394/15/537
f 5387/15/538 5386/15/538 5401/15/538 5402/15/538
f 5380/15/539 5379/15/539 5394/15/539 5395/15/539
f 5373/15/540 5116/15/540 5388/15/540
f 5342/15/541 5387/15/541 5402/15/541
f 5381/15/542 5380/15/542 5395/15/542 5396/15/542
f 5374/15/543 5373/15/543 5388/15/543 5389/15/543
f 5382/15/544 5381/15/544 5396/15/544 5397/15/544
f 5375/15/545 5374/15/545 5389/15/545 5390/15/545
f 5383/15/546 5382/15/546 5397/15/546 5398/15/546
f 5376/15/547 5375/15/547 5390/15/547 5391/15/547
f 5384/15/548 5383/15/548 5398/15/548 5399/15/548
f 5377/15/549 5376/15/549 5391/15/549 5392/15/549
f 5385/15/550 5384/15/550 5399/15/550 5400/15/550
f 5397/15/551 5396/15/551 5411/15/551 5412/15/551
f 5390/15/552 5389/15/552 5404/15/552 5405/15/552
f 5398/15/553 5397/15/553 5412/15/553 5413/15/553
f 5391/15/554 5390/15/554 5405/15/554 5406/15/554
f 5399/15/555 5398/15/555 5413/15/555 5414/15/555
f 5392/15/556 5391/15/556 5406/15/556 5407/15/556
f 5400/15/557 5399/15/557 5414/15/557 5415/15/557
f 5393/15/558 5392/15/558 5407/15/558 5408/15/558
f 5401/15/559 5400/15/559 5415/15/559 5416/15/559
f 5394/15/560 5393/15/560 5408/15/560 5409/15/560
f 5402/15/561 5401/15/561 5416/15/561 5417/15/561
f 5395/15/562 5394/15/562 5409/15/562 5410/15/562
f 5388/15/563 5116/15/563 5403/15/563
f 5342/15/564 5402/15/564 5417/15/564
f 5396/15/565 5395/15/565 5410/15/565 5411/15/565
f 5389/15/566 5388/15/566 5403/15/566 5404/15/566
f 5416/15/567 5415/15/567 5430/15/567 5431/15/567
f 5409/15/568 5408/15/568 5423/15/568 5424/15/568
f 5417/15/879 5416/15/879 5431/15/879 5432/15/879
f 5410/15/570 5409/15/570 5424/15/570 5425/15/570
f 5403/15/571 5116/15/571 5418/15/571
f 5342/15/572 5417/15/572 5432/15/572
f 5411/15/573 5410/15/573 5425/15/573 5426/15/573
f 5404/15/574 5403/15/574 5418/15/574 5419/15/574
f 5412/15/575 5411/15/575 5426/15/575 5427/15/575
f 5405/15/576 5404/15/576 5419/15/576 5420/15/576
f 5413/15/577 5412/15/577 5427/15/577 5428/15/577
f 5406/15/578 5405/15/578 5420/15/578 5421/15/578
f 5414/15/579 5413/15/579 5428/15/579 5429/15/579
f 5407/15/580 5406/15/580 5421/15/580 5422/15/580
f 5415/15/581 5414/15/581 5429/15/581 5430/15/581
f 5408/15/582 5407/15/582 5422/15/582 5423/15/582
f 5420/15/583 5419/15/583 5434/15/583 5435/15/583
f 5428/15/584 5427/15/584 5442/15/584 5443/15/584
f 5421/15/585 5420/15/585 5435/15/585 5436/15/585
f 5429/15/586 5428/15/586 5443/15/586 5444/15/586
f 5422/15/587 5421/15/587 5436/15/587 5437/15/587
f 5430/15/588 5429/15/588 5444/15/588 5445/15/588
f 5423/15/589 5422/15/589 5437/15/589 5438/15/589
f 5431/15/590 5430/15/590 5445/15/590 5446/15/590
f 5424/15/591 5423/15/591 5438/15/591 5439/15/591
f 5432/15/592 5431/15/592 5446/15/592 5447/15/592
f 5425/15/593 5424/15/593 5439/15/593 5440/15/593
f 5418/15/594 5116/15/594 5433/15/594
f 5342/15/595 5432/15/595 5447/15/595
f 5426/15/596 5425/15/596 5440/15/596 5441/15/596
f 5419/15/749 5418/15/749 5433/15/749 5434/15/749
f 5427/15/598 5426/15/598 5441/15/598 5442/15/598
f 5439/15/599 5438/15/599 5453/15/599 5454/15/599
f 5447/15/600 5446/15/600 5461/15/600 5462/15/600
f 5440/15/601 5439/15/601 5454/15/601 5455/15/601
f 5433/15/602 5116/15/602 5448/15/602
f 5342/15/603 5447/15/603 5462/15/603
f 5441/15/604 5440/15/604 5455/15/604 5456/15/604
f 5434/15/605 5433/15/605 5448/15/605 5449/15/605
f 5442/15/606 5441/15/606 5456/15/606 5457/15/606
f 5435/15/607 5434/15/607 5449/15/607 5450/15/607
f 5443/15/608 5442/15/608 5457/15/608 5458/15/608
f 5436/15/609 5435/15/609 5450/15/609 5451/15/609
f 5444/15/610 5443/15/610 5458/15/610 5459/15/610
f 5437/15/611 5436/15/611 5451/15/611 5452/15/611
f 5445/15/612 5444/15/612 5459/15/612 5460/15/612
f 5438/15/613 5437/15/613 5452/15/613 5453/15/613
f 5446/15/614 5445/15/614 5460/15/614 5461/15/614
f 5458/15/615 5457/15/615 5472/15/615 5473/15/615
f 5451/15/616 5450/15/616 5465/15/616 5466/15/616
f 5459/15/617 5458/15/617 5473/15/617 5474/15/617
f 5452/15/618 5451/15/618 5466/15/618 5467/15/618
f 5460/15/619 5459/15/619 5474/15/619 5475/15/619
f 5453/15/620 5452/15/620 5467/15/620 5468/15/620
f 5461/15/621 5460/15/621 5475/15/621 5476/15/621
f 5454/15/622 5453/15/622 5468/15/622 5469/15/622
f 5462/15/623 5461/15/623 5476/15/623 5477/15/623
f 5455/15/624 5454/15/624 5469/15/624 5470/15/624
f 5448/15/625 5116/15/625 5463/15/625
f 5342/15/626 5462/15/626 5477/15/626
f 5456/15/627 5455/15/627 5470/15/627 5471/15/627
f 5449/15/628 5448/15/628 5463/15/628 5464/15/628
f 5457/15/629 5456/15/629 5471/15/629 5472/15/629
f 5450/15/630 5449/15/630 5464/15/630 5465/15/630
f 5477/15/631 5476/15/631 5491/15/631 5492/15/631
f 5470/15/632 5469/15/632 5484/15/632 5485/15/632
f 5463/15/633 5116/15/633 5478/15/633
f 5342/15/634 5477/15/634 5492/15/634
f 5471/15/635 5470/15/635 5485/15/635 5486/15/635
f 5464/15/636 5463/15/636 5478/15/636 5479/15/636
f 5472/15/637 5471/15/637 5486/15/637 5487/15/637
f 5465/15/638 5464/15/638 5479/15/638 5480/15/638
f 5473/15/639 5472/15/639 5487/15/639 5488/15/639
f 5466/15/640 5465/15/640 5480/15/640 5481/15/640
f 5474/15/641 5473/15/641 5488/15/641 5489/15/641
f 5467/15/642 5466/15/642 5481/15/642 5482/15/642
f 5475/15/643 5474/15/643 5489/15/643 5490/15/643
f 5468/15/644 5467/15/644 5482/15/644 5483/15/644
f 5476/15/645 5475/15/645 5490/15/645 5491/15/645
f 5469/15/646 5468/15/646 5483/15/646 5484/15/646
f 5489/15/647 5488/15/647 5503/15/647 5504/15/647
f 5482/15/648 5481/15/648 5496/15/648 5497/15/648
f 5490/15/649 5489/15/649 5504/15/649 5505/15/649
f 5483/15/650 5482/15/650 5497/15/650 5498/15/650
f 5491/15/651 5490/15/651 5505/15/651 5506/15/651
f 5484/15/652 5483/15/652 5498/15/652 5499/15/652
f 5492/15/757 5491/15/757 5506/15/757 5507/15/757
f 5485/15/654 5484/15/654 5499/15/654 5500/15/654
f 5478/15/655 5116/15/655 5493/15/655
f 5342/15/656 5492/15/656 5507/15/656
f 5486/15/657 5485/15/657 5500/15/657 5501/15/657
f 5479/15/859 5478/15/859 5493/15/859 5494/15/859
f 5487/15/659 5486/15/659 5501/15/659 5502/15/659
f 5480/15/810 5479/15/810 5494/15/810 5495/15/810
f 5488/15/661 5487/15/661 5502/15/661 5503/15/661
f 5481/15/662 5480/15/662 5495/15/662 5496/15/662
f 5493/15/663 5116/15/663 5508/15/663
f 5342/15/762 5507/15/762 5516/15/762
f 5501/15/665 5500/15/665 5038/15/665 5039/15/665
f 5494/15/901 5493/15/901 5508/15/901 5509/15/901
f 5502/15/667 5501/15/667 5039/15/667 5512/15/667
f 5495/15/668 5494/15/668 5509/15/668 5035/15/668
f 5503/15/669 5502/15/669 5512/15/669 5040/15/669
f 5496/15/670 5495/15/670 5035/15/670 5510/15/670
f 5504/15/671 5503/15/671 5040/15/671 5513/15/671
f 5497/15/672 5496/15/672 5510/15/672 5036/15/672
f 5505/15/673 5504/15/673 5513/15/673 5514/15/673
f 5498/15/674 5497/15/674 5036/15/674 5511/15/674
f 5506/15/675 5505/15/675 5514/15/675 5515/15/675
f 5499/15/676 5498/15/676 5511/15/676 5037/15/676
f 5507/15/902 5506/15/902 5515/15/902 5516/15/902
f 5500/15/678 5499/15/678 5037/15/678 5038/15/678
f 5520/15/167 5519/15/167 5529/15/167 5530/15/167
f 5990/15/679 5598/15/679 5523/15/679
f 5824/15/680 5998/15/680 5537/15/680
f 5521/15/170 5520/15/170 5530/15/170 5531/15/170
f 5991/15/171 5990/15/171 5523/15/171 5524/15/171
f 5994/15/172 5521/15/172 5531/15/172 5532/15/172
f 5517/15/173 5991/15/173 5524/15/173 5525/15/173
f 5522/15/174 5994/15/174 5532/15/174 5533/15/174
f 5992/15/175 5517/15/175 5525/15/175 5526/15/175
f 5995/15/176 5522/15/176 5533/15/176 5534/15/176
f 5518/15/177 5992/15/177 5526/15/177 5527/15/177
f 5996/15/178 5995/15/178 5534/15/178 5535/15/178
f 5993/15/179 5518/15/179 5527/15/179 5528/15/179
f 5997/15/180 5996/15/180 5535/15/180 5536/15/180
f 5519/15/181 5993/15/181 5528/15/181 5529/15/181
f 5998/15/182 5997/15/182 5536/15/182 5537/15/182
f 5536/15/183 5535/15/183 5550/15/183 5551/15/183
f 5529/15/184 5528/15/184 5543/15/184 5544/15/184
f 5537/15/185 5536/15/185 5551/15/185 5552/15/185
f 5530/15/186 5529/15/186 5544/15/186 5545/15/186
f 5523/15/187 5598/15/187 5538/15/187
f 5824/15/188 5537/15/188 5552/15/188
f 5531/15/189 5530/15/189 5545/15/189 5546/15/189
f 5524/15/685 5523/15/685 5538/15/685 5539/15/685
f 5532/15/191 5531/15/191 5546/15/191 5547/15/191
f 5525/15/192 5524/15/192 5539/15/192 5540/15/192
f 5533/15/193 5532/15/193 5547/15/193 5548/15/193
f 5526/15/194 5525/15/194 5540/15/194 5541/15/194
f 5534/15/195 5533/15/195 5548/15/195 5549/15/195
f 5527/15/196 5526/15/196 5541/15/196 5542/15/196
f 5535/15/197 5534/15/197 5549/15/197 5550/15/197
f 5528/15/198 5527/15/198 5542/15/198 5543/15/198
f 5548/15/199 5547/15/199 5562/15/199 5563/15/199
f 5541/15/200 5540/15/200 5555/15/200 5556/15/200
f 5549/15/201 5548/15/201 5563/15/201 5564/15/201
f 5542/15/202 5541/15/202 5556/15/202 5557/15/202
f 5550/15/203 5549/15/203 5564/15/203 5565/15/203
f 5543/15/204 5542/15/204 5557/15/204 5558/15/204
f 5551/15/205 5550/15/205 5565/15/205 5566/15/205
f 5544/15/206 5543/15/206 5558/15/206 5559/15/206
f 5552/15/207 5551/15/207 5566/15/207 5567/15/207
f 5545/15/688 5544/15/688 5559/15/688 5560/15/688
f 5538/15/209 5598/15/209 5553/15/209
f 5824/15/210 5552/15/210 5567/15/210
f 5546/15/689 5545/15/689 5560/15/689 5561/15/689
f 5539/15/690 5538/15/690 5553/15/690 5554/15/690
f 5547/15/213 5546/15/213 5561/15/213 5562/15/213
f 5540/15/771 5539/15/771 5554/15/771 5555/15/771
f 5567/15/215 5566/15/215 5581/15/215 5582/15/215
f 5560/15/691 5559/15/691 5574/15/691 5575/15/691
f 5553/15/217 5598/15/217 5568/15/217
f 5824/15/218 5567/15/218 5582/15/218
f 5561/15/692 5560/15/692 5575/15/692 5576/15/692
f 5554/15/220 5553/15/220 5568/15/220 5569/15/220
f 5562/15/221 5561/15/221 5576/15/221 5577/15/221
f 5555/15/222 5554/15/222 5569/15/222 5570/15/222
f 5563/15/223 5562/15/223 5577/15/223 5578/15/223
f 5556/15/224 5555/15/224 5570/15/224 5571/15/224
f 5564/15/225 5563/15/225 5578/15/225 5579/15/225
f 5557/15/226 5556/15/226 5571/15/226 5572/15/226
f 5565/15/227 5564/15/227 5579/15/227 5580/15/227
f 5558/15/228 5557/15/228 5572/15/228 5573/15/228
f 5566/15/229 5565/15/229 5580/15/229 5581/15/229
f 5559/15/230 5558/15/230 5573/15/230 5574/15/230
f 5571/15/231 5570/15/231 5585/15/231 5586/15/231
f 5579/15/232 5578/15/232 5593/15/232 5594/15/232
f 5572/15/233 5571/15/233 5586/15/233 5587/15/233
f 5580/15/234 5579/15/234 5594/15/234 5595/15/234
f 5573/15/235 5572/15/235 5587/15/235 5588/15/235
f 5581/15/236 5580/15/236 5595/15/236 5596/15/236
f 5574/15/237 5573/15/237 5588/15/237 5589/15/237
f 5582/15/238 5581/15/238 5596/15/238 5597/15/238
f 5575/15/239 5574/15/239 5589/15/239 5590/15/239
f 5568/15/903 5598/15/903 5583/15/903
f 5824/15/241 5582/15/241 5597/15/241
f 5576/15/242 5575/15/242 5590/15/242 5591/15/242
f 5569/15/243 5568/15/243 5583/15/243 5584/15/243
f 5577/15/244 5576/15/244 5591/15/244 5592/15/244
f 5570/15/245 5569/15/245 5584/15/245 5585/15/245
f 5578/15/246 5577/15/246 5592/15/246 5593/15/246
f 5590/15/247 5589/15/247 5605/15/247 5606/15/247
f 5583/15/834 5598/15/834 5599/15/834
f 5824/15/249 5597/15/249 5613/15/249
f 5591/15/250 5590/15/250 5606/15/250 5607/15/250
f 5584/15/251 5583/15/251 5599/15/251 5600/15/251
f 5592/15/252 5591/15/252 5607/15/252 5608/15/252
f 5585/15/253 5584/15/253 5600/15/253 5601/15/253
f 5593/15/254 5592/15/254 5608/15/254 5609/15/254
f 5586/15/255 5585/15/255 5601/15/255 5602/15/255
f 5594/15/256 5593/15/256 5609/15/256 5610/15/256
f 5587/15/257 5586/15/257 5602/15/257 5603/15/257
f 5595/15/258 5594/15/258 5610/15/258 5611/15/258
f 5588/15/259 5587/15/259 5603/15/259 5604/15/259
f 5596/15/699 5595/15/699 5611/15/699 5612/15/699
f 5589/15/261 5588/15/261 5604/15/261 5605/15/261
f 5597/15/814 5596/15/814 5612/15/814 5613/15/814
f 5610/15/263 5609/15/263 5624/15/263 5625/15/263
f 5603/15/264 5602/15/264 5617/15/264 5618/15/264
f 5611/15/265 5610/15/265 5625/15/265 5626/15/265
f 5604/15/266 5603/15/266 5618/15/266 5619/15/266
f 5612/15/267 5611/15/267 5626/15/267 5627/15/267
f 5605/15/268 5604/15/268 5619/15/268 5620/15/268
f 5613/15/269 5612/15/269 5627/15/269 5628/15/269
f 5606/15/702 5605/15/702 5620/15/702 5621/15/702
f 5599/15/271 5598/15/271 5614/15/271
f 5824/15/836 5613/15/836 5628/15/836
f 5607/15/703 5606/15/703 5621/15/703 5622/15/703
f 5600/15/704 5599/15/704 5614/15/704 5615/15/704
f 5608/15/275 5607/15/275 5622/15/275 5623/15/275
f 5601/15/276 5600/15/276 5615/15/276 5616/15/276
f 5609/15/277 5608/15/277 5623/15/277 5624/15/277
f 5602/15/278 5601/15/278 5616/15/278 5617/15/278
f 5614/15/705 5598/15/705 5629/15/705
f 5824/15/706 5628/15/706 5643/15/706
f 5622/15/281 5621/15/281 5636/15/281 5637/15/281
f 5615/15/707 5614/15/707 5629/15/707 5630/15/707
f 5623/15/283 5622/15/283 5637/15/283 5638/15/283
f 5616/15/284 5615/15/284 5630/15/284 5631/15/284
f 5624/15/285 5623/15/285 5638/15/285 5639/15/285
f 5617/15/286 5616/15/286 5631/15/286 5632/15/286
f 5625/15/287 5624/15/287 5639/15/287 5640/15/287
f 5618/15/288 5617/15/288 5632/15/288 5633/15/288
f 5626/15/289 5625/15/289 5640/15/289 5641/15/289
f 5619/15/290 5618/15/290 5633/15/290 5634/15/290
f 5627/15/291 5626/15/291 5641/15/291 5642/15/291
f 5620/15/292 5619/15/292 5634/15/292 5635/15/292
f 5628/15/293 5627/15/293 5642/15/293 5643/15/293
f 5621/15/294 5620/15/294 5635/15/294 5636/15/294
f 5633/15/295 5632/15/295 5647/15/295 5648/15/295
f 5641/15/296 5640/15/296 5655/15/296 5656/15/296
f 5634/15/297 5633/15/297 5648/15/297 5649/15/297
f 5642/15/298 5641/15/298 5656/15/298 5657/15/298
f 5635/15/299 5634/15/299 5649/15/299 5650/15/299
f 5643/15/300 5642/15/300 5657/15/300 5658/15/300
f 5636/15/301 5635/15/301 5650/15/301 5651/15/301
f 5629/15/710 5598/15/710 5644/15/710
f 5824/15/711 5643/15/711 5658/15/711
f 5637/15/304 5636/15/304 5651/15/304 5652/15/304
f 5630/15/712 5629/15/712 5644/15/712 5645/15/712
f 5638/15/306 5637/15/306 5652/15/306 5653/15/306
f 5631/15/307 5630/15/307 5645/15/307 5646/15/307
f 5639/15/308 5638/15/308 5653/15/308 5654/15/308
f 5632/15/309 5631/15/309 5646/15/309 5647/15/309
f 5640/15/310 5639/15/310 5654/15/310 5655/15/310
f 5652/15/311 5651/15/311 5666/15/311 5667/15/311
f 5645/15/312 5644/15/312 5659/15/312 5660/15/312
f 5653/15/313 5652/15/313 5667/15/313 5668/15/313
f 5646/15/314 5645/15/314 5660/15/314 5661/15/314
f 5654/15/315 5653/15/315 5668/15/315 5669/15/315
f 5647/15/316 5646/15/316 5661/15/316 5662/15/316
f 5655/15/317 5654/15/317 5669/15/317 5670/15/317
f 5648/15/318 5647/15/318 5662/15/318 5663/15/318
f 5656/15/319 5655/15/319 5670/15/319 5671/15/319
f 5649/15/320 5648/15/320 5663/15/320 5664/15/320
f 5657/15/321 5656/15/321 5671/15/321 5672/15/321
f 5650/15/322 5649/15/322 5664/15/322 5665/15/322
f 5658/15/323 5657/15/323 5672/15/323 5673/15/323
f 5651/15/324 5650/15/324 5665/15/324 5666/15/324
f 5644/15/325 5598/15/325 5659/15/325
f 5824/15/839 5658/15/839 5673/15/839
f 5671/15/327 5670/15/327 5685/15/327 5686/15/327
f 5664/15/328 5663/15/328 5678/15/328 5679/15/328
f 5672/15/329 5671/15/329 5686/15/329 5687/15/329
f 5665/15/330 5664/15/330 5679/15/330 5680/15/330
f 5673/15/815 5672/15/815 5687/15/815 5688/15/815
f 5666/15/717 5665/15/717 5680/15/717 5681/15/717
f 5659/15/333 5598/15/333 5674/15/333
f 5824/15/334 5673/15/334 5688/15/334
f 5667/15/718 5666/15/718 5681/15/718 5682/15/718
f 5660/15/336 5659/15/336 5674/15/336 5675/15/336
f 5668/15/337 5667/15/337 5682/15/337 5683/15/337
f 5661/15/338 5660/15/338 5675/15/338 5676/15/338
f 5669/15/339 5668/15/339 5683/15/339 5684/15/339
f 5662/15/340 5661/15/340 5676/15/340 5677/15/340
f 5670/15/341 5669/15/341 5684/15/341 5685/15/341
f 5663/15/342 5662/15/342 5677/15/342 5678/15/342
f 5683/15/343 5682/15/343 5697/15/343 5698/15/343
f 5676/15/344 5675/15/344 5690/15/344 5691/15/344
f 5684/15/345 5683/15/345 5698/15/345 5699/15/345
f 5677/15/346 5676/15/346 5691/15/346 5692/15/346
f 5685/15/347 5684/15/347 5699/15/347 5700/15/347
f 5678/15/348 5677/15/348 5692/15/348 5693/15/348
f 5686/15/349 5685/15/349 5700/15/349 5701/15/349
f 5679/15/350 5678/15/350 5693/15/350 5694/15/350
f 5687/15/351 5686/15/351 5701/15/351 5702/15/351
f 5680/15/352 5679/15/352 5694/15/352 5695/15/352
f 5688/15/353 5687/15/353 5702/15/353 5703/15/353
f 5681/15/354 5680/15/354 5695/15/354 5696/15/354
f 5674/15/816 5598/15/816 5689/15/816
f 5824/15/356 5688/15/356 5703/15/356
f 5682/15/357 5681/15/357 5696/15/357 5697/15/357
f 5675/15/358 5674/15/358 5689/15/358 5690/15/358
f 5702/15/359 5701/15/359 5716/15/359 5717/15/359
f 5695/15/360 5694/15/360 5709/15/360 5710/15/360
f 5703/15/361 5702/15/361 5717/15/361 5718/15/361
f 5696/15/362 5695/15/362 5710/15/362 5711/15/362
f 5689/15/363 5598/15/363 5704/15/363
f 5824/15/364 5703/15/364 5718/15/364
f 5697/15/365 5696/15/365 5711/15/365 5712/15/365
f 5690/15/366 5689/15/366 5704/15/366 5705/15/366
f 5698/15/367 5697/15/367 5712/15/367 5713/15/367
f 5691/15/368 5690/15/368 5705/15/368 5706/15/368
f 5699/15/369 5698/15/369 5713/15/369 5714/15/369
f 5692/15/370 5691/15/370 5706/15/370 5707/15/370
f 5700/15/371 5699/15/371 5714/15/371 5715/15/371
f 5693/15/372 5692/15/372 5707/15/372 5708/15/372
f 5701/15/373 5700/15/373 5715/15/373 5716/15/373
f 5694/15/374 5693/15/374 5708/15/374 5709/15/374
f 5706/15/724 5705/15/724 5720/15/724 5721/15/724
f 5714/15/376 5713/15/376 5728/15/376 5729/15/376
f 5707/15/377 5706/15/377 5721/15/377 5722/15/377
f 5715/15/378 5714/15/378 5729/15/378 5730/15/378
f 5708/15/379 5707/15/379 5722/15/379 5723/15/379
f 5716/15/380 5715/15/380 5730/15/380 5731/15/380
f 5709/15/381 5708/15/381 5723/15/381 5724/15/381
f 5717/15/725 5716/15/725 5731/15/725 5732/15/725
f 5710/15/383 5709/15/383 5724/15/383 5725/15/383
f 5718/15/904 5717/15/904 5732/15/904 5733/15/904
f 5711/15/385 5710/15/385 5725/15/385 5726/15/385
f 5704/15/386 5598/15/386 5719/15/386
f 5824/15/387 5718/15/387 5733/15/387
f 5712/15/905 5711/15/905 5726/15/905 5727/15/905
f 5705/15/727 5704/15/727 5719/15/727 5720/15/727
f 5713/15/390 5712/15/390 5727/15/390 5728/15/390
f 5725/15/391 5724/15/391 5739/15/391 5740/15/391
f 5733/15/728 5732/15/728 5747/15/728 5748/15/728
f 5726/15/393 5725/15/393 5740/15/393 5741/15/393
f 5719/15/394 5598/15/394 5734/15/394
f 5824/15/395 5733/15/395 5748/15/395
f 5727/15/396 5726/15/396 5741/15/396 5742/15/396
f 5720/15/729 5719/15/729 5734/15/729 5735/15/729
f 5728/15/398 5727/15/398 5742/15/398 5743/15/398
f 5721/15/399 5720/15/399 5735/15/399 5736/15/399
f 5729/15/400 5728/15/400 5743/15/400 5744/15/400
f 5722/15/401 5721/15/401 5736/15/401 5737/15/401
f 5730/15/402 5729/15/402 5744/15/402 5745/15/402
f 5723/15/403 5722/15/403 5737/15/403 5738/15/403
f 5731/15/404 5730/15/404 5745/15/404 5746/15/404
f 5724/15/906 5723/15/906 5738/15/906 5739/15/906
f 5732/15/406 5731/15/406 5746/15/406 5747/15/406
f 5744/15/407 5743/15/407 5758/15/407 5759/15/407
f 5737/15/408 5736/15/408 5751/15/408 5752/15/408
f 5745/15/409 5744/15/409 5759/15/409 5760/15/409
f 5738/15/410 5737/15/410 5752/15/410 5753/15/410
f 5746/15/411 5745/15/411 5760/15/411 5761/15/411
f 5739/15/412 5738/15/412 5753/15/412 5754/15/412
f 5747/15/413 5746/15/413 5761/15/413 5762/15/413
f 5740/15/414 5739/15/414 5754/15/414 5755/15/414
f 5748/15/415 5747/15/415 5762/15/415 5763/15/415
f 5741/15/789 5740/15/789 5755/15/789 5756/15/789
f 5734/15/731 5598/15/731 5749/15/731
f 5824/15/732 5748/15/732 5763/15/732
f 5742/15/790 5741/15/790 5756/15/790 5757/15/790
f 5735/15/420 5734/15/420 5749/15/420 5750/15/420
f 5743/15/421 5742/15/421 5757/15/421 5758/15/421
f 5736/15/422 5735/15/422 5750/15/422 5751/15/422
f 5763/15/423 5762/15/423 5777/15/423 5778/15/423
f 5756/15/791 5755/15/791 5770/15/791 5771/15/791
f 5749/15/733 5598/15/733 5764/15/733
f 5824/15/734 5763/15/734 5778/15/734
f 5757/15/792 5756/15/792 5771/15/792 5772/15/792
f 5750/15/428 5749/15/428 5764/15/428 5765/15/428
f 5758/15/429 5757/15/429 5772/15/429 5773/15/429
f 5751/15/430 5750/15/430 5765/15/430 5766/15/430
f 5759/15/431 5758/15/431 5773/15/431 5774/15/431
f 5752/15/432 5751/15/432 5766/15/432 5767/15/432
f 5760/15/433 5759/15/433 5774/15/433 5775/15/433
f 5753/15/434 5752/15/434 5767/15/434 5768/15/434
f 5761/15/435 5760/15/435 5775/15/435 5776/15/435
f 5754/15/436 5753/15/436 5768/15/436 5769/15/436
f 5762/15/437 5761/15/437 5776/15/437 5777/15/437
f 5755/15/438 5754/15/438 5769/15/438 5770/15/438
f 5767/15/439 5766/15/439 5781/15/439 5782/15/439
f 5775/15/440 5774/15/440 5789/15/440 5790/15/440
f 5768/15/441 5767/15/441 5782/15/441 5783/15/441
f 5776/15/442 5775/15/442 5790/15/442 5791/15/442
f 5769/15/443 5768/15/443 5783/15/443 5784/15/443
f 5777/15/793 5776/15/793 5791/15/793 5792/15/793
f 5770/15/445 5769/15/445 5784/15/445 5785/15/445
f 5778/15/446 5777/15/446 5792/15/446 5793/15/446
f 5771/15/447 5770/15/447 5785/15/447 5786/15/447
f 5764/15/448 5598/15/448 5779/15/448
f 5824/15/449 5778/15/449 5793/15/449
f 5772/15/450 5771/15/450 5786/15/450 5787/15/450
f 5765/15/736 5764/15/736 5779/15/736 5780/15/736
f 5773/15/452 5772/15/452 5787/15/452 5788/15/452
f 5766/15/453 5765/15/453 5780/15/453 5781/15/453
f 5774/15/454 5773/15/454 5788/15/454 5789/15/454
f 5786/15/455 5785/15/455 5800/15/455 5801/15/455
f 5779/15/456 5598/15/456 5794/15/456
f 5824/15/457 5793/15/457 5808/15/457
f 5787/15/458 5786/15/458 5801/15/458 5802/15/458
f 5780/15/737 5779/15/737 5794/15/737 5795/15/737
f 5788/15/460 5787/15/460 5802/15/460 5803/15/460
f 5781/15/461 5780/15/461 5795/15/461 5796/15/461
f 5789/15/462 5788/15/462 5803/15/462 5804/15/462
f 5782/15/463 5781/15/463 5796/15/463 5797/15/463
f 5790/15/464 5789/15/464 5804/15/464 5805/15/464
f 5783/15/465 5782/15/465 5797/15/465 5798/15/465
f 5791/15/466 5790/15/466 5805/15/466 5806/15/466
f 5784/15/467 5783/15/467 5798/15/467 5799/15/467
f 5792/15/468 5791/15/468 5806/15/468 5807/15/468
f 5785/15/469 5784/15/469 5799/15/469 5800/15/469
f 5793/15/470 5792/15/470 5807/15/470 5808/15/470
f 5805/15/471 5804/15/471 5819/15/471 5820/15/471
f 5798/15/472 5797/15/472 5812/15/472 5813/15/472
f 5806/15/473 5805/15/473 5820/15/473 5821/15/473
f 5799/15/474 5798/15/474 5813/15/474 5814/15/474
f 5807/15/475 5806/15/475 5821/15/475 5822/15/475
f 5800/15/476 5799/15/476 5814/15/476 5815/15/476
f 5808/15/477 5807/15/477 5822/15/477 5823/15/477
f 5801/15/478 5800/15/478 5815/15/478 5816/15/478
f 5794/15/479 5598/15/479 5809/15/479
f 5824/15/480 5808/15/480 5823/15/480
f 5802/15/481 5801/15/481 5816/15/481 5817/15/481
f 5795/15/482 5794/15/482 5809/15/482 5810/15/482
f 5803/15/483 5802/15/483 5817/15/483 5818/15/483
f 5796/15/484 5795/15/484 5810/15/484 5811/15/484
f 5804/15/485 5803/15/485 5818/15/485 5819/15/485
f 5797/15/486 5796/15/486 5811/15/486 5812/15/486
f 5824/15/487 5823/15/487 5839/15/487
f 5817/15/488 5816/15/488 5832/15/488 5833/15/488
f 5810/15/489 5809/15/489 5825/15/489 5826/15/489
f 5818/15/490 5817/15/490 5833/15/490 5834/15/490
f 5811/15/491 5810/15/491 5826/15/491 5827/15/491
f 5819/15/492 5818/15/492 5834/15/492 5835/15/492
f 5812/15/493 5811/15/493 5827/15/493 5828/15/493
f 5820/15/494 5819/15/494 5835/15/494 5836/15/494
f 5813/15/495 5812/15/495 5828/15/495 5829/15/495
f 5821/15/496 5820/15/496 5836/15/496 5837/15/496
f 5814/15/497 5813/15/497 5829/15/497 5830/15/497
f 5822/15/498 5821/15/498 5837/15/498 5838/15/498
f 5815/15/499 5814/15/499 5830/15/499 5831/15/499
f 5823/15/500 5822/15/500 5838/15/500 5839/15/500
f 5816/15/501 5815/15/501 5831/15/501 5832/15/501
f 5809/15/849 5598/15/849 5825/15/849
f 5837/15/503 5836/15/503 5851/15/503 5852/15/503
f 5830/15/504 5829/15/504 5844/15/504 5845/15/504
f 5838/15/877 5837/15/877 5852/15/877 5853/15/877
f 5831/15/506 5830/15/506 5845/15/506 5846/15/506
f 5839/15/741 5838/15/741 5853/15/741 5854/15/741
f 5832/15/508 5831/15/508 5846/15/508 5847/15/508
f 5825/15/851 5598/15/851 5840/15/851
f 5824/15/510 5839/15/510 5854/15/510
f 5833/15/511 5832/15/511 5847/15/511 5848/15/511
f 5826/15/512 5825/15/512 5840/15/512 5841/15/512
f 5834/15/513 5833/15/513 5848/15/513 5849/15/513
f 5827/15/802 5826/15/802 5841/15/802 5842/15/802
f 5835/15/515 5834/15/515 5849/15/515 5850/15/515
f 5828/15/516 5827/15/516 5842/15/516 5843/15/516
f 5836/15/517 5835/15/517 5850/15/517 5851/15/517
f 5829/15/518 5828/15/518 5843/15/518 5844/15/518
f 5841/15/519 5840/15/519 5855/15/519 5856/15/519
f 5849/15/520 5848/15/520 5863/15/520 5864/15/520
f 5842/15/521 5841/15/521 5856/15/521 5857/15/521
f 5850/15/522 5849/15/522 5864/15/522 5865/15/522
f 5843/15/523 5842/15/523 5857/15/523 5858/15/523
f 5851/15/524 5850/15/524 5865/15/524 5866/15/524
f 5844/15/525 5843/15/525 5858/15/525 5859/15/525
f 5852/15/526 5851/15/526 5866/15/526 5867/15/526
f 5845/15/527 5844/15/527 5859/15/527 5860/15/527
f 5853/15/743 5852/15/743 5867/15/743 5868/15/743
f 5846/15/529 5845/15/529 5860/15/529 5861/15/529
f 5854/15/530 5853/15/530 5868/15/530 5869/15/530
f 5847/15/531 5846/15/531 5861/15/531 5862/15/531
f 5840/15/532 5598/15/532 5855/15/532
f 5824/15/853 5854/15/853 5869/15/853
f 5848/15/534 5847/15/534 5862/15/534 5863/15/534
f 5860/15/535 5859/15/535 5874/15/535 5875/15/535
f 5868/15/536 5867/15/536 5882/15/536 5883/15/536
f 5861/15/537 5860/15/537 5875/15/537 5876/15/537
f 5869/15/538 5868/15/538 5883/15/538 5884/15/538
f 5862/15/539 5861/15/539 5876/15/539 5877/15/539
f 5855/15/540 5598/15/540 5870/15/540
f 5824/15/541 5869/15/541 5884/15/541
f 5863/15/542 5862/15/542 5877/15/542 5878/15/542
f 5856/15/543 5855/15/543 5870/15/543 5871/15/543
f 5864/15/544 5863/15/544 5878/15/544 5879/15/544
f 5857/15/545 5856/15/545 5871/15/545 5872/15/545
f 5865/15/546 5864/15/546 5879/15/546 5880/15/546
f 5858/15/547 5857/15/547 5872/15/547 5873/15/547
f 5866/15/548 5865/15/548 5880/15/548 5881/15/548
f 5859/15/549 5858/15/549 5873/15/549 5874/15/549
f 5867/15/550 5866/15/550 5881/15/550 5882/15/550
f 5879/15/551 5878/15/551 5893/15/551 5894/15/551
f 5872/15/552 5871/15/552 5886/15/552 5887/15/552
f 5880/15/553 5879/15/553 5894/15/553 5895/15/553
f 5873/15/554 5872/15/554 5887/15/554 5888/15/554
f 5881/15/555 5880/15/555 5895/15/555 5896/15/555
f 5874/15/556 5873/15/556 5888/15/556 5889/15/556
f 5882/15/557 5881/15/557 5896/15/557 5897/15/557
f 5875/15/558 5874/15/558 5889/15/558 5890/15/558
f 5883/15/559 5882/15/559 5897/15/559 5898/15/559
f 5876/15/560 5875/15/560 5890/15/560 5891/15/560
f 5884/15/561 5883/15/561 5898/15/561 5899/15/561
f 5877/15/562 5876/15/562 5891/15/562 5892/15/562
f 5870/15/563 5598/15/563 5885/15/563
f 5824/15/564 5884/15/564 5899/15/564
f 5878/15/565 5877/15/565 5892/15/565 5893/15/565
f 5871/15/747 5870/15/747 5885/15/747 5886/15/747
f 5898/15/567 5897/15/567 5912/15/567 5913/15/567
f 5891/15/568 5890/15/568 5905/15/568 5906/15/568
f 5899/15/569 5898/15/569 5913/15/569 5914/15/569
f 5892/15/570 5891/15/570 5906/15/570 5907/15/570
f 5885/15/571 5598/15/571 5900/15/571
f 5824/15/854 5899/15/854 5914/15/854
f 5893/15/573 5892/15/573 5907/15/573 5908/15/573
f 5886/15/805 5885/15/805 5900/15/805 5901/15/805
f 5894/15/575 5893/15/575 5908/15/575 5909/15/575
f 5887/15/576 5886/15/576 5901/15/576 5902/15/576
f 5895/15/577 5894/15/577 5909/15/577 5910/15/577
f 5888/15/578 5887/15/578 5902/15/578 5903/15/578
f 5896/15/579 5895/15/579 5910/15/579 5911/15/579
f 5889/15/580 5888/15/580 5903/15/580 5904/15/580
f 5897/15/581 5896/15/581 5911/15/581 5912/15/581
f 5890/15/582 5889/15/582 5904/15/582 5905/15/582
f 5902/15/583 5901/15/583 5916/15/583 5917/15/583
f 5910/15/584 5909/15/584 5924/15/584 5925/15/584
f 5903/15/585 5902/15/585 5917/15/585 5918/15/585
f 5911/15/586 5910/15/586 5925/15/586 5926/15/586
f 5904/15/587 5903/15/587 5918/15/587 5919/15/587
f 5912/15/588 5911/15/588 5926/15/588 5927/15/588
f 5905/15/589 5904/15/589 5919/15/589 5920/15/589
f 5913/15/590 5912/15/590 5927/15/590 5928/15/590
f 5906/15/591 5905/15/591 5920/15/591 5921/15/591
f 5914/15/824 5913/15/824 5928/15/824 5929/15/824
f 5907/15/593 5906/15/593 5921/15/593 5922/15/593
f 5900/15/594 5598/15/594 5915/15/594
f 5824/15/595 5914/15/595 5929/15/595
f 5908/15/596 5907/15/596 5922/15/596 5923/15/596
f 5901/15/597 5900/15/597 5915/15/597 5916/15/597
f 5909/15/598 5908/15/598 5923/15/598 5924/15/598
f 5921/15/599 5920/15/599 5935/15/599 5936/15/599
f 5929/15/600 5928/15/600 5943/15/600 5944/15/600
f 5922/15/601 5921/15/601 5936/15/601 5937/15/601
f 5915/15/825 5598/15/825 5930/15/825
f 5824/15/603 5929/15/603 5944/15/603
f 5923/15/604 5922/15/604 5937/15/604 5938/15/604
f 5916/15/605 5915/15/605 5930/15/605 5931/15/605
f 5924/15/606 5923/15/606 5938/15/606 5939/15/606
f 5917/15/607 5916/15/607 5931/15/607 5932/15/607
f 5925/15/608 5924/15/608 5939/15/608 5940/15/608
f 5918/15/609 5917/15/609 5932/15/609 5933/15/609
f 5926/15/610 5925/15/610 5940/15/610 5941/15/610
f 5919/15/611 5918/15/611 5933/15/611 5934/15/611
f 5927/15/612 5926/15/612 5941/15/612 5942/15/612
f 5920/15/613 5919/15/613 5934/15/613 5935/15/613
f 5928/15/614 5927/15/614 5942/15/614 5943/15/614
f 5940/15/615 5939/15/615 5954/15/615 5955/15/615
f 5933/15/616 5932/15/616 5947/15/616 5948/15/616
f 5941/15/617 5940/15/617 5955/15/617 5956/15/617
f 5934/15/618 5933/15/618 5948/15/618 5949/15/618
f 5942/15/619 5941/15/619 5956/15/619 5957/15/619
f 5935/15/620 5934/15/620 5949/15/620 5950/15/620
f 5943/15/621 5942/15/621 5957/15/621 5958/15/621
f 5936/15/622 5935/15/622 5950/15/622 5951/15/622
f 5944/15/623 5943/15/623 5958/15/623 5959/15/623
f 5937/15/826 5936/15/826 5951/15/826 5952/15/826
f 5930/15/625 5598/15/625 5945/15/625
f 5824/15/626 5944/15/626 5959/15/626
f 5938/15/827 5937/15/827 5952/15/827 5953/15/827
f 5931/15/628 5930/15/628 5945/15/628 5946/15/628
f 5939/15/629 5938/15/629 5953/15/629 5954/15/629
f 5932/15/630 5931/15/630 5946/15/630 5947/15/630
f 5959/15/631 5958/15/631 5973/15/631 5974/15/631
f 5952/15/632 5951/15/632 5966/15/632 5967/15/632
f 5945/15/633 5598/15/633 5960/15/633
f 5824/15/634 5959/15/634 5974/15/634
f 5953/15/635 5952/15/635 5967/15/635 5968/15/635
f 5946/15/754 5945/15/754 5960/15/754 5961/15/754
f 5954/15/637 5953/15/637 5968/15/637 5969/15/637
f 5947/15/638 5946/15/638 5961/15/638 5962/15/638
f 5955/15/639 5954/15/639 5969/15/639 5970/15/639
f 5948/15/640 5947/15/640 5962/15/640 5963/15/640
f 5956/15/641 5955/15/641 5970/15/641 5971/15/641
f 5949/15/642 5948/15/642 5963/15/642 5964/15/642
f 5957/15/643 5956/15/643 5971/15/643 5972/15/643
f 5950/15/644 5949/15/644 5964/15/644 5965/15/644
f 5958/15/809 5957/15/809 5972/15/809 5973/15/809
f 5951/15/646 5950/15/646 5965/15/646 5966/15/646
f 5971/15/647 5970/15/647 5985/15/647 5986/15/647
f 5964/15/648 5963/15/648 5978/15/648 5979/15/648
f 5972/15/649 5971/15/649 5986/15/649 5987/15/649
f 5965/15/650 5964/15/650 5979/15/650 5980/15/650
f 5973/15/756 5972/15/756 5987/15/756 5988/15/756
f 5966/15/652 5965/15/652 5980/15/652 5981/15/652
f 5974/15/757 5973/15/757 5988/15/757 5989/15/757
f 5967/15/654 5966/15/654 5981/15/654 5982/15/654
f 5960/15/655 5598/15/655 5975/15/655
f 5824/15/656 5974/15/656 5989/15/656
f 5968/15/657 5967/15/657 5982/15/657 5983/15/657
f 5961/15/859 5960/15/859 5975/15/859 5976/15/859
f 5969/15/659 5968/15/659 5983/15/659 5984/15/659
f 5962/15/660 5961/15/660 5976/15/660 5977/15/660
f 5970/15/661 5969/15/661 5984/15/661 5985/15/661
f 5963/15/662 5962/15/662 5977/15/662 5978/15/662
f 5975/15/761 5598/15/761 5990/15/761
f 5824/15/762 5989/15/762 5998/15/762
f 5983/15/665 5982/15/665 5520/15/665 5521/15/665
f 5976/15/666 5975/15/666 5990/15/666 5991/15/666
f 5984/15/667 5983/15/667 5521/15/667 5994/15/667
f 5977/15/668 5976/15/668 5991/15/668 5517/15/668
f 5985/15/669 5984/15/669 5994/15/669 5522/15/669
f 5978/15/670 5977/15/670 5517/15/670 5992/15/670
f 5986/15/671 5985/15/671 5522/15/671 5995/15/671
f 5979/15/672 5978/15/672 5992/15/672 5518/15/672
f 5987/15/673 5986/15/673 5995/15/673 5996/15/673
f 5980/15/674 5979/15/674 5518/15/674 5993/15/674
f 5988/15/675 5987/15/675 5996/15/675 5997/15/675
f 5981/15/676 5980/15/676 5993/15/676 5519/15/676
f 5989/15/677 5988/15/677 5997/15/677 5998/15/677
f 5982/15/678 5981/15/678 5519/15/678 5520/15/678
f 6002/15/167 6001/15/167 6011/15/167 6012/15/167
f 6472/15/168 6080/15/168 6005/15/168
f 6306/15/169 6480/15/169 6019/15/169
f 6003/15/170 6002/15/170 6012/15/170 6013/15/170
f 6473/15/171 6472/15/171 6005/15/171 6006/15/171
f 6476/15/172 6003/15/172 6013/15/172 6014/15/172
f 5999/15/173 6473/15/173 6006/15/173 6007/15/173
f 6004/15/174 6476/15/174 6014/15/174 6015/15/174
f 6474/15/175 5999/15/175 6007/15/175 6008/15/175
f 6477/15/176 6004/15/176 6015/15/176 6016/15/176
f 6000/15/177 6474/15/177 6008/15/177 6009/15/177
f 6478/15/178 6477/15/178 6016/15/178 6017/15/178
f 6475/15/179 6000/15/179 6009/15/179 6010/15/179
f 6479/15/180 6478/15/180 6017/15/180 6018/15/180
f 6001/15/181 6475/15/181 6010/15/181 6011/15/181
f 6480/15/182 6479/15/182 6018/15/182 6019/15/182
f 6018/15/183 6017/15/183 6032/15/183 6033/15/183
f 6011/15/184 6010/15/184 6025/15/184 6026/15/184
f 6019/15/907 6018/15/907 6033/15/907 6034/15/907
f 6012/15/683 6011/15/683 6026/15/683 6027/15/683
f 6005/15/187 6080/15/187 6020/15/187
f 6306/15/188 6019/15/188 6034/15/188
f 6013/15/684 6012/15/684 6027/15/684 6028/15/684
f 6006/15/908 6005/15/908 6020/15/908 6021/15/908
f 6014/15/191 6013/15/191 6028/15/191 6029/15/191
f 6007/15/192 6006/15/192 6021/15/192 6022/15/192
f 6015/15/193 6014/15/193 6029/15/193 6030/15/193
f 6008/15/194 6007/15/194 6022/15/194 6023/15/194
f 6016/15/195 6015/15/195 6030/15/195 6031/15/195
f 6009/15/196 6008/15/196 6023/15/196 6024/15/196
f 6017/15/197 6016/15/197 6031/15/197 6032/15/197
f 6010/15/198 6009/15/198 6024/15/198 6025/15/198
f 6030/15/199 6029/15/199 6044/15/199 6045/15/199
f 6023/15/200 6022/15/200 6037/15/200 6038/15/200
f 6031/15/201 6030/15/201 6045/15/201 6046/15/201
f 6024/15/202 6023/15/202 6038/15/202 6039/15/202
f 6032/15/203 6031/15/203 6046/15/203 6047/15/203
f 6025/15/204 6024/15/204 6039/15/204 6040/15/204
f 6033/15/686 6032/15/686 6047/15/686 6048/15/686
f 6026/15/206 6025/15/206 6040/15/206 6041/15/206
f 6034/15/207 6033/15/207 6048/15/207 6049/15/207
f 6027/15/208 6026/15/208 6041/15/208 6042/15/208
f 6020/15/209 6080/15/209 6035/15/209
f 6306/15/210 6034/15/210 6049/15/210
f 6028/15/211 6027/15/211 6042/15/211 6043/15/211
f 6021/15/909 6020/15/909 6035/15/909 6036/15/909
f 6029/15/213 6028/15/213 6043/15/213 6044/15/213
f 6022/15/771 6021/15/771 6036/15/771 6037/15/771
f 6049/15/215 6048/15/215 6063/15/215 6064/15/215
f 6042/15/691 6041/15/691 6056/15/691 6057/15/691
f 6035/15/217 6080/15/217 6050/15/217
f 6306/15/218 6049/15/218 6064/15/218
f 6043/15/692 6042/15/692 6057/15/692 6058/15/692
f 6036/15/220 6035/15/220 6050/15/220 6051/15/220
f 6044/15/221 6043/15/221 6058/15/221 6059/15/221
f 6037/15/222 6036/15/222 6051/15/222 6052/15/222
f 6045/15/223 6044/15/223 6059/15/223 6060/15/223
f 6038/15/224 6037/15/224 6052/15/224 6053/15/224
f 6046/15/225 6045/15/225 6060/15/225 6061/15/225
f 6039/15/226 6038/15/226 6053/15/226 6054/15/226
f 6047/15/227 6046/15/227 6061/15/227 6062/15/227
f 6040/15/228 6039/15/228 6054/15/228 6055/15/228
f 6048/15/229 6047/15/229 6062/15/229 6063/15/229
f 6041/15/230 6040/15/230 6055/15/230 6056/15/230
f 6053/15/231 6052/15/231 6067/15/231 6068/15/231
f 6061/15/232 6060/15/232 6075/15/232 6076/15/232
f 6054/15/233 6053/15/233 6068/15/233 6069/15/233
f 6062/15/234 6061/15/234 6076/15/234 6077/15/234
f 6055/15/235 6054/15/235 6069/15/235 6070/15/235
f 6063/15/236 6062/15/236 6077/15/236 6078/15/236
f 6056/15/237 6055/15/237 6070/15/237 6071/15/237
f 6064/15/238 6063/15/238 6078/15/238 6079/15/238
f 6057/15/239 6056/15/239 6071/15/239 6072/15/239
f 6050/15/240 6080/15/240 6065/15/240
f 6306/15/241 6064/15/241 6079/15/241
f 6058/15/242 6057/15/242 6072/15/242 6073/15/242
f 6051/15/833 6050/15/833 6065/15/833 6066/15/833
f 6059/15/244 6058/15/244 6073/15/244 6074/15/244
f 6052/15/245 6051/15/245 6066/15/245 6067/15/245
f 6060/15/246 6059/15/246 6074/15/246 6075/15/246
f 6072/15/910 6071/15/910 6087/15/910 6088/15/910
f 6065/15/248 6080/15/248 6081/15/248
f 6306/15/249 6079/15/249 6095/15/249
f 6073/15/895 6072/15/895 6088/15/895 6089/15/895
f 6066/15/911 6065/15/911 6081/15/911 6082/15/911
f 6074/15/252 6073/15/252 6089/15/252 6090/15/252
f 6067/15/861 6066/15/861 6082/15/861 6083/15/861
f 6075/15/254 6074/15/254 6090/15/254 6091/15/254
f 6068/15/255 6067/15/255 6083/15/255 6084/15/255
f 6076/15/256 6075/15/256 6091/15/256 6092/15/256
f 6069/15/257 6068/15/257 6084/15/257 6085/15/257
f 6077/15/258 6076/15/258 6092/15/258 6093/15/258
f 6070/15/259 6069/15/259 6085/15/259 6086/15/259
f 6078/15/260 6077/15/260 6093/15/260 6094/15/260
f 6071/15/261 6070/15/261 6086/15/261 6087/15/261
f 6079/15/262 6078/15/262 6094/15/262 6095/15/262
f 6092/15/263 6091/15/263 6106/15/263 6107/15/263
f 6085/15/264 6084/15/264 6099/15/264 6100/15/264
f 6093/15/265 6092/15/265 6107/15/265 6108/15/265
f 6086/15/266 6085/15/266 6100/15/266 6101/15/266
f 6094/15/267 6093/15/267 6108/15/267 6109/15/267
f 6087/15/268 6086/15/268 6101/15/268 6102/15/268
f 6095/15/701 6094/15/701 6109/15/701 6110/15/701
f 6088/15/270 6087/15/270 6102/15/270 6103/15/270
f 6081/15/775 6080/15/775 6096/15/775
f 6306/15/836 6095/15/836 6110/15/836
f 6089/15/273 6088/15/273 6103/15/273 6104/15/273
f 6082/15/274 6081/15/274 6096/15/274 6097/15/274
f 6090/15/275 6089/15/275 6104/15/275 6105/15/275
f 6083/15/276 6082/15/276 6097/15/276 6098/15/276
f 6091/15/277 6090/15/277 6105/15/277 6106/15/277
f 6084/15/278 6083/15/278 6098/15/278 6099/15/278
f 6096/15/705 6080/15/705 6111/15/705
f 6306/15/706 6110/15/706 6125/15/706
f 6104/15/777 6103/15/777 6118/15/777 6119/15/777
f 6097/15/707 6096/15/707 6111/15/707 6112/15/707
f 6105/15/283 6104/15/283 6119/15/283 6120/15/283
f 6098/15/284 6097/15/284 6112/15/284 6113/15/284
f 6106/15/285 6105/15/285 6120/15/285 6121/15/285
f 6099/15/286 6098/15/286 6113/15/286 6114/15/286
f 6107/15/287 6106/15/287 6121/15/287 6122/15/287
f 6100/15/288 6099/15/288 6114/15/288 6115/15/288
f 6108/15/289 6107/15/289 6122/15/289 6123/15/289
f 6101/15/290 6100/15/290 6115/15/290 6116/15/290
f 6109/15/291 6108/15/291 6123/15/291 6124/15/291
f 6102/15/292 6101/15/292 6116/15/292 6117/15/292
f 6110/15/293 6109/15/293 6124/15/293 6125/15/293
f 6103/15/778 6102/15/778 6117/15/778 6118/15/778
f 6115/15/295 6114/15/295 6129/15/295 6130/15/295
f 6123/15/296 6122/15/296 6137/15/296 6138/15/296
f 6116/15/297 6115/15/297 6130/15/297 6131/15/297
f 6124/15/298 6123/15/298 6138/15/298 6139/15/298
f 6117/15/299 6116/15/299 6131/15/299 6132/15/299
f 6125/15/709 6124/15/709 6139/15/709 6140/15/709
f 6118/15/779 6117/15/779 6132/15/779 6133/15/779
f 6111/15/710 6080/15/710 6126/15/710
f 6306/15/711 6125/15/711 6140/15/711
f 6119/15/780 6118/15/780 6133/15/780 6134/15/780
f 6112/15/712 6111/15/712 6126/15/712 6127/15/712
f 6120/15/306 6119/15/306 6134/15/306 6135/15/306
f 6113/15/307 6112/15/307 6127/15/307 6128/15/307
f 6121/15/308 6120/15/308 6135/15/308 6136/15/308
f 6114/15/309 6113/15/309 6128/15/309 6129/15/309
f 6122/15/310 6121/15/310 6136/15/310 6137/15/310
f 6134/15/311 6133/15/311 6148/15/311 6149/15/311
f 6127/15/312 6126/15/312 6141/15/312 6142/15/312
f 6135/15/313 6134/15/313 6149/15/313 6150/15/313
f 6128/15/314 6127/15/314 6142/15/314 6143/15/314
f 6136/15/315 6135/15/315 6150/15/315 6151/15/315
f 6129/15/316 6128/15/316 6143/15/316 6144/15/316
f 6137/15/317 6136/15/317 6151/15/317 6152/15/317
f 6130/15/318 6129/15/318 6144/15/318 6145/15/318
f 6138/15/319 6137/15/319 6152/15/319 6153/15/319
f 6131/15/320 6130/15/320 6145/15/320 6146/15/320
f 6139/15/321 6138/15/321 6153/15/321 6154/15/321
f 6132/15/322 6131/15/322 6146/15/322 6147/15/322
f 6140/15/714 6139/15/714 6154/15/714 6155/15/714
f 6133/15/324 6132/15/324 6147/15/324 6148/15/324
f 6126/15/784 6080/15/784 6141/15/784
f 6306/15/839 6140/15/839 6155/15/839
f 6153/15/327 6152/15/327 6167/15/327 6168/15/327
f 6146/15/328 6145/15/328 6160/15/328 6161/15/328
f 6154/15/872 6153/15/872 6168/15/872 6169/15/872
f 6147/15/330 6146/15/330 6161/15/330 6162/15/330
f 6155/15/840 6154/15/840 6169/15/840 6170/15/840
f 6148/15/841 6147/15/841 6162/15/841 6163/15/841
f 6141/15/333 6080/15/333 6156/15/333
f 6306/15/334 6155/15/334 6170/15/334
f 6149/15/873 6148/15/873 6163/15/873 6164/15/873
f 6142/15/912 6141/15/912 6156/15/912 6157/15/912
f 6150/15/337 6149/15/337 6164/15/337 6165/15/337
f 6143/15/874 6142/15/874 6157/15/874 6158/15/874
f 6151/15/339 6150/15/339 6165/15/339 6166/15/339
f 6144/15/340 6143/15/340 6158/15/340 6159/15/340
f 6152/15/341 6151/15/341 6166/15/341 6167/15/341
f 6145/15/342 6144/15/342 6159/15/342 6160/15/342
f 6165/15/343 6164/15/343 6179/15/343 6180/15/343
f 6158/15/344 6157/15/344 6172/15/344 6173/15/344
f 6166/15/345 6165/15/345 6180/15/345 6181/15/345
f 6159/15/346 6158/15/346 6173/15/346 6174/15/346
f 6167/15/347 6166/15/347 6181/15/347 6182/15/347
f 6160/15/348 6159/15/348 6174/15/348 6175/15/348
f 6168/15/349 6167/15/349 6182/15/349 6183/15/349
f 6161/15/350 6160/15/350 6175/15/350 6176/15/350
f 6169/15/351 6168/15/351 6183/15/351 6184/15/351
f 6162/15/352 6161/15/352 6176/15/352 6177/15/352
f 6170/15/353 6169/15/353 6184/15/353 6185/15/353
f 6163/15/354 6162/15/354 6177/15/354 6178/15/354
f 6156/15/355 6080/15/355 6171/15/355
f 6306/15/356 6170/15/356 6185/15/356
f 6164/15/357 6163/15/357 6178/15/357 6179/15/357
f 6157/15/844 6156/15/844 6171/15/844 6172/15/844
f 6184/15/359 6183/15/359 6198/15/359 6199/15/359
f 6177/15/360 6176/15/360 6191/15/360 6192/15/360
f 6185/15/361 6184/15/361 6199/15/361 6200/15/361
f 6178/15/722 6177/15/722 6192/15/722 6193/15/722
f 6171/15/363 6080/15/363 6186/15/363
f 6306/15/364 6185/15/364 6200/15/364
f 6179/15/723 6178/15/723 6193/15/723 6194/15/723
f 6172/15/366 6171/15/366 6186/15/366 6187/15/366
f 6180/15/367 6179/15/367 6194/15/367 6195/15/367
f 6173/15/368 6172/15/368 6187/15/368 6188/15/368
f 6181/15/369 6180/15/369 6195/15/369 6196/15/369
f 6174/15/370 6173/15/370 6188/15/370 6189/15/370
f 6182/15/371 6181/15/371 6196/15/371 6197/15/371
f 6175/15/372 6174/15/372 6189/15/372 6190/15/372
f 6183/15/373 6182/15/373 6197/15/373 6198/15/373
f 6176/15/374 6175/15/374 6190/15/374 6191/15/374
f 6188/15/724 6187/15/724 6202/15/724 6203/15/724
f 6196/15/376 6195/15/376 6210/15/376 6211/15/376
f 6189/15/377 6188/15/377 6203/15/377 6204/15/377
f 6197/15/378 6196/15/378 6211/15/378 6212/15/378
f 6190/15/379 6189/15/379 6204/15/379 6205/15/379
f 6198/15/380 6197/15/380 6212/15/380 6213/15/380
f 6191/15/381 6190/15/381 6205/15/381 6206/15/381
f 6199/15/725 6198/15/725 6213/15/725 6214/15/725
f 6192/15/383 6191/15/383 6206/15/383 6207/15/383
f 6200/15/384 6199/15/384 6214/15/384 6215/15/384
f 6193/15/385 6192/15/385 6207/15/385 6208/15/385
f 6186/15/386 6080/15/386 6201/15/386
f 6306/15/387 6200/15/387 6215/15/387
f 6194/15/388 6193/15/388 6208/15/388 6209/15/388
f 6187/15/389 6186/15/389 6201/15/389 6202/15/389
f 6195/15/390 6194/15/390 6209/15/390 6210/15/390
f 6207/15/391 6206/15/391 6221/15/391 6222/15/391
f 6215/15/392 6214/15/392 6229/15/392 6230/15/392
f 6208/15/393 6207/15/393 6222/15/393 6223/15/393
f 6201/15/394 6080/15/394 6216/15/394
f 6306/15/395 6215/15/395 6230/15/395
f 6209/15/396 6208/15/396 6223/15/396 6224/15/396
f 6202/15/913 6201/15/913 6216/15/913 6217/15/913
f 6210/15/398 6209/15/398 6224/15/398 6225/15/398
f 6203/15/399 6202/15/399 6217/15/399 6218/15/399
f 6211/15/400 6210/15/400 6225/15/400 6226/15/400
f 6204/15/401 6203/15/401 6218/15/401 6219/15/401
f 6212/15/402 6211/15/402 6226/15/402 6227/15/402
f 6205/15/403 6204/15/403 6219/15/403 6220/15/403
f 6213/15/404 6212/15/404 6227/15/404 6228/15/404
f 6206/15/405 6205/15/405 6220/15/405 6221/15/405
f 6214/15/730 6213/15/730 6228/15/730 6229/15/730
f 6226/15/407 6225/15/407 6240/15/407 6241/15/407
f 6219/15/408 6218/15/408 6233/15/408 6234/15/408
f 6227/15/409 6226/15/409 6241/15/409 6242/15/409
f 6220/15/410 6219/15/410 6234/15/410 6235/15/410
f 6228/15/411 6227/15/411 6242/15/411 6243/15/411
f 6221/15/412 6220/15/412 6235/15/412 6236/15/412
f 6229/15/413 6228/15/413 6243/15/413 6244/15/413
f 6222/15/414 6221/15/414 6236/15/414 6237/15/414
f 6230/15/415 6229/15/415 6244/15/415 6245/15/415
f 6223/15/416 6222/15/416 6237/15/416 6238/15/416
f 6216/15/417 6080/15/417 6231/15/417
f 6306/15/418 6230/15/418 6245/15/418
f 6224/15/419 6223/15/419 6238/15/419 6239/15/419
f 6217/15/420 6216/15/420 6231/15/420 6232/15/420
f 6225/15/421 6224/15/421 6239/15/421 6240/15/421
f 6218/15/422 6217/15/422 6232/15/422 6233/15/422
f 6245/15/423 6244/15/423 6259/15/423 6260/15/423
f 6238/15/424 6237/15/424 6252/15/424 6253/15/424
f 6231/15/425 6080/15/425 6246/15/425
f 6306/15/426 6245/15/426 6260/15/426
f 6239/15/427 6238/15/427 6253/15/427 6254/15/427
f 6232/15/428 6231/15/428 6246/15/428 6247/15/428
f 6240/15/429 6239/15/429 6254/15/429 6255/15/429
f 6233/15/430 6232/15/430 6247/15/430 6248/15/430
f 6241/15/431 6240/15/431 6255/15/431 6256/15/431
f 6234/15/432 6233/15/432 6248/15/432 6249/15/432
f 6242/15/433 6241/15/433 6256/15/433 6257/15/433
f 6235/15/434 6234/15/434 6249/15/434 6250/15/434
f 6243/15/435 6242/15/435 6257/15/435 6258/15/435
f 6236/15/436 6235/15/436 6250/15/436 6251/15/436
f 6244/15/437 6243/15/437 6258/15/437 6259/15/437
f 6237/15/438 6236/15/438 6251/15/438 6252/15/438
f 6249/15/439 6248/15/439 6263/15/439 6264/15/439
f 6257/15/440 6256/15/440 6271/15/440 6272/15/440
f 6250/15/441 6249/15/441 6264/15/441 6265/15/441
f 6258/15/442 6257/15/442 6272/15/442 6273/15/442
f 6251/15/443 6250/15/443 6265/15/443 6266/15/443
f 6259/15/793 6258/15/793 6273/15/793 6274/15/793
f 6252/15/445 6251/15/445 6266/15/445 6267/15/445
f 6260/15/446 6259/15/446 6274/15/446 6275/15/446
f 6253/15/447 6252/15/447 6267/15/447 6268/15/447
f 6246/15/448 6080/15/448 6261/15/448
f 6306/15/449 6260/15/449 6275/15/449
f 6254/15/450 6253/15/450 6268/15/450 6269/15/450
f 6247/15/794 6246/15/794 6261/15/794 6262/15/794
f 6255/15/452 6254/15/452 6269/15/452 6270/15/452
f 6248/15/453 6247/15/453 6262/15/453 6263/15/453
f 6256/15/454 6255/15/454 6270/15/454 6271/15/454
f 6268/15/796 6267/15/796 6282/15/796 6283/15/796
f 6261/15/456 6080/15/456 6276/15/456
f 6306/15/457 6275/15/457 6290/15/457
f 6269/15/797 6268/15/797 6283/15/797 6284/15/797
f 6262/15/914 6261/15/914 6276/15/914 6277/15/914
f 6270/15/460 6269/15/460 6284/15/460 6285/15/460
f 6263/15/461 6262/15/461 6277/15/461 6278/15/461
f 6271/15/462 6270/15/462 6285/15/462 6286/15/462
f 6264/15/463 6263/15/463 6278/15/463 6279/15/463
f 6272/15/464 6271/15/464 6286/15/464 6287/15/464
f 6265/15/465 6264/15/465 6279/15/465 6280/15/465
f 6273/15/466 6272/15/466 6287/15/466 6288/15/466
f 6266/15/467 6265/15/467 6280/15/467 6281/15/467
f 6274/15/738 6273/15/738 6288/15/738 6289/15/738
f 6267/15/469 6266/15/469 6281/15/469 6282/15/469
f 6275/15/915 6274/15/915 6289/15/915 6290/15/915
f 6287/15/471 6286/15/471 6301/15/471 6302/15/471
f 6280/15/472 6279/15/472 6294/15/472 6295/15/472
f 6288/15/473 6287/15/473 6302/15/473 6303/15/473
f 6281/15/474 6280/15/474 6295/15/474 6296/15/474
f 6289/15/475 6288/15/475 6303/15/475 6304/15/475
f 6282/15/476 6281/15/476 6296/15/476 6297/15/476
f 6290/15/477 6289/15/477 6304/15/477 6305/15/477
f 6283/15/916 6282/15/916 6297/15/916 6298/15/916
f 6276/15/479 6080/15/479 6291/15/479
f 6306/15/480 6290/15/480 6305/15/480
f 6284/15/917 6283/15/917 6298/15/917 6299/15/917
f 6277/15/482 6276/15/482 6291/15/482 6292/15/482
f 6285/15/483 6284/15/483 6299/15/483 6300/15/483
f 6278/15/484 6277/15/484 6292/15/484 6293/15/484
f 6286/15/485 6285/15/485 6300/15/485 6301/15/485
f 6279/15/486 6278/15/486 6293/15/486 6294/15/486
f 6306/15/487 6305/15/487 6321/15/487
f 6299/15/488 6298/15/488 6314/15/488 6315/15/488
f 6292/15/918 6291/15/918 6307/15/918 6308/15/918
f 6300/15/490 6299/15/490 6315/15/490 6316/15/490
f 6293/15/491 6292/15/491 6308/15/491 6309/15/491
f 6301/15/492 6300/15/492 6316/15/492 6317/15/492
f 6294/15/493 6293/15/493 6309/15/493 6310/15/493
f 6302/15/494 6301/15/494 6317/15/494 6318/15/494
f 6295/15/495 6294/15/495 6310/15/495 6311/15/495
f 6303/15/496 6302/15/496 6318/15/496 6319/15/496
f 6296/15/497 6295/15/497 6311/15/497 6312/15/497
f 6304/15/498 6303/15/498 6319/15/498 6320/15/498
f 6297/15/499 6296/15/499 6312/15/499 6313/15/499
f 6305/15/500 6304/15/500 6320/15/500 6321/15/500
f 6298/15/501 6297/15/501 6313/15/501 6314/15/501
f 6291/15/502 6080/15/502 6307/15/502
f 6319/15/503 6318/15/503 6333/15/503 6334/15/503
f 6312/15/504 6311/15/504 6326/15/504 6327/15/504
f 6320/15/877 6319/15/877 6334/15/877 6335/15/877
f 6313/15/506 6312/15/506 6327/15/506 6328/15/506
f 6321/15/507 6320/15/507 6335/15/507 6336/15/507
f 6314/15/508 6313/15/508 6328/15/508 6329/15/508
f 6307/15/509 6080/15/509 6322/15/509
f 6306/15/510 6321/15/510 6336/15/510
f 6315/15/511 6314/15/511 6329/15/511 6330/15/511
f 6308/15/742 6307/15/742 6322/15/742 6323/15/742
f 6316/15/513 6315/15/513 6330/15/513 6331/15/513
f 6309/15/802 6308/15/802 6323/15/802 6324/15/802
f 6317/15/515 6316/15/515 6331/15/515 6332/15/515
f 6310/15/516 6309/15/516 6324/15/516 6325/15/516
f 6318/15/517 6317/15/517 6332/15/517 6333/15/517
f 6311/15/518 6310/15/518 6325/15/518 6326/15/518
f 6323/15/519 6322/15/519 6337/15/519 6338/15/519
f 6331/15/520 6330/15/520 6345/15/520 6346/15/520
f 6324/15/521 6323/15/521 6338/15/521 6339/15/521
f 6332/15/522 6331/15/522 6346/15/522 6347/15/522
f 6325/15/523 6324/15/523 6339/15/523 6340/15/523
f 6333/15/524 6332/15/524 6347/15/524 6348/15/524
f 6326/15/525 6325/15/525 6340/15/525 6341/15/525
f 6334/15/526 6333/15/526 6348/15/526 6349/15/526
f 6327/15/527 6326/15/527 6341/15/527 6342/15/527
f 6335/15/743 6334/15/743 6349/15/743 6350/15/743
f 6328/15/529 6327/15/529 6342/15/529 6343/15/529
f 6336/15/878 6335/15/878 6350/15/878 6351/15/878
f 6329/15/531 6328/15/531 6343/15/531 6344/15/531
f 6322/15/803 6080/15/803 6337/15/803
f 6306/15/853 6336/15/853 6351/15/853
f 6330/15/534 6329/15/534 6344/15/534 6345/15/534
f 6342/15/535 6341/15/535 6356/15/535 6357/15/535
f 6350/15/536 6349/15/536 6364/15/536 6365/15/536
f 6343/15/537 6342/15/537 6357/15/537 6358/15/537
f 6351/15/538 6350/15/538 6365/15/538 6366/15/538
f 6344/15/539 6343/15/539 6358/15/539 6359/15/539
f 6337/15/540 6080/15/540 6352/15/540
f 6306/15/541 6351/15/541 6366/15/541
f 6345/15/542 6344/15/542 6359/15/542 6360/15/542
f 6338/15/745 6337/15/745 6352/15/745 6353/15/745
f 6346/15/544 6345/15/544 6360/15/544 6361/15/544
f 6339/15/545 6338/15/545 6353/15/545 6354/15/545
f 6347/15/546 6346/15/546 6361/15/546 6362/15/546
f 6340/15/919 6339/15/919 6354/15/919 6355/15/919
f 6348/15/548 6347/15/548 6362/15/548 6363/15/548
f 6341/15/549 6340/15/549 6355/15/549 6356/15/549
f 6349/15/920 6348/15/920 6363/15/920 6364/15/920
f 6361/15/551 6360/15/551 6375/15/551 6376/15/551
f 6354/15/552 6353/15/552 6368/15/552 6369/15/552
f 6362/15/553 6361/15/553 6376/15/553 6377/15/553
f 6355/15/554 6354/15/554 6369/15/554 6370/15/554
f 6363/15/555 6362/15/555 6377/15/555 6378/15/555
f 6356/15/556 6355/15/556 6370/15/556 6371/15/556
f 6364/15/557 6363/15/557 6378/15/557 6379/15/557
f 6357/15/558 6356/15/558 6371/15/558 6372/15/558
f 6365/15/559 6364/15/559 6379/15/559 6380/15/559
f 6358/15/560 6357/15/560 6372/15/560 6373/15/560
f 6366/15/746 6365/15/746 6380/15/746 6381/15/746
f 6359/15/819 6358/15/819 6373/15/819 6374/15/819
f 6352/15/563 6080/15/563 6367/15/563
f 6306/15/564 6366/15/564 6381/15/564
f 6360/15/820 6359/15/820 6374/15/820 6375/15/820
f 6353/15/747 6352/15/747 6367/15/747 6368/15/747
f 6380/15/567 6379/15/567 6394/15/567 6395/15/567
f 6373/15/568 6372/15/568 6387/15/568 6388/15/568
f 6381/15/879 6380/15/879 6395/15/879 6396/15/879
f 6374/15/570 6373/15/570 6388/15/570 6389/15/570
f 6367/15/804 6080/15/804 6382/15/804
f 6306/15/854 6381/15/854 6396/15/854
f 6375/15/573 6374/15/573 6389/15/573 6390/15/573
f 6368/15/805 6367/15/805 6382/15/805 6383/15/805
f 6376/15/575 6375/15/575 6390/15/575 6391/15/575
f 6369/15/576 6368/15/576 6383/15/576 6384/15/576
f 6377/15/577 6376/15/577 6391/15/577 6392/15/577
f 6370/15/578 6369/15/578 6384/15/578 6385/15/578
f 6378/15/579 6377/15/579 6392/15/579 6393/15/579
f 6371/15/580 6370/15/580 6385/15/580 6386/15/580
f 6379/15/581 6378/15/581 6393/15/581 6394/15/581
f 6372/15/582 6371/15/582 6386/15/582 6387/15/582
f 6384/15/855 6383/15/855 6398/15/855 6399/15/855
f 6392/15/584 6391/15/584 6406/15/584 6407/15/584
f 6385/15/585 6384/15/585 6399/15/585 6400/15/585
f 6393/15/586 6392/15/586 6407/15/586 6408/15/586
f 6386/15/587 6385/15/587 6400/15/587 6401/15/587
f 6394/15/588 6393/15/588 6408/15/588 6409/15/588
f 6387/15/589 6386/15/589 6401/15/589 6402/15/589
f 6395/15/856 6394/15/856 6409/15/856 6410/15/856
f 6388/15/591 6387/15/591 6402/15/591 6403/15/591
f 6396/15/921 6395/15/921 6410/15/921 6411/15/921
f 6389/15/806 6388/15/806 6403/15/806 6404/15/806
f 6382/15/594 6080/15/594 6397/15/594
f 6306/15/595 6396/15/595 6411/15/595
f 6390/15/807 6389/15/807 6404/15/807 6405/15/807
f 6383/15/922 6382/15/922 6397/15/922 6398/15/922
f 6391/15/598 6390/15/598 6405/15/598 6406/15/598
f 6403/15/599 6402/15/599 6417/15/599 6418/15/599
f 6411/15/600 6410/15/600 6425/15/600 6426/15/600
f 6404/15/601 6403/15/601 6418/15/601 6419/15/601
f 6397/15/602 6080/15/602 6412/15/602
f 6306/15/603 6411/15/603 6426/15/603
f 6405/15/604 6404/15/604 6419/15/604 6420/15/604
f 6398/15/858 6397/15/858 6412/15/858 6413/15/858
f 6406/15/606 6405/15/606 6420/15/606 6421/15/606
f 6399/15/607 6398/15/607 6413/15/607 6414/15/607
f 6407/15/608 6406/15/608 6421/15/608 6422/15/608
f 6400/15/609 6399/15/609 6414/15/609 6415/15/609
f 6408/15/610 6407/15/610 6422/15/610 6423/15/610
f 6401/15/611 6400/15/611 6415/15/611 6416/15/611
f 6409/15/612 6408/15/612 6423/15/612 6424/15/612
f 6402/15/613 6401/15/613 6416/15/613 6417/15/613
f 6410/15/614 6409/15/614 6424/15/614 6425/15/614
f 6422/15/615 6421/15/615 6436/15/615 6437/15/615
f 6415/15/616 6414/15/616 6429/15/616 6430/15/616
f 6423/15/617 6422/15/617 6437/15/617 6438/15/617
f 6416/15/618 6415/15/618 6430/15/618 6431/15/618
f 6424/15/619 6423/15/619 6438/15/619 6439/15/619
f 6417/15/620 6416/15/620 6431/15/620 6432/15/620
f 6425/15/621 6424/15/621 6439/15/621 6440/15/621
f 6418/15/622 6417/15/622 6432/15/622 6433/15/622
f 6426/15/623 6425/15/623 6440/15/623 6441/15/623
f 6419/15/826 6418/15/826 6433/15/826 6434/15/826
f 6412/15/625 6080/15/625 6427/15/625
f 6306/15/626 6426/15/626 6441/15/626
f 6420/15/827 6419/15/827 6434/15/827 6435/15/827
f 6413/15/628 6412/15/628 6427/15/628 6428/15/628
f 6421/15/629 6420/15/629 6435/15/629 6436/15/629
f 6414/15/630 6413/15/630 6428/15/630 6429/15/630
f 6441/15/631 6440/15/631 6455/15/631 6456/15/631
f 6434/15/828 6433/15/828 6448/15/828 6449/15/828
f 6427/15/633 6080/15/633 6442/15/633
f 6306/15/634 6441/15/634 6456/15/634
f 6435/15/829 6434/15/829 6449/15/829 6450/15/829
f 6428/15/636 6427/15/636 6442/15/636 6443/15/636
f 6436/15/637 6435/15/637 6450/15/637 6451/15/637
f 6429/15/755 6428/15/755 6443/15/755 6444/15/755
f 6437/15/639 6436/15/639 6451/15/639 6452/15/639
f 6430/15/640 6429/15/640 6444/15/640 6445/15/640
f 6438/15/641 6437/15/641 6452/15/641 6453/15/641
f 6431/15/642 6430/15/642 6445/15/642 6446/15/642
f 6439/15/643 6438/15/643 6453/15/643 6454/15/643
f 6432/15/644 6431/15/644 6446/15/644 6447/15/644
f 6440/15/645 6439/15/645 6454/15/645 6455/15/645
f 6433/15/646 6432/15/646 6447/15/646 6448/15/646
f 6453/15/647 6452/15/647 6467/15/647 6468/15/647
f 6446/15/648 6445/15/648 6460/15/648 6461/15/648
f 6454/15/649 6453/15/649 6468/15/649 6469/15/649
f 6447/15/923 6446/15/923 6461/15/923 6462/15/923
f 6455/15/651 6454/15/651 6469/15/651 6470/15/651
f 6448/15/652 6447/15/652 6462/15/652 6463/15/652
f 6456/15/757 6455/15/757 6470/15/757 6471/15/757
f 6449/15/654 6448/15/654 6463/15/654 6464/15/654
f 6442/15/655 6080/15/655 6457/15/655
f 6306/15/656 6456/15/656 6471/15/656
f 6450/15/657 6449/15/657 6464/15/657 6465/15/657
f 6443/15/859 6442/15/859 6457/15/859 6458/15/859
f 6451/15/659 6450/15/659 6465/15/659 6466/15/659
f 6444/15/810 6443/15/810 6458/15/810 6459/15/810
f 6452/15/924 6451/15/924 6466/15/924 6467/15/924
f 6445/15/662 6444/15/662 6459/15/662 6460/15/662
f 6457/15/663 6080/15/663 6472/15/663
f 6306/15/664 6471/15/664 6480/15/664
f 6465/15/665 6464/15/665 6002/15/665 6003/15/665
f 6458/15/666 6457/15/666 6472/15/666 6473/15/666
f 6466/15/667 6465/15/667 6003/15/667 6476/15/667
f 6459/15/668 6458/15/668 6473/15/668 5999/15/668
f 6467/15/669 6466/15/669 6476/15/669 6004/15/669
f 6460/15/670 6459/15/670 5999/15/670 6474/15/670
f 6468/15/671 6467/15/671 6004/15/671 6477/15/671
f 6461/15/672 6460/15/672 6474/15/672 6000/15/672
f 6469/15/673 6468/15/673 6477/15/673 6478/15/673
f 6462/15/674 6461/15/674 6000/15/674 6475/15/674
f 6470/15/675 6469/15/675 6478/15/675 6479/15/675
f 6463/15/676 6462/15/676 6475/15/676 6001/15/676
f 6471/15/677 6470/15/677 6479/15/677 6480/15/677
f 6464/15/678 6463/15/678 6001/15/678 6002/15/678
f 6484/15/167 6483/15/167 6493/15/167 6494/15/167
f 6954/15/168 6562/15/168 6487/15/168
f 6788/15/169 6962/15/169 6501/15/169
f 6485/15/868 6484/15/868 6494/15/868 6495/15/868
f 6955/15/171 6954/15/171 6487/15/171 6488/15/171
f 6958/15/172 6485/15/172 6495/15/172 6496/15/172
f 6481/15/173 6955/15/173 6488/15/173 6489/15/173
f 6486/15/174 6958/15/174 6496/15/174 6497/15/174
f 6956/15/175 6481/15/175 6489/15/175 6490/15/175
f 6959/15/176 6486/15/176 6497/15/176 6498/15/176
f 6482/15/177 6956/15/177 6490/15/177 6491/15/177
f 6960/15/178 6959/15/178 6498/15/178 6499/15/178
f 6957/15/179 6482/15/179 6491/15/179 6492/15/179
f 6961/15/180 6960/15/180 6499/15/180 6500/15/180
f 6483/15/181 6957/15/181 6492/15/181 6493/15/181
f 6962/15/925 6961/15/925 6500/15/925 6501/15/925
f 6500/15/183 6499/15/183 6514/15/183 6515/15/183
f 6493/15/184 6492/15/184 6507/15/184 6508/15/184
f 6501/15/907 6500/15/907 6515/15/907 6516/15/907
f 6494/15/186 6493/15/186 6508/15/186 6509/15/186
f 6487/15/187 6562/15/187 6502/15/187
f 6788/15/188 6501/15/188 6516/15/188
f 6495/15/189 6494/15/189 6509/15/189 6510/15/189
f 6488/15/685 6487/15/685 6502/15/685 6503/15/685
f 6496/15/191 6495/15/191 6510/15/191 6511/15/191
f 6489/15/192 6488/15/192 6503/15/192 6504/15/192
f 6497/15/193 6496/15/193 6511/15/193 6512/15/193
f 6490/15/194 6489/15/194 6504/15/194 6505/15/194
f 6498/15/195 6497/15/195 6512/15/195 6513/15/195
f 6491/15/196 6490/15/196 6505/15/196 6506/15/196
f 6499/15/197 6498/15/197 6513/15/197 6514/15/197
f 6492/15/198 6491/15/198 6506/15/198 6507/15/198
f 6512/15/199 6511/15/199 6526/15/199 6527/15/199
f 6505/15/200 6504/15/200 6519/15/200 6520/15/200
f 6513/15/201 6512/15/201 6527/15/201 6528/15/201
f 6506/15/202 6505/15/202 6520/15/202 6521/15/202
f 6514/15/203 6513/15/203 6528/15/203 6529/15/203
f 6507/15/204 6506/15/204 6521/15/204 6522/15/204
f 6515/15/205 6514/15/205 6529/15/205 6530/15/205
f 6508/15/206 6507/15/206 6522/15/206 6523/15/206
f 6516/15/768 6515/15/768 6530/15/768 6531/15/768
f 6509/15/208 6508/15/208 6523/15/208 6524/15/208
f 6502/15/209 6562/15/209 6517/15/209
f 6788/15/769 6516/15/769 6531/15/769
f 6510/15/211 6509/15/211 6524/15/211 6525/15/211
f 6503/15/212 6502/15/212 6517/15/212 6518/15/212
f 6511/15/213 6510/15/213 6525/15/213 6526/15/213
f 6504/15/214 6503/15/214 6518/15/214 6519/15/214
f 6531/15/869 6530/15/869 6545/15/869 6546/15/869
f 6524/15/216 6523/15/216 6538/15/216 6539/15/216
f 6517/15/217 6562/15/217 6532/15/217
f 6788/15/218 6531/15/218 6546/15/218
f 6525/15/219 6524/15/219 6539/15/219 6540/15/219
f 6518/15/693 6517/15/693 6532/15/693 6533/15/693
f 6526/15/221 6525/15/221 6540/15/221 6541/15/221
f 6519/15/222 6518/15/222 6533/15/222 6534/15/222
f 6527/15/223 6526/15/223 6541/15/223 6542/15/223
f 6520/15/224 6519/15/224 6534/15/224 6535/15/224
f 6528/15/225 6527/15/225 6542/15/225 6543/15/225
f 6521/15/226 6520/15/226 6535/15/226 6536/15/226
f 6529/15/227 6528/15/227 6543/15/227 6544/15/227
f 6522/15/228 6521/15/228 6536/15/228 6537/15/228
f 6530/15/229 6529/15/229 6544/15/229 6545/15/229
f 6523/15/230 6522/15/230 6537/15/230 6538/15/230
f 6535/15/231 6534/15/231 6549/15/231 6550/15/231
f 6543/15/232 6542/15/232 6557/15/232 6558/15/232
f 6536/15/233 6535/15/233 6550/15/233 6551/15/233
f 6544/15/234 6543/15/234 6558/15/234 6559/15/234
f 6537/15/235 6536/15/235 6551/15/235 6552/15/235
f 6545/15/236 6544/15/236 6559/15/236 6560/15/236
f 6538/15/237 6537/15/237 6552/15/237 6553/15/237
f 6546/15/238 6545/15/238 6560/15/238 6561/15/238
f 6539/15/239 6538/15/239 6553/15/239 6554/15/239
f 6532/15/240 6562/15/240 6547/15/240
f 6788/15/241 6546/15/241 6561/15/241
f 6540/15/242 6539/15/242 6554/15/242 6555/15/242
f 6533/15/243 6532/15/243 6547/15/243 6548/15/243
f 6541/15/244 6540/15/244 6555/15/244 6556/15/244
f 6534/15/245 6533/15/245 6548/15/245 6549/15/245
f 6542/15/246 6541/15/246 6556/15/246 6557/15/246
f 6554/15/247 6553/15/247 6569/15/247 6570/15/247
f 6547/15/834 6562/15/834 6563/15/834
f 6788/15/835 6561/15/835 6577/15/835
f 6555/15/250 6554/15/250 6570/15/250 6571/15/250
f 6548/15/698 6547/15/698 6563/15/698 6564/15/698
f 6556/15/252 6555/15/252 6571/15/252 6572/15/252
f 6549/15/861 6548/15/861 6564/15/861 6565/15/861
f 6557/15/254 6556/15/254 6572/15/254 6573/15/254
f 6550/15/255 6549/15/255 6565/15/255 6566/15/255
f 6558/15/256 6557/15/256 6573/15/256 6574/15/256
f 6551/15/257 6550/15/257 6566/15/257 6567/15/257
f 6559/15/258 6558/15/258 6574/15/258 6575/15/258
f 6552/15/259 6551/15/259 6567/15/259 6568/15/259
f 6560/15/260 6559/15/260 6575/15/260 6576/15/260
f 6553/15/261 6552/15/261 6568/15/261 6569/15/261
f 6561/15/700 6560/15/700 6576/15/700 6577/15/700
f 6574/15/263 6573/15/263 6588/15/263 6589/15/263
f 6567/15/264 6566/15/264 6581/15/264 6582/15/264
f 6575/15/265 6574/15/265 6589/15/265 6590/15/265
f 6568/15/266 6567/15/266 6582/15/266 6583/15/266
f 6576/15/267 6575/15/267 6590/15/267 6591/15/267
f 6569/15/268 6568/15/268 6583/15/268 6584/15/268
f 6577/15/269 6576/15/269 6591/15/269 6592/15/269
f 6570/15/270 6569/15/270 6584/15/270 6585/15/270
f 6563/15/271 6562/15/271 6578/15/271
f 6788/15/272 6577/15/272 6592/15/272
f 6571/15/273 6570/15/273 6585/15/273 6586/15/273
f 6564/15/274 6563/15/274 6578/15/274 6579/15/274
f 6572/15/275 6571/15/275 6586/15/275 6587/15/275
f 6565/15/276 6564/15/276 6579/15/276 6580/15/276
f 6573/15/277 6572/15/277 6587/15/277 6588/15/277
f 6566/15/278 6565/15/278 6580/15/278 6581/15/278
f 6578/15/705 6562/15/705 6593/15/705
f 6788/15/706 6592/15/706 6607/15/706
f 6586/15/777 6585/15/777 6600/15/777 6601/15/777
f 6579/15/282 6578/15/282 6593/15/282 6594/15/282
f 6587/15/283 6586/15/283 6601/15/283 6602/15/283
f 6580/15/284 6579/15/284 6594/15/284 6595/15/284
f 6588/15/285 6587/15/285 6602/15/285 6603/15/285
f 6581/15/286 6580/15/286 6595/15/286 6596/15/286
f 6589/15/287 6588/15/287 6603/15/287 6604/15/287
f 6582/15/288 6581/15/288 6596/15/288 6597/15/288
f 6590/15/289 6589/15/289 6604/15/289 6605/15/289
f 6583/15/290 6582/15/290 6597/15/290 6598/15/290
f 6591/15/291 6590/15/291 6605/15/291 6606/15/291
f 6584/15/292 6583/15/292 6598/15/292 6599/15/292
f 6592/15/293 6591/15/293 6606/15/293 6607/15/293
f 6585/15/778 6584/15/778 6599/15/778 6600/15/778
f 6597/15/295 6596/15/295 6611/15/295 6612/15/295
f 6605/15/296 6604/15/296 6619/15/296 6620/15/296
f 6598/15/297 6597/15/297 6612/15/297 6613/15/297
f 6606/15/298 6605/15/298 6620/15/298 6621/15/298
f 6599/15/299 6598/15/299 6613/15/299 6614/15/299
f 6607/15/300 6606/15/300 6621/15/300 6622/15/300
f 6600/15/779 6599/15/779 6614/15/779 6615/15/779
f 6593/15/710 6562/15/710 6608/15/710
f 6788/15/711 6607/15/711 6622/15/711
f 6601/15/780 6600/15/780 6615/15/780 6616/15/780
f 6594/15/305 6593/15/305 6608/15/305 6609/15/305
f 6602/15/306 6601/15/306 6616/15/306 6617/15/306
f 6595/15/307 6594/15/307 6609/15/307 6610/15/307
f 6603/15/308 6602/15/308 6617/15/308 6618/15/308
f 6596/15/309 6595/15/309 6610/15/309 6611/15/309
f 6604/15/310 6603/15/310 6618/15/310 6619/15/310
f 6616/15/311 6615/15/311 6630/15/311 6631/15/311
f 6609/15/781 6608/15/781 6623/15/781 6624/15/781
f 6617/15/313 6616/15/313 6631/15/313 6632/15/313
f 6610/15/314 6609/15/314 6624/15/314 6625/15/314
f 6618/15/315 6617/15/315 6632/15/315 6633/15/315
f 6611/15/316 6610/15/316 6625/15/316 6626/15/316
f 6619/15/317 6618/15/317 6633/15/317 6634/15/317
f 6612/15/318 6611/15/318 6626/15/318 6627/15/318
f 6620/15/319 6619/15/319 6634/15/319 6635/15/319
f 6613/15/320 6612/15/320 6627/15/320 6628/15/320
f 6621/15/321 6620/15/321 6635/15/321 6636/15/321
f 6614/15/322 6613/15/322 6628/15/322 6629/15/322
f 6622/15/323 6621/15/323 6636/15/323 6637/15/323
f 6615/15/324 6614/15/324 6629/15/324 6630/15/324
f 6608/15/325 6562/15/325 6623/15/325
f 6788/15/326 6622/15/326 6637/15/326
f 6635/15/327 6634/15/327 6649/15/327 6650/15/327
f 6628/15/328 6627/15/328 6642/15/328 6643/15/328
f 6636/15/872 6635/15/872 6650/15/872 6651/15/872
f 6629/15/330 6628/15/330 6643/15/330 6644/15/330
f 6637/15/331 6636/15/331 6651/15/331 6652/15/331
f 6630/15/841 6629/15/841 6644/15/841 6645/15/841
f 6623/15/333 6562/15/333 6638/15/333
f 6788/15/334 6637/15/334 6652/15/334
f 6631/15/335 6630/15/335 6645/15/335 6646/15/335
f 6624/15/719 6623/15/719 6638/15/719 6639/15/719
f 6632/15/337 6631/15/337 6646/15/337 6647/15/337
f 6625/15/874 6624/15/874 6639/15/874 6640/15/874
f 6633/15/339 6632/15/339 6647/15/339 6648/15/339
f 6626/15/340 6625/15/340 6640/15/340 6641/15/340
f 6634/15/341 6633/15/341 6648/15/341 6649/15/341
f 6627/15/342 6626/15/342 6641/15/342 6642/15/342
f 6647/15/343 6646/15/343 6661/15/343 6662/15/343
f 6640/15/344 6639/15/344 6654/15/344 6655/15/344
f 6648/15/345 6647/15/345 6662/15/345 6663/15/345
f 6641/15/346 6640/15/346 6655/15/346 6656/15/346
f 6649/15/347 6648/15/347 6663/15/347 6664/15/347
f 6642/15/348 6641/15/348 6656/15/348 6657/15/348
f 6650/15/349 6649/15/349 6664/15/349 6665/15/349
f 6643/15/350 6642/15/350 6657/15/350 6658/15/350
f 6651/15/351 6650/15/351 6665/15/351 6666/15/351
f 6644/15/352 6643/15/352 6658/15/352 6659/15/352
f 6652/15/353 6651/15/353 6666/15/353 6667/15/353
f 6645/15/354 6644/15/354 6659/15/354 6660/15/354
f 6638/15/355 6562/15/355 6653/15/355
f 6788/15/356 6652/15/356 6667/15/356
f 6646/15/357 6645/15/357 6660/15/357 6661/15/357
f 6639/15/358 6638/15/358 6653/15/358 6654/15/358
f 6666/15/359 6665/15/359 6680/15/359 6681/15/359
f 6659/15/360 6658/15/360 6673/15/360 6674/15/360
f 6667/15/361 6666/15/361 6681/15/361 6682/15/361
f 6660/15/362 6659/15/362 6674/15/362 6675/15/362
f 6653/15/363 6562/15/363 6668/15/363
f 6788/15/364 6667/15/364 6682/15/364
f 6661/15/365 6660/15/365 6675/15/365 6676/15/365
f 6654/15/366 6653/15/366 6668/15/366 6669/15/366
f 6662/15/367 6661/15/367 6676/15/367 6677/15/367
f 6655/15/368 6654/15/368 6669/15/368 6670/15/368
f 6663/15/369 6662/15/369 6677/15/369 6678/15/369
f 6656/15/370 6655/15/370 6670/15/370 6671/15/370
f 6664/15/371 6663/15/371 6678/15/371 6679/15/371
f 6657/15/372 6656/15/372 6671/15/372 6672/15/372
f 6665/15/373 6664/15/373 6679/15/373 6680/15/373
f 6658/15/374 6657/15/374 6672/15/374 6673/15/374
f 6670/15/724 6669/15/724 6684/15/724 6685/15/724
f 6678/15/376 6677/15/376 6692/15/376 6693/15/376
f 6671/15/377 6670/15/377 6685/15/377 6686/15/377
f 6679/15/378 6678/15/378 6693/15/378 6694/15/378
f 6672/15/379 6671/15/379 6686/15/379 6687/15/379
f 6680/15/380 6679/15/380 6694/15/380 6695/15/380
f 6673/15/381 6672/15/381 6687/15/381 6688/15/381
f 6681/15/725 6680/15/725 6695/15/725 6696/15/725
f 6674/15/383 6673/15/383 6688/15/383 6689/15/383
f 6682/15/384 6681/15/384 6696/15/384 6697/15/384
f 6675/15/385 6674/15/385 6689/15/385 6690/15/385
f 6668/15/386 6562/15/386 6683/15/386
f 6788/15/875 6682/15/875 6697/15/875
f 6676/15/388 6675/15/388 6690/15/388 6691/15/388
f 6669/15/389 6668/15/389 6683/15/389 6684/15/389
f 6677/15/390 6676/15/390 6691/15/390 6692/15/390
f 6689/15/391 6688/15/391 6703/15/391 6704/15/391
f 6697/15/392 6696/15/392 6711/15/392 6712/15/392
f 6690/15/393 6689/15/393 6704/15/393 6705/15/393
f 6683/15/394 6562/15/394 6698/15/394
f 6788/15/395 6697/15/395 6712/15/395
f 6691/15/396 6690/15/396 6705/15/396 6706/15/396
f 6684/15/729 6683/15/729 6698/15/729 6699/15/729
f 6692/15/398 6691/15/398 6706/15/398 6707/15/398
f 6685/15/788 6684/15/788 6699/15/788 6700/15/788
f 6693/15/400 6692/15/400 6707/15/400 6708/15/400
f 6686/15/401 6685/15/401 6700/15/401 6701/15/401
f 6694/15/402 6693/15/402 6708/15/402 6709/15/402
f 6687/15/403 6686/15/403 6701/15/403 6702/15/403
f 6695/15/404 6694/15/404 6709/15/404 6710/15/404
f 6688/15/405 6687/15/405 6702/15/405 6703/15/405
f 6696/15/406 6695/15/406 6710/15/406 6711/15/406
f 6708/15/407 6707/15/407 6722/15/407 6723/15/407
f 6701/15/408 6700/15/408 6715/15/408 6716/15/408
f 6709/15/409 6708/15/409 6723/15/409 6724/15/409
f 6702/15/410 6701/15/410 6716/15/410 6717/15/410
f 6710/15/411 6709/15/411 6724/15/411 6725/15/411
f 6703/15/412 6702/15/412 6717/15/412 6718/15/412
f 6711/15/413 6710/15/413 6725/15/413 6726/15/413
f 6704/15/414 6703/15/414 6718/15/414 6719/15/414
f 6712/15/926 6711/15/926 6726/15/926 6727/15/926
f 6705/15/416 6704/15/416 6719/15/416 6720/15/416
f 6698/15/417 6562/15/417 6713/15/417
f 6788/15/418 6712/15/418 6727/15/418
f 6706/15/419 6705/15/419 6720/15/419 6721/15/419
f 6699/15/420 6698/15/420 6713/15/420 6714/15/420
f 6707/15/421 6706/15/421 6721/15/421 6722/15/421
f 6700/15/422 6699/15/422 6714/15/422 6715/15/422
f 6727/15/927 6726/15/927 6741/15/927 6742/15/927
f 6720/15/791 6719/15/791 6734/15/791 6735/15/791
f 6713/15/425 6562/15/425 6728/15/425
f 6788/15/426 6727/15/426 6742/15/426
f 6721/15/792 6720/15/792 6735/15/792 6736/15/792
f 6714/15/428 6713/15/428 6728/15/428 6729/15/428
f 6722/15/429 6721/15/429 6736/15/429 6737/15/429
f 6715/15/430 6714/15/430 6729/15/430 6730/15/430
f 6723/15/431 6722/15/431 6737/15/431 6738/15/431
f 6716/15/432 6715/15/432 6730/15/432 6731/15/432
f 6724/15/433 6723/15/433 6738/15/433 6739/15/433
f 6717/15/434 6716/15/434 6731/15/434 6732/15/434
f 6725/15/435 6724/15/435 6739/15/435 6740/15/435
f 6718/15/436 6717/15/436 6732/15/436 6733/15/436
f 6726/15/437 6725/15/437 6740/15/437 6741/15/437
f 6719/15/438 6718/15/438 6733/15/438 6734/15/438
f 6731/15/439 6730/15/439 6745/15/439 6746/15/439
f 6739/15/440 6738/15/440 6753/15/440 6754/15/440
f 6732/15/441 6731/15/441 6746/15/441 6747/15/441
f 6740/15/442 6739/15/442 6754/15/442 6755/15/442
f 6733/15/443 6732/15/443 6747/15/443 6748/15/443
f 6741/15/793 6740/15/793 6755/15/793 6756/15/793
f 6734/15/445 6733/15/445 6748/15/445 6749/15/445
f 6742/15/446 6741/15/446 6756/15/446 6757/15/446
f 6735/15/447 6734/15/447 6749/15/447 6750/15/447
f 6728/15/448 6562/15/448 6743/15/448
f 6788/15/449 6742/15/449 6757/15/449
f 6736/15/450 6735/15/450 6750/15/450 6751/15/450
f 6729/15/794 6728/15/794 6743/15/794 6744/15/794
f 6737/15/452 6736/15/452 6751/15/452 6752/15/452
f 6730/15/453 6729/15/453 6744/15/453 6745/15/453
f 6738/15/454 6737/15/454 6752/15/454 6753/15/454
f 6750/15/455 6749/15/455 6764/15/455 6765/15/455
f 6743/15/928 6562/15/928 6758/15/928
f 6788/15/876 6757/15/876 6772/15/876
f 6751/15/458 6750/15/458 6765/15/458 6766/15/458
f 6744/15/459 6743/15/459 6758/15/459 6759/15/459
f 6752/15/460 6751/15/460 6766/15/460 6767/15/460
f 6745/15/461 6744/15/461 6759/15/461 6760/15/461
f 6753/15/462 6752/15/462 6767/15/462 6768/15/462
f 6746/15/463 6745/15/463 6760/15/463 6761/15/463
f 6754/15/464 6753/15/464 6768/15/464 6769/15/464
f 6747/15/465 6746/15/465 6761/15/465 6762/15/465
f 6755/15/466 6754/15/466 6769/15/466 6770/15/466
f 6748/15/467 6747/15/467 6762/15/467 6763/15/467
f 6756/15/468 6755/15/468 6770/15/468 6771/15/468
f 6749/15/469 6748/15/469 6763/15/469 6764/15/469
f 6757/15/929 6756/15/929 6771/15/929 6772/15/929
f 6769/15/471 6768/15/471 6783/15/471 6784/15/471
f 6762/15/472 6761/15/472 6776/15/472 6777/15/472
f 6770/15/473 6769/15/473 6784/15/473 6785/15/473
f 6763/15/474 6762/15/474 6777/15/474 6778/15/474
f 6771/15/475 6770/15/475 6785/15/475 6786/15/475
f 6764/15/476 6763/15/476 6778/15/476 6779/15/476
f 6772/15/477 6771/15/477 6786/15/477 6787/15/477
f 6765/15/478 6764/15/478 6779/15/478 6780/15/478
f 6758/15/479 6562/15/479 6773/15/479
f 6788/15/480 6772/15/480 6787/15/480
f 6766/15/481 6765/15/481 6780/15/481 6781/15/481
f 6759/15/482 6758/15/482 6773/15/482 6774/15/482
f 6767/15/483 6766/15/483 6781/15/483 6782/15/483
f 6760/15/484 6759/15/484 6774/15/484 6775/15/484
f 6768/15/485 6767/15/485 6782/15/485 6783/15/485
f 6761/15/486 6760/15/486 6775/15/486 6776/15/486
f 6788/15/487 6787/15/487 6803/15/487
f 6781/15/488 6780/15/488 6796/15/488 6797/15/488
f 6774/15/489 6773/15/489 6789/15/489 6790/15/489
f 6782/15/490 6781/15/490 6797/15/490 6798/15/490
f 6775/15/491 6774/15/491 6790/15/491 6791/15/491
f 6783/15/492 6782/15/492 6798/15/492 6799/15/492
f 6776/15/493 6775/15/493 6791/15/493 6792/15/493
f 6784/15/494 6783/15/494 6799/15/494 6800/15/494
f 6777/15/495 6776/15/495 6792/15/495 6793/15/495
f 6785/15/496 6784/15/496 6800/15/496 6801/15/496
f 6778/15/497 6777/15/497 6793/15/497 6794/15/497
f 6786/15/498 6785/15/498 6801/15/498 6802/15/498
f 6779/15/499 6778/15/499 6794/15/499 6795/15/499
f 6787/15/500 6786/15/500 6802/15/500 6803/15/500
f 6780/15/501 6779/15/501 6795/15/501 6796/15/501
f 6773/15/502 6562/15/502 6789/15/502
f 6801/15/503 6800/15/503 6815/15/503 6816/15/503
f 6794/15/504 6793/15/504 6808/15/504 6809/15/504
f 6802/15/877 6801/15/877 6816/15/877 6817/15/877
f 6795/15/506 6794/15/506 6809/15/506 6810/15/506
f 6803/15/741 6802/15/741 6817/15/741 6818/15/741
f 6796/15/508 6795/15/508 6810/15/508 6811/15/508
f 6789/15/851 6562/15/851 6804/15/851
f 6788/15/510 6803/15/510 6818/15/510
f 6797/15/511 6796/15/511 6811/15/511 6812/15/511
f 6790/15/742 6789/15/742 6804/15/742 6805/15/742
f 6798/15/513 6797/15/513 6812/15/513 6813/15/513
f 6791/15/802 6790/15/802 6805/15/802 6806/15/802
f 6799/15/515 6798/15/515 6813/15/515 6814/15/515
f 6792/15/516 6791/15/516 6806/15/516 6807/15/516
f 6800/15/517 6799/15/517 6814/15/517 6815/15/517
f 6793/15/518 6792/15/518 6807/15/518 6808/15/518
f 6805/15/519 6804/15/519 6819/15/519 6820/15/519
f 6813/15/520 6812/15/520 6827/15/520 6828/15/520
f 6806/15/521 6805/15/521 6820/15/521 6821/15/521
f 6814/15/522 6813/15/522 6828/15/522 6829/15/522
f 6807/15/523 6806/15/523 6821/15/523 6822/15/523
f 6815/15/524 6814/15/524 6829/15/524 6830/15/524
f 6808/15/525 6807/15/525 6822/15/525 6823/15/525
f 6816/15/526 6815/15/526 6830/15/526 6831/15/526
f 6809/15/527 6808/15/527 6823/15/527 6824/15/527
f 6817/15/743 6816/15/743 6831/15/743 6832/15/743
f 6810/15/529 6809/15/529 6824/15/529 6825/15/529
f 6818/15/530 6817/15/530 6832/15/530 6833/15/530
f 6811/15/531 6810/15/531 6825/15/531 6826/15/531
f 6804/15/803 6562/15/803 6819/15/803
f 6788/15/533 6818/15/533 6833/15/533
f 6812/15/534 6811/15/534 6826/15/534 6827/15/534
f 6824/15/535 6823/15/535 6838/15/535 6839/15/535
f 6832/15/536 6831/15/536 6846/15/536 6847/15/536
f 6825/15/537 6824/15/537 6839/15/537 6840/15/537
f 6833/15/538 6832/15/538 6847/15/538 6848/15/538
f 6826/15/930 6825/15/930 6840/15/930 6841/15/930
f 6819/15/540 6562/15/540 6834/15/540
f 6788/15/541 6833/15/541 6848/15/541
f 6827/15/931 6826/15/931 6841/15/931 6842/15/931
f 6820/15/543 6819/15/543 6834/15/543 6835/15/543
f 6828/15/544 6827/15/544 6842/15/544 6843/15/544
f 6821/15/545 6820/15/545 6835/15/545 6836/15/545
f 6829/15/546 6828/15/546 6843/15/546 6844/15/546
f 6822/15/547 6821/15/547 6836/15/547 6837/15/547
f 6830/15/548 6829/15/548 6844/15/548 6845/15/548
f 6823/15/549 6822/15/549 6837/15/549 6838/15/549
f 6831/15/550 6830/15/550 6845/15/550 6846/15/550
f 6843/15/551 6842/15/551 6857/15/551 6858/15/551
f 6836/15/552 6835/15/552 6850/15/552 6851/15/552
f 6844/15/553 6843/15/553 6858/15/553 6859/15/553
f 6837/15/554 6836/15/554 6851/15/554 6852/15/554
f 6845/15/555 6844/15/555 6859/15/555 6860/15/555
f 6838/15/556 6837/15/556 6852/15/556 6853/15/556
f 6846/15/557 6845/15/557 6860/15/557 6861/15/557
f 6839/15/558 6838/15/558 6853/15/558 6854/15/558
f 6847/15/559 6846/15/559 6861/15/559 6862/15/559
f 6840/15/560 6839/15/560 6854/15/560 6855/15/560
f 6848/15/561 6847/15/561 6862/15/561 6863/15/561
f 6841/15/819 6840/15/819 6855/15/819 6856/15/819
f 6834/15/563 6562/15/563 6849/15/563
f 6788/15/564 6848/15/564 6863/15/564
f 6842/15/820 6841/15/820 6856/15/820 6857/15/820
f 6835/15/566 6834/15/566 6849/15/566 6850/15/566
f 6862/15/567 6861/15/567 6876/15/567 6877/15/567
f 6855/15/568 6854/15/568 6869/15/568 6870/15/568
f 6863/15/879 6862/15/879 6877/15/879 6878/15/879
f 6856/15/570 6855/15/570 6870/15/570 6871/15/570
f 6849/15/571 6562/15/571 6864/15/571
f 6788/15/572 6863/15/572 6878/15/572
f 6857/15/573 6856/15/573 6871/15/573 6872/15/573
f 6850/15/805 6849/15/805 6864/15/805 6865/15/805
f 6858/15/575 6857/15/575 6872/15/575 6873/15/575
f 6851/15/576 6850/15/576 6865/15/576 6866/15/576
f 6859/15/577 6858/15/577 6873/15/577 6874/15/577
f 6852/15/578 6851/15/578 6866/15/578 6867/15/578
f 6860/15/579 6859/15/579 6874/15/579 6875/15/579
f 6853/15/580 6852/15/580 6867/15/580 6868/15/580
f 6861/15/581 6860/15/581 6875/15/581 6876/15/581
f 6854/15/582 6853/15/582 6868/15/582 6869/15/582
f 6866/15/855 6865/15/855 6880/15/855 6881/15/855
f 6874/15/584 6873/15/584 6888/15/584 6889/15/584
f 6867/15/585 6866/15/585 6881/15/585 6882/15/585
f 6875/15/586 6874/15/586 6889/15/586 6890/15/586
f 6868/15/587 6867/15/587 6882/15/587 6883/15/587
f 6876/15/588 6875/15/588 6890/15/588 6891/15/588
f 6869/15/589 6868/15/589 6883/15/589 6884/15/589
f 6877/15/856 6876/15/856 6891/15/856 6892/15/856
f 6870/15/591 6869/15/591 6884/15/591 6885/15/591
f 6878/15/880 6877/15/880 6892/15/880 6893/15/880
f 6871/15/806 6870/15/806 6885/15/806 6886/15/806
f 6864/15/594 6562/15/594 6879/15/594
f 6788/15/595 6878/15/595 6893/15/595
f 6872/15/596 6871/15/596 6886/15/596 6887/15/596
f 6865/15/749 6864/15/749 6879/15/749 6880/15/749
f 6873/15/598 6872/15/598 6887/15/598 6888/15/598
f 6885/15/599 6884/15/599 6899/15/599 6900/15/599
f 6893/15/600 6892/15/600 6907/15/600 6908/15/600
f 6886/15/601 6885/15/601 6900/15/601 6901/15/601
f 6879/15/602 6562/15/602 6894/15/602
f 6788/15/603 6893/15/603 6908/15/603
f 6887/15/604 6886/15/604 6901/15/604 6902/15/604
f 6880/15/605 6879/15/605 6894/15/605 6895/15/605
f 6888/15/606 6887/15/606 6902/15/606 6903/15/606
f 6881/15/607 6880/15/607 6895/15/607 6896/15/607
f 6889/15/608 6888/15/608 6903/15/608 6904/15/608
f 6882/15/609 6881/15/609 6896/15/609 6897/15/609
f 6890/15/610 6889/15/610 6904/15/610 6905/15/610
f 6883/15/611 6882/15/611 6897/15/611 6898/15/611
f 6891/15/612 6890/15/612 6905/15/612 6906/15/612
f 6884/15/613 6883/15/613 6898/15/613 6899/15/613
f 6892/15/614 6891/15/614 6906/15/614 6907/15/614
f 6904/15/615 6903/15/615 6918/15/615 6919/15/615
f 6897/15/616 6896/15/616 6911/15/616 6912/15/616
f 6905/15/617 6904/15/617 6919/15/617 6920/15/617
f 6898/15/618 6897/15/618 6912/15/618 6913/15/618
f 6906/15/619 6905/15/619 6920/15/619 6921/15/619
f 6899/15/620 6898/15/620 6913/15/620 6914/15/620
f 6907/15/621 6906/15/621 6921/15/621 6922/15/621
f 6900/15/622 6899/15/622 6914/15/622 6915/15/622
f 6908/15/623 6907/15/623 6922/15/623 6923/15/623
f 6901/15/624 6900/15/624 6915/15/624 6916/15/624
f 6894/15/625 6562/15/625 6909/15/625
f 6788/15/626 6908/15/626 6923/15/626
f 6902/15/627 6901/15/627 6916/15/627 6917/15/627
f 6895/15/628 6894/15/628 6909/15/628 6910/15/628
f 6903/15/629 6902/15/629 6917/15/629 6918/15/629
f 6896/15/630 6895/15/630 6910/15/630 6911/15/630
f 6923/15/631 6922/15/631 6937/15/631 6938/15/631
f 6916/15/632 6915/15/632 6930/15/632 6931/15/632
f 6909/15/633 6562/15/633 6924/15/633
f 6788/15/634 6923/15/634 6938/15/634
f 6917/15/635 6916/15/635 6931/15/635 6932/15/635
f 6910/15/636 6909/15/636 6924/15/636 6925/15/636
f 6918/15/637 6917/15/637 6932/15/637 6933/15/637
f 6911/15/755 6910/15/755 6925/15/755 6926/15/755
f 6919/15/639 6918/15/639 6933/15/639 6934/15/639
f 6912/15/640 6911/15/640 6926/15/640 6927/15/640
f 6920/15/641 6919/15/641 6934/15/641 6935/15/641
f 6913/15/642 6912/15/642 6927/15/642 6928/15/642
f 6921/15/643 6920/15/643 6935/15/643 6936/15/643
f 6914/15/644 6913/15/644 6928/15/644 6929/15/644
f 6922/15/809 6921/15/809 6936/15/809 6937/15/809
f 6915/15/646 6914/15/646 6929/15/646 6930/15/646
f 6935/15/647 6934/15/647 6949/15/647 6950/15/647
f 6928/15/648 6927/15/648 6942/15/648 6943/15/648
f 6936/15/649 6935/15/649 6950/15/649 6951/15/649
f 6929/15/650 6928/15/650 6943/15/650 6944/15/650
f 6937/15/651 6936/15/651 6951/15/651 6952/15/651
f 6930/15/652 6929/15/652 6944/15/652 6945/15/652
f 6938/15/653 6937/15/653 6952/15/653 6953/15/653
f 6931/15/654 6930/15/654 6945/15/654 6946/15/654
f 6924/15/655 6562/15/655 6939/15/655
f 6788/15/656 6938/15/656 6953/15/656
f 6932/15/657 6931/15/657 6946/15/657 6947/15/657
f 6925/15/859 6924/15/859 6939/15/859 6940/15/859
f 6933/15/659 6932/15/659 6947/15/659 6948/15/659
f 6926/15/810 6925/15/810 6940/15/810 6941/15/810
f 6934/15/661 6933/15/661 6948/15/661 6949/15/661
f 6927/15/662 6926/15/662 6941/15/662 6942/15/662
f 6939/15/761 6562/15/761 6954/15/761
f 6788/15/664 6953/15/664 6962/15/664
f 6947/15/665 6946/15/665 6484/15/665 6485/15/665
f 6940/15/666 6939/15/666 6954/15/666 6955/15/666
f 6948/15/667 6947/15/667 6485/15/667 6958/15/667
f 6941/15/668 6940/15/668 6955/15/668 6481/15/668
f 6949/15/669 6948/15/669 6958/15/669 6486/15/669
f 6942/15/670 6941/15/670 6481/15/670 6956/15/670
f 6950/15/671 6949/15/671 6486/15/671 6959/15/671
f 6943/15/672 6942/15/672 6956/15/672 6482/15/672
f 6951/15/673 6950/15/673 6959/15/673 6960/15/673
f 6944/15/674 6943/15/674 6482/15/674 6957/15/674
f 6952/15/675 6951/15/675 6960/15/675 6961/15/675
f 6945/15/676 6944/15/676 6957/15/676 6483/15/676
f 6953/15/677 6952/15/677 6961/15/677 6962/15/677
f 6946/15/678 6945/15/678 6483/15/678 6484/15/678
f 7448/15/167 7447/15/167 7457/15/167 7458/15/167
f 7918/15/168 7526/15/168 7451/15/168
f 7752/15/169 7926/15/169 7465/15/169
f 7449/15/868 7448/15/868 7458/15/868 7459/15/868
f 7919/15/171 7918/15/171 7451/15/171 7452/15/171
f 7922/15/172 7449/15/172 7459/15/172 7460/15/172
f 7445/15/173 7919/15/173 7452/15/173 7453/15/173
f 7450/15/174 7922/15/174 7460/15/174 7461/15/174
f 7920/15/175 7445/15/175 7453/15/175 7454/15/175
f 7923/15/176 7450/15/176 7461/15/176 7462/15/176
f 7446/15/177 7920/15/177 7454/15/177 7455/15/177
f 7924/15/178 7923/15/178 7462/15/178 7463/15/178
f 7921/15/179 7446/15/179 7455/15/179 7456/15/179
f 7925/15/180 7924/15/180 7463/15/180 7464/15/180
f 7447/15/181 7921/15/181 7456/15/181 7457/15/181
f 7926/15/182 7925/15/182 7464/15/182 7465/15/182
f 7464/15/681 7463/15/681 7478/15/681 7479/15/681
f 7457/15/184 7456/15/184 7471/15/184 7472/15/184
f 7465/15/907 7464/15/907 7479/15/907 7480/15/907
f 7458/15/186 7457/15/186 7472/15/186 7473/15/186
f 7451/15/187 7526/15/187 7466/15/187
f 7752/15/188 7465/15/188 7480/15/188
f 7459/15/189 7458/15/189 7473/15/189 7474/15/189
f 7452/15/685 7451/15/685 7466/15/685 7467/15/685
f 7460/15/191 7459/15/191 7474/15/191 7475/15/191
f 7453/15/192 7452/15/192 7467/15/192 7468/15/192
f 7461/15/193 7460/15/193 7475/15/193 7476/15/193
f 7454/15/194 7453/15/194 7468/15/194 7469/15/194
f 7462/15/195 7461/15/195 7476/15/195 7477/15/195
f 7455/15/196 7454/15/196 7469/15/196 7470/15/196
f 7463/15/197 7462/15/197 7477/15/197 7478/15/197
f 7456/15/198 7455/15/198 7470/15/198 7471/15/198
f 7476/15/199 7475/15/199 7490/15/199 7491/15/199
f 7469/15/200 7468/15/200 7483/15/200 7484/15/200
f 7477/15/201 7476/15/201 7491/15/201 7492/15/201
f 7470/15/202 7469/15/202 7484/15/202 7485/15/202
f 7478/15/203 7477/15/203 7492/15/203 7493/15/203
f 7471/15/204 7470/15/204 7485/15/204 7486/15/204
f 7479/15/205 7478/15/205 7493/15/205 7494/15/205
f 7472/15/206 7471/15/206 7486/15/206 7487/15/206
f 7480/15/207 7479/15/207 7494/15/207 7495/15/207
f 7473/15/208 7472/15/208 7487/15/208 7488/15/208
f 7466/15/209 7526/15/209 7481/15/209
f 7752/15/210 7480/15/210 7495/15/210
f 7474/15/211 7473/15/211 7488/15/211 7489/15/211
f 7467/15/212 7466/15/212 7481/15/212 7482/15/212
f 7475/15/213 7474/15/213 7489/15/213 7490/15/213
f 7468/15/214 7467/15/214 7482/15/214 7483/15/214
f 7495/15/215 7494/15/215 7509/15/215 7510/15/215
f 7488/15/216 7487/15/216 7502/15/216 7503/15/216
f 7481/15/217 7526/15/217 7496/15/217
f 7752/15/218 7495/15/218 7510/15/218
f 7489/15/219 7488/15/219 7503/15/219 7504/15/219
f 7482/15/693 7481/15/693 7496/15/693 7497/15/693
f 7490/15/221 7489/15/221 7504/15/221 7505/15/221
f 7483/15/222 7482/15/222 7497/15/222 7498/15/222
f 7491/15/223 7490/15/223 7505/15/223 7506/15/223
f 7484/15/224 7483/15/224 7498/15/224 7499/15/224
f 7492/15/225 7491/15/225 7506/15/225 7507/15/225
f 7485/15/226 7484/15/226 7499/15/226 7500/15/226
f 7493/15/227 7492/15/227 7507/15/227 7508/15/227
f 7486/15/228 7485/15/228 7500/15/228 7501/15/228
f 7494/15/229 7493/15/229 7508/15/229 7509/15/229
f 7487/15/230 7486/15/230 7501/15/230 7502/15/230
f 7499/15/231 7498/15/231 7513/15/231 7514/15/231
f 7507/15/232 7506/15/232 7521/15/232 7522/15/232
f 7500/15/233 7499/15/233 7514/15/233 7515/15/233
f 7508/15/234 7507/15/234 7522/15/234 7523/15/234
f 7501/15/235 7500/15/235 7515/15/235 7516/15/235
f 7509/15/236 7508/15/236 7523/15/236 7524/15/236
f 7502/15/237 7501/15/237 7516/15/237 7517/15/237
f 7510/15/238 7509/15/238 7524/15/238 7525/15/238
f 7503/15/694 7502/15/694 7517/15/694 7518/15/694
f 7496/15/240 7526/15/240 7511/15/240
f 7752/15/241 7510/15/241 7525/15/241
f 7504/15/242 7503/15/242 7518/15/242 7519/15/242
f 7497/15/243 7496/15/243 7511/15/243 7512/15/243
f 7505/15/244 7504/15/244 7519/15/244 7520/15/244
f 7498/15/245 7497/15/245 7512/15/245 7513/15/245
f 7506/15/246 7505/15/246 7520/15/246 7521/15/246
f 7518/15/247 7517/15/247 7533/15/247 7534/15/247
f 7511/15/248 7526/15/248 7527/15/248
f 7752/15/249 7525/15/249 7541/15/249
f 7519/15/250 7518/15/250 7534/15/250 7535/15/250
f 7512/15/698 7511/15/698 7527/15/698 7528/15/698
f 7520/15/252 7519/15/252 7535/15/252 7536/15/252
f 7513/15/861 7512/15/861 7528/15/861 7529/15/861
f 7521/15/254 7520/15/254 7536/15/254 7537/15/254
f 7514/15/255 7513/15/255 7529/15/255 7530/15/255
f 7522/15/256 7521/15/256 7537/15/256 7538/15/256
f 7515/15/257 7514/15/257 7530/15/257 7531/15/257
f 7523/15/258 7522/15/258 7538/15/258 7539/15/258
f 7516/15/259 7515/15/259 7531/15/259 7532/15/259
f 7524/15/260 7523/15/260 7539/15/260 7540/15/260
f 7517/15/261 7516/15/261 7532/15/261 7533/15/261
f 7525/15/262 7524/15/262 7540/15/262 7541/15/262
f 7538/15/263 7537/15/263 7552/15/263 7553/15/263
f 7531/15/264 7530/15/264 7545/15/264 7546/15/264
f 7539/15/265 7538/15/265 7553/15/265 7554/15/265
f 7532/15/266 7531/15/266 7546/15/266 7547/15/266
f 7540/15/267 7539/15/267 7554/15/267 7555/15/267
f 7533/15/268 7532/15/268 7547/15/268 7548/15/268
f 7541/15/269 7540/15/269 7555/15/269 7556/15/269
f 7534/15/270 7533/15/270 7548/15/270 7549/15/270
f 7527/15/271 7526/15/271 7542/15/271
f 7752/15/272 7541/15/272 7556/15/272
f 7535/15/273 7534/15/273 7549/15/273 7550/15/273
f 7528/15/274 7527/15/274 7542/15/274 7543/15/274
f 7536/15/275 7535/15/275 7550/15/275 7551/15/275
f 7529/15/276 7528/15/276 7543/15/276 7544/15/276
f 7537/15/277 7536/15/277 7551/15/277 7552/15/277
f 7530/15/278 7529/15/278 7544/15/278 7545/15/278
f 7542/15/705 7526/15/705 7557/15/705
f 7752/15/706 7556/15/706 7571/15/706
f 7550/15/281 7549/15/281 7564/15/281 7565/15/281
f 7543/15/282 7542/15/282 7557/15/282 7558/15/282
f 7551/15/283 7550/15/283 7565/15/283 7566/15/283
f 7544/15/284 7543/15/284 7558/15/284 7559/15/284
f 7552/15/285 7551/15/285 7566/15/285 7567/15/285
f 7545/15/286 7544/15/286 7559/15/286 7560/15/286
f 7553/15/287 7552/15/287 7567/15/287 7568/15/287
f 7546/15/288 7545/15/288 7560/15/288 7561/15/288
f 7554/15/289 7553/15/289 7568/15/289 7569/15/289
f 7547/15/290 7546/15/290 7561/15/290 7562/15/290
f 7555/15/291 7554/15/291 7569/15/291 7570/15/291
f 7548/15/292 7547/15/292 7562/15/292 7563/15/292
f 7556/15/293 7555/15/293 7570/15/293 7571/15/293
f 7549/15/294 7548/15/294 7563/15/294 7564/15/294
f 7561/15/295 7560/15/295 7575/15/295 7576/15/295
f 7569/15/296 7568/15/296 7583/15/296 7584/15/296
f 7562/15/297 7561/15/297 7576/15/297 7577/15/297
f 7570/15/298 7569/15/298 7584/15/298 7585/15/298
f 7563/15/299 7562/15/299 7577/15/299 7578/15/299
f 7571/15/300 7570/15/300 7585/15/300 7586/15/300
f 7564/15/301 7563/15/301 7578/15/301 7579/15/301
f 7557/15/710 7526/15/710 7572/15/710
f 7752/15/711 7571/15/711 7586/15/711
f 7565/15/780 7564/15/780 7579/15/780 7580/15/780
f 7558/15/305 7557/15/305 7572/15/305 7573/15/305
f 7566/15/306 7565/15/306 7580/15/306 7581/15/306
f 7559/15/307 7558/15/307 7573/15/307 7574/15/307
f 7567/15/308 7566/15/308 7581/15/308 7582/15/308
f 7560/15/309 7559/15/309 7574/15/309 7575/15/309
f 7568/15/310 7567/15/310 7582/15/310 7583/15/310
f 7580/15/311 7579/15/311 7594/15/311 7595/15/311
f 7573/15/781 7572/15/781 7587/15/781 7588/15/781
f 7581/15/313 7580/15/313 7595/15/313 7596/15/313
f 7574/15/314 7573/15/314 7588/15/314 7589/15/314
f 7582/15/315 7581/15/315 7596/15/315 7597/15/315
f 7575/15/316 7574/15/316 7589/15/316 7590/15/316
f 7583/15/317 7582/15/317 7597/15/317 7598/15/317
f 7576/15/318 7575/15/318 7590/15/318 7591/15/318
f 7584/15/319 7583/15/319 7598/15/319 7599/15/319
f 7577/15/320 7576/15/320 7591/15/320 7592/15/320
f 7585/15/321 7584/15/321 7599/15/321 7600/15/321
f 7578/15/322 7577/15/322 7592/15/322 7593/15/322
f 7586/15/323 7585/15/323 7600/15/323 7601/15/323
f 7579/15/324 7578/15/324 7593/15/324 7594/15/324
f 7572/15/325 7526/15/325 7587/15/325
f 7752/15/326 7586/15/326 7601/15/326
f 7599/15/327 7598/15/327 7613/15/327 7614/15/327
f 7592/15/328 7591/15/328 7606/15/328 7607/15/328
f 7600/15/872 7599/15/872 7614/15/872 7615/15/872
f 7593/15/330 7592/15/330 7607/15/330 7608/15/330
f 7601/15/716 7600/15/716 7615/15/716 7616/15/716
f 7594/15/332 7593/15/332 7608/15/332 7609/15/332
f 7587/15/333 7526/15/333 7602/15/333
f 7752/15/334 7601/15/334 7616/15/334
f 7595/15/335 7594/15/335 7609/15/335 7610/15/335
f 7588/15/719 7587/15/719 7602/15/719 7603/15/719
f 7596/15/337 7595/15/337 7610/15/337 7611/15/337
f 7589/15/338 7588/15/338 7603/15/338 7604/15/338
f 7597/15/339 7596/15/339 7611/15/339 7612/15/339
f 7590/15/340 7589/15/340 7604/15/340 7605/15/340
f 7598/15/341 7597/15/341 7612/15/341 7613/15/341
f 7591/15/342 7590/15/342 7605/15/342 7606/15/342
f 7611/15/343 7610/15/343 7625/15/343 7626/15/343
f 7604/15/344 7603/15/344 7618/15/344 7619/15/344
f 7612/15/345 7611/15/345 7626/15/345 7627/15/345
f 7605/15/346 7604/15/346 7619/15/346 7620/15/346
f 7613/15/347 7612/15/347 7627/15/347 7628/15/347
f 7606/15/348 7605/15/348 7620/15/348 7621/15/348
f 7614/15/349 7613/15/349 7628/15/349 7629/15/349
f 7607/15/350 7606/15/350 7621/15/350 7622/15/350
f 7615/15/351 7614/15/351 7629/15/351 7630/15/351
f 7608/15/352 7607/15/352 7622/15/352 7623/15/352
f 7616/15/353 7615/15/353 7630/15/353 7631/15/353
f 7609/15/354 7608/15/354 7623/15/354 7624/15/354
f 7602/15/355 7526/15/355 7617/15/355
f 7752/15/356 7616/15/356 7631/15/356
f 7610/15/357 7609/15/357 7624/15/357 7625/15/357
f 7603/15/358 7602/15/358 7617/15/358 7618/15/358
f 7630/15/359 7629/15/359 7644/15/359 7645/15/359
f 7623/15/360 7622/15/360 7637/15/360 7638/15/360
f 7631/15/721 7630/15/721 7645/15/721 7646/15/721
f 7624/15/362 7623/15/362 7638/15/362 7639/15/362
f 7617/15/363 7526/15/363 7632/15/363
f 7752/15/364 7631/15/364 7646/15/364
f 7625/15/365 7624/15/365 7639/15/365 7640/15/365
f 7618/15/366 7617/15/366 7632/15/366 7633/15/366
f 7626/15/367 7625/15/367 7640/15/367 7641/15/367
f 7619/15/368 7618/15/368 7633/15/368 7634/15/368
f 7627/15/369 7626/15/369 7641/15/369 7642/15/369
f 7620/15/370 7619/15/370 7634/15/370 7635/15/370
f 7628/15/371 7627/15/371 7642/15/371 7643/15/371
f 7621/15/372 7620/15/372 7635/15/372 7636/15/372
f 7629/15/373 7628/15/373 7643/15/373 7644/15/373
f 7622/15/374 7621/15/374 7636/15/374 7637/15/374
f 7634/15/375 7633/15/375 7648/15/375 7649/15/375
f 7642/15/376 7641/15/376 7656/15/376 7657/15/376
f 7635/15/377 7634/15/377 7649/15/377 7650/15/377
f 7643/15/378 7642/15/378 7657/15/378 7658/15/378
f 7636/15/379 7635/15/379 7650/15/379 7651/15/379
f 7644/15/380 7643/15/380 7658/15/380 7659/15/380
f 7637/15/381 7636/15/381 7651/15/381 7652/15/381
f 7645/15/382 7644/15/382 7659/15/382 7660/15/382
f 7638/15/383 7637/15/383 7652/15/383 7653/15/383
f 7646/15/384 7645/15/384 7660/15/384 7661/15/384
f 7639/15/385 7638/15/385 7653/15/385 7654/15/385
f 7632/15/386 7526/15/386 7647/15/386
f 7752/15/387 7646/15/387 7661/15/387
f 7640/15/388 7639/15/388 7654/15/388 7655/15/388
f 7633/15/389 7632/15/389 7647/15/389 7648/15/389
f 7641/15/390 7640/15/390 7655/15/390 7656/15/390
f 7653/15/391 7652/15/391 7667/15/391 7668/15/391
f 7661/15/392 7660/15/392 7675/15/392 7676/15/392
f 7654/15/393 7653/15/393 7668/15/393 7669/15/393
f 7647/15/394 7526/15/394 7662/15/394
f 7752/15/395 7661/15/395 7676/15/395
f 7655/15/396 7654/15/396 7669/15/396 7670/15/396
f 7648/15/729 7647/15/729 7662/15/729 7663/15/729
f 7656/15/398 7655/15/398 7670/15/398 7671/15/398
f 7649/15/399 7648/15/399 7663/15/399 7664/15/399
f 7657/15/400 7656/15/400 7671/15/400 7672/15/400
f 7650/15/401 7649/15/401 7664/15/401 7665/15/401
f 7658/15/402 7657/15/402 7672/15/402 7673/15/402
f 7651/15/403 7650/15/403 7665/15/403 7666/15/403
f 7659/15/404 7658/15/404 7673/15/404 7674/15/404
f 7652/15/405 7651/15/405 7666/15/405 7667/15/405
f 7660/15/730 7659/15/730 7674/15/730 7675/15/730
f 7672/15/407 7671/15/407 7686/15/407 7687/15/407
f 7665/15/408 7664/15/408 7679/15/408 7680/15/408
f 7673/15/409 7672/15/409 7687/15/409 7688/15/409
f 7666/15/410 7665/15/410 7680/15/410 7681/15/410
f 7674/15/411 7673/15/411 7688/15/411 7689/15/411
f 7667/15/412 7666/15/412 7681/15/412 7682/15/412
f 7675/15/413 7674/15/413 7689/15/413 7690/15/413
f 7668/15/414 7667/15/414 7682/15/414 7683/15/414
f 7676/15/415 7675/15/415 7690/15/415 7691/15/415
f 7669/15/416 7668/15/416 7683/15/416 7684/15/416
f 7662/15/417 7526/15/417 7677/15/417
f 7752/15/418 7676/15/418 7691/15/418
f 7670/15/419 7669/15/419 7684/15/419 7685/15/419
f 7663/15/420 7662/15/420 7677/15/420 7678/15/420
f 7671/15/421 7670/15/421 7685/15/421 7686/15/421
f 7664/15/422 7663/15/422 7678/15/422 7679/15/422
f 7691/15/423 7690/15/423 7705/15/423 7706/15/423
f 7684/15/424 7683/15/424 7698/15/424 7699/15/424
f 7677/15/425 7526/15/425 7692/15/425
f 7752/15/426 7691/15/426 7706/15/426
f 7685/15/427 7684/15/427 7699/15/427 7700/15/427
f 7678/15/428 7677/15/428 7692/15/428 7693/15/428
f 7686/15/429 7685/15/429 7700/15/429 7701/15/429
f 7679/15/430 7678/15/430 7693/15/430 7694/15/430
f 7687/15/431 7686/15/431 7701/15/431 7702/15/431
f 7680/15/432 7679/15/432 7694/15/432 7695/15/432
f 7688/15/433 7687/15/433 7702/15/433 7703/15/433
f 7681/15/434 7680/15/434 7695/15/434 7696/15/434
f 7689/15/435 7688/15/435 7703/15/435 7704/15/435
f 7682/15/436 7681/15/436 7696/15/436 7697/15/436
f 7690/15/437 7689/15/437 7704/15/437 7705/15/437
f 7683/15/438 7682/15/438 7697/15/438 7698/15/438
f 7695/15/439 7694/15/439 7709/15/439 7710/15/439
f 7703/15/440 7702/15/440 7717/15/440 7718/15/440
f 7696/15/441 7695/15/441 7710/15/441 7711/15/441
f 7704/15/442 7703/15/442 7718/15/442 7719/15/442
f 7697/15/443 7696/15/443 7711/15/443 7712/15/443
f 7705/15/444 7704/15/444 7719/15/444 7720/15/444
f 7698/15/445 7697/15/445 7712/15/445 7713/15/445
f 7706/15/446 7705/15/446 7720/15/446 7721/15/446
f 7699/15/447 7698/15/447 7713/15/447 7714/15/447
f 7692/15/448 7526/15/448 7707/15/448
f 7752/15/449 7706/15/449 7721/15/449
f 7700/15/450 7699/15/450 7714/15/450 7715/15/450
f 7693/15/736 7692/15/736 7707/15/736 7708/15/736
f 7701/15/452 7700/15/452 7715/15/452 7716/15/452
f 7694/15/453 7693/15/453 7708/15/453 7709/15/453
f 7702/15/454 7701/15/454 7716/15/454 7717/15/454
f 7714/15/455 7713/15/455 7728/15/455 7729/15/455
f 7707/15/456 7526/15/456 7722/15/456
f 7752/15/457 7721/15/457 7736/15/457
f 7715/15/937 7714/15/937 7729/15/937 7730/15/937
f 7708/15/459 7707/15/459 7722/15/459 7723/15/459
f 7716/15/460 7715/15/460 7730/15/460 7731/15/460
f 7709/15/461 7708/15/461 7723/15/461 7724/15/461
f 7717/15/462 7716/15/462 7731/15/462 7732/15/462
f 7710/15/463 7709/15/463 7724/15/463 7725/15/463
f 7718/15/464 7717/15/464 7732/15/464 7733/15/464
f 7711/15/465 7710/15/465 7725/15/465 7726/15/465
f 7719/15/466 7718/15/466 7733/15/466 7734/15/466
f 7712/15/467 7711/15/467 7726/15/467 7727/15/467
f 7720/15/468 7719/15/468 7734/15/468 7735/15/468
f 7713/15/469 7712/15/469 7727/15/469 7728/15/469
f 7721/15/470 7720/15/470 7735/15/470 7736/15/470
f 7733/15/471 7732/15/471 7747/15/471 7748/15/471
f 7726/15/472 7725/15/472 7740/15/472 7741/15/472
f 7734/15/473 7733/15/473 7748/15/473 7749/15/473
f 7727/15/474 7726/15/474 7741/15/474 7742/15/474
f 7735/15/475 7734/15/475 7749/15/475 7750/15/475
f 7728/15/476 7727/15/476 7742/15/476 7743/15/476
f 7736/15/477 7735/15/477 7750/15/477 7751/15/477
f 7729/15/478 7728/15/478 7743/15/478 7744/15/478
f 7722/15/479 7526/15/479 7737/15/479
f 7752/15/480 7736/15/480 7751/15/480
f 7730/15/481 7729/15/481 7744/15/481 7745/15/481
f 7723/15/482 7722/15/482 7737/15/482 7738/15/482
f 7731/15/483 7730/15/483 7745/15/483 7746/15/483
f 7724/15/484 7723/15/484 7738/15/484 7739/15/484
f 7732/15/485 7731/15/485 7746/15/485 7747/15/485
f 7725/15/486 7724/15/486 7739/15/486 7740/15/486
f 7752/15/487 7751/15/487 7767/15/487
f 7745/15/488 7744/15/488 7760/15/488 7761/15/488
f 7738/15/489 7737/15/489 7753/15/489 7754/15/489
f 7746/15/490 7745/15/490 7761/15/490 7762/15/490
f 7739/15/491 7738/15/491 7754/15/491 7755/15/491
f 7747/15/492 7746/15/492 7762/15/492 7763/15/492
f 7740/15/493 7739/15/493 7755/15/493 7756/15/493
f 7748/15/494 7747/15/494 7763/15/494 7764/15/494
f 7741/15/495 7740/15/495 7756/15/495 7757/15/495
f 7749/15/496 7748/15/496 7764/15/496 7765/15/496
f 7742/15/497 7741/15/497 7757/15/497 7758/15/497
f 7750/15/498 7749/15/498 7765/15/498 7766/15/498
f 7743/15/499 7742/15/499 7758/15/499 7759/15/499
f 7751/15/500 7750/15/500 7766/15/500 7767/15/500
f 7744/15/501 7743/15/501 7759/15/501 7760/15/501
f 7737/15/502 7526/15/502 7753/15/502
f 7765/15/503 7764/15/503 7779/15/503 7780/15/503
f 7758/15/504 7757/15/504 7772/15/504 7773/15/504
f 7766/15/877 7765/15/877 7780/15/877 7781/15/877
f 7759/15/506 7758/15/506 7773/15/506 7774/15/506
f 7767/15/507 7766/15/507 7781/15/507 7782/15/507
f 7760/15/508 7759/15/508 7774/15/508 7775/15/508
f 7753/15/509 7526/15/509 7768/15/509
f 7752/15/510 7767/15/510 7782/15/510
f 7761/15/511 7760/15/511 7775/15/511 7776/15/511
f 7754/15/801 7753/15/801 7768/15/801 7769/15/801
f 7762/15/513 7761/15/513 7776/15/513 7777/15/513
f 7755/15/802 7754/15/802 7769/15/802 7770/15/802
f 7763/15/515 7762/15/515 7777/15/515 7778/15/515
f 7756/15/516 7755/15/516 7770/15/516 7771/15/516
f 7764/15/517 7763/15/517 7778/15/517 7779/15/517
f 7757/15/518 7756/15/518 7771/15/518 7772/15/518
f 7769/15/519 7768/15/519 7783/15/519 7784/15/519
f 7777/15/520 7776/15/520 7791/15/520 7792/15/520
f 7770/15/521 7769/15/521 7784/15/521 7785/15/521
f 7778/15/522 7777/15/522 7792/15/522 7793/15/522
f 7771/15/523 7770/15/523 7785/15/523 7786/15/523
f 7779/15/524 7778/15/524 7793/15/524 7794/15/524
f 7772/15/525 7771/15/525 7786/15/525 7787/15/525
f 7780/15/526 7779/15/526 7794/15/526 7795/15/526
f 7773/15/527 7772/15/527 7787/15/527 7788/15/527
f 7781/15/743 7780/15/743 7795/15/743 7796/15/743
f 7774/15/529 7773/15/529 7788/15/529 7789/15/529
f 7782/15/530 7781/15/530 7796/15/530 7797/15/530
f 7775/15/531 7774/15/531 7789/15/531 7790/15/531
f 7768/15/532 7526/15/532 7783/15/532
f 7752/15/533 7782/15/533 7797/15/533
f 7776/15/534 7775/15/534 7790/15/534 7791/15/534
f 7788/15/535 7787/15/535 7802/15/535 7803/15/535
f 7796/15/536 7795/15/536 7810/15/536 7811/15/536
f 7789/15/537 7788/15/537 7803/15/537 7804/15/537
f 7797/15/538 7796/15/538 7811/15/538 7812/15/538
f 7790/15/539 7789/15/539 7804/15/539 7805/15/539
f 7783/15/540 7526/15/540 7798/15/540
f 7752/15/541 7797/15/541 7812/15/541
f 7791/15/542 7790/15/542 7805/15/542 7806/15/542
f 7784/15/543 7783/15/543 7798/15/543 7799/15/543
f 7792/15/544 7791/15/544 7806/15/544 7807/15/544
f 7785/15/545 7784/15/545 7799/15/545 7800/15/545
f 7793/15/546 7792/15/546 7807/15/546 7808/15/546
f 7786/15/547 7785/15/547 7800/15/547 7801/15/547
f 7794/15/548 7793/15/548 7808/15/548 7809/15/548
f 7787/15/549 7786/15/549 7801/15/549 7802/15/549
f 7795/15/550 7794/15/550 7809/15/550 7810/15/550
f 7807/15/551 7806/15/551 7821/15/551 7822/15/551
f 7800/15/552 7799/15/552 7814/15/552 7815/15/552
f 7808/15/553 7807/15/553 7822/15/553 7823/15/553
f 7801/15/554 7800/15/554 7815/15/554 7816/15/554
f 7809/15/555 7808/15/555 7823/15/555 7824/15/555
f 7802/15/556 7801/15/556 7816/15/556 7817/15/556
f 7810/15/557 7809/15/557 7824/15/557 7825/15/557
f 7803/15/558 7802/15/558 7817/15/558 7818/15/558
f 7811/15/559 7810/15/559 7825/15/559 7826/15/559
f 7804/15/560 7803/15/560 7818/15/560 7819/15/560
f 7812/15/561 7811/15/561 7826/15/561 7827/15/561
f 7805/15/819 7804/15/819 7819/15/819 7820/15/819
f 7798/15/563 7526/15/563 7813/15/563
f 7752/15/564 7812/15/564 7827/15/564
f 7806/15/820 7805/15/820 7820/15/820 7821/15/820
f 7799/15/566 7798/15/566 7813/15/566 7814/15/566
f 7826/15/567 7825/15/567 7840/15/567 7841/15/567
f 7819/15/568 7818/15/568 7833/15/568 7834/15/568
f 7827/15/569 7826/15/569 7841/15/569 7842/15/569
f 7820/15/570 7819/15/570 7834/15/570 7835/15/570
f 7813/15/571 7526/15/571 7828/15/571
f 7752/15/572 7827/15/572 7842/15/572
f 7821/15/573 7820/15/573 7835/15/573 7836/15/573
f 7814/15/574 7813/15/574 7828/15/574 7829/15/574
f 7822/15/575 7821/15/575 7836/15/575 7837/15/575
f 7815/15/576 7814/15/576 7829/15/576 7830/15/576
f 7823/15/577 7822/15/577 7837/15/577 7838/15/577
f 7816/15/578 7815/15/578 7830/15/578 7831/15/578
f 7824/15/579 7823/15/579 7838/15/579 7839/15/579
f 7817/15/580 7816/15/580 7831/15/580 7832/15/580
f 7825/15/581 7824/15/581 7839/15/581 7840/15/581
f 7818/15/582 7817/15/582 7832/15/582 7833/15/582
f 7830/15/583 7829/15/583 7844/15/583 7845/15/583
f 7838/15/584 7837/15/584 7852/15/584 7853/15/584
f 7831/15/585 7830/15/585 7845/15/585 7846/15/585
f 7839/15/586 7838/15/586 7853/15/586 7854/15/586
f 7832/15/587 7831/15/587 7846/15/587 7847/15/587
f 7840/15/588 7839/15/588 7854/15/588 7855/15/588
f 7833/15/589 7832/15/589 7847/15/589 7848/15/589
f 7841/15/856 7840/15/856 7855/15/856 7856/15/856
f 7834/15/591 7833/15/591 7848/15/591 7849/15/591
f 7842/15/592 7841/15/592 7856/15/592 7857/15/592
f 7835/15/593 7834/15/593 7849/15/593 7850/15/593
f 7828/15/594 7526/15/594 7843/15/594
f 7752/15/595 7842/15/595 7857/15/595
f 7836/15/596 7835/15/596 7850/15/596 7851/15/596
f 7829/15/749 7828/15/749 7843/15/749 7844/15/749
f 7837/15/598 7836/15/598 7851/15/598 7852/15/598
f 7849/15/599 7848/15/599 7863/15/599 7864/15/599
f 7857/15/600 7856/15/600 7871/15/600 7872/15/600
f 7850/15/601 7849/15/601 7864/15/601 7865/15/601
f 7843/15/602 7526/15/602 7858/15/602
f 7752/15/603 7857/15/603 7872/15/603
f 7851/15/604 7850/15/604 7865/15/604 7866/15/604
f 7844/15/605 7843/15/605 7858/15/605 7859/15/605
f 7852/15/606 7851/15/606 7866/15/606 7867/15/606
f 7845/15/607 7844/15/607 7859/15/607 7860/15/607
f 7853/15/608 7852/15/608 7867/15/608 7868/15/608
f 7846/15/609 7845/15/609 7860/15/609 7861/15/609
f 7854/15/610 7853/15/610 7868/15/610 7869/15/610
f 7847/15/611 7846/15/611 7861/15/611 7862/15/611
f 7855/15/612 7854/15/612 7869/15/612 7870/15/612
f 7848/15/613 7847/15/613 7862/15/613 7863/15/613
f 7856/15/614 7855/15/614 7870/15/614 7871/15/614
f 7868/15/615 7867/15/615 7882/15/615 7883/15/615
f 7861/15/616 7860/15/616 7875/15/616 7876/15/616
f 7869/15/617 7868/15/617 7883/15/617 7884/15/617
f 7862/15/618 7861/15/618 7876/15/618 7877/15/618
f 7870/15/619 7869/15/619 7884/15/619 7885/15/619
f 7863/15/620 7862/15/620 7877/15/620 7878/15/620
f 7871/15/621 7870/15/621 7885/15/621 7886/15/621
f 7864/15/622 7863/15/622 7878/15/622 7879/15/622
f 7872/15/623 7871/15/623 7886/15/623 7887/15/623
f 7865/15/624 7864/15/624 7879/15/624 7880/15/624
f 7858/15/625 7526/15/625 7873/15/625
f 7752/15/626 7872/15/626 7887/15/626
f 7866/15/627 7865/15/627 7880/15/627 7881/15/627
f 7859/15/866 7858/15/866 7873/15/866 7874/15/866
f 7867/15/629 7866/15/629 7881/15/629 7882/15/629
f 7860/15/630 7859/15/630 7874/15/630 7875/15/630
f 7887/15/631 7886/15/631 7901/15/631 7902/15/631
f 7880/15/632 7879/15/632 7894/15/632 7895/15/632
f 7873/15/633 7526/15/633 7888/15/633
f 7752/15/634 7887/15/634 7902/15/634
f 7881/15/635 7880/15/635 7895/15/635 7896/15/635
f 7874/15/636 7873/15/636 7888/15/636 7889/15/636
f 7882/15/637 7881/15/637 7896/15/637 7897/15/637
f 7875/15/755 7874/15/755 7889/15/755 7890/15/755
f 7883/15/639 7882/15/639 7897/15/639 7898/15/639
f 7876/15/640 7875/15/640 7890/15/640 7891/15/640
f 7884/15/641 7883/15/641 7898/15/641 7899/15/641
f 7877/15/642 7876/15/642 7891/15/642 7892/15/642
f 7885/15/643 7884/15/643 7899/15/643 7900/15/643
f 7878/15/644 7877/15/644 7892/15/644 7893/15/644
f 7886/15/645 7885/15/645 7900/15/645 7901/15/645
f 7879/15/646 7878/15/646 7893/15/646 7894/15/646
f 7899/15/647 7898/15/647 7913/15/647 7914/15/647
f 7892/15/648 7891/15/648 7906/15/648 7907/15/648
f 7900/15/649 7899/15/649 7914/15/649 7915/15/649
f 7893/15/650 7892/15/650 7907/15/650 7908/15/650
f 7901/15/651 7900/15/651 7915/15/651 7916/15/651
f 7894/15/652 7893/15/652 7908/15/652 7909/15/652
f 7902/15/653 7901/15/653 7916/15/653 7917/15/653
f 7895/15/654 7894/15/654 7909/15/654 7910/15/654
f 7888/15/655 7526/15/655 7903/15/655
f 7752/15/656 7902/15/656 7917/15/656
f 7896/15/657 7895/15/657 7910/15/657 7911/15/657
f 7889/15/859 7888/15/859 7903/15/859 7904/15/859
f 7897/15/659 7896/15/659 7911/15/659 7912/15/659
f 7890/15/660 7889/15/660 7904/15/660 7905/15/660
f 7898/15/661 7897/15/661 7912/15/661 7913/15/661
f 7891/15/662 7890/15/662 7905/15/662 7906/15/662
f 7903/15/663 7526/15/663 7918/15/663
f 7752/15/664 7917/15/664 7926/15/664
f 7911/15/665 7910/15/665 7448/15/665 7449/15/665
f 7904/15/666 7903/15/666 7918/15/666 7919/15/666
f 7912/15/667 7911/15/667 7449/15/667 7922/15/667
f 7905/15/668 7904/15/668 7919/15/668 7445/15/668
f 7913/15/669 7912/15/669 7922/15/669 7450/15/669
f 7906/15/670 7905/15/670 7445/15/670 7920/15/670
f 7914/15/671 7913/15/671 7450/15/671 7923/15/671
f 7907/15/672 7906/15/672 7920/15/672 7446/15/672
f 7915/15/673 7914/15/673 7923/15/673 7924/15/673
f 7908/15/674 7907/15/674 7446/15/674 7921/15/674
f 7916/15/675 7915/15/675 7924/15/675 7925/15/675
f 7909/15/676 7908/15/676 7921/15/676 7447/15/676
f 7917/15/677 7916/15/677 7925/15/677 7926/15/677
f 7910/15/678 7909/15/678 7447/15/678 7448/15/678
f 7927/15/3 7928/15/3 7930/15/3 7929/15/3
f 7929/15/6 7930/15/6 7934/15/6 7933/15/6
f 7933/15/5 7934/15/5 7932/15/5 7931/15/5
f 7931/15/2 7932/15/2 7928/15/2 7927/15/2
f 7929/15/4 7933/15/4 7931/15/4 7927/15/4
f 7934/15/1 7930/15/1 7928/15/1 7932/15/1
f 7935/15/3 7936/15/3 7938/15/3 7937/15/3
f 7937/15/6 7938/15/6 7942/15/6 7941/15/6
f 7941/15/5 7942/15/5 7940/15/5 7939/15/5
f 7939/15/2 7940/15/2 7936/15/2 7935/15/2
f 7937/15/4 7941/15/4 7939/15/4 7935/15/4
f 7942/15/1 7938/15/1 7936/15/1 7940/15/1
f 7943/15/3 7944/15/3 7946/15/3 7945/15/3
f 7945/15/6 7946/15/6 7950/15/6 7949/15/6
f 7949/15/5 7950/15/5 7948/15/5 7947/15/5
f 7947/15/2 7948/15/2 7944/15/2 7943/15/2
f 7945/15/4 7949/15/4 7947/15/4 7943/15/4
f 7950/15/1 7946/15/1 7944/15/1 7948/15/1
f 7951/15/938 7952/15/938 7954/15/938 7953/15/938
f 7953/15/939 7954/15/939 7958/15/939 7957/15/939
f 7957/15/940 7958/15/940 7956/15/940 7955/15/940
f 7955/15/941 7956/15/941 7952/15/941 7951/15/941
f 7953/15/942 7957/15/942 7955/15/942 7951/15/942
f 7958/15/943 7954/15/943 7952/15/943 7956/15/943
f 7959/15/938 7960/15/938 7962/15/938 7961/15/938
f 7961/15/939 7962/15/939 7966/15/939 7965/15/939
f 7965/15/940 7966/15/940 7964/15/940 7963/15/940
f 7963/15/941 7964/15/941 7960/15/941 7959/15/941
f 7961/15/942 7965/15/942 7963/15/942 7959/15/942
f 7966/15/943 7962/15/943 7960/15/943 7964/15/943
f 7967/15/938 7968/15/938 7970/15/938 7969/15/938
f 7969/15/939 7970/15/939 7974/15/939 7973/15/939
f 7973/15/940 7974/15/940 7972/15/940 7971/15/940
f 7971/15/941 7972/15/941 7968/15/941 7967/15/941
f 7969/15/942 7973/15/942 7971/15/942 7967/15/942
f 7974/15/943 7970/15/943 7968/15/943 7972/15/943
f 7975/15/938 7976/15/938 7978/15/938 7977/15/938
f 7977/15/939 7978/15/939 7982/15/939 7981/15/939
f 7981/15/940 7982/15/940 7980/15/940 7979/15/940
f 7979/15/941 7980/15/941 7976/15/941 7975/15/941
f 7977/15/942 7981/15/942 7979/15/942 7975/15/942
f 7982/15/943 7978/15/943 7976/15/943 7980/15/943
f 7983/15/39 7984/15/39 7986/15/39 7985/15/39
f 7985/15/40 7986/15/40 7988/15/40 7987/15/40
f 7987/15/41 7988/15/41 7990/15/41 7989/15/41
f 7989/15/42 7990/15/42 7992/15/42 7991/15/42
f 7991/15/43 7992/15/43 7994/15/43 7993/15/43
f 7993/15/44 7994/15/44 7996/15/44 7995/15/44
f 7995/15/45 7996/15/45 7998/15/45 7997/15/45
f 7997/15/46 7998/15/46 8000/15/46 7999/15/46
f 7999/15/47 8000/15/47 8002/15/47 8001/15/47
f 8001/15/48 8002/15/48 8004/15/48 8003/15/48
f 8003/15/49 8004/15/49 8006/15/49 8005/15/49
f 8005/15/50 8006/15/50 8008/15/50 8007/15/50
f 8007/15/51 8008/15/51 8010/15/51 8009/15/51
f 8009/15/52 8010/15/52 8012/15/52 8011/15/52
f 8011/15/53 8012/15/53 8014/15/53 8013/15/53
f 8013/15/54 8014/15/54 8016/15/54 8015/15/54
f 8015/15/55 8016/15/55 8018/15/55 8017/15/55
f 8017/15/56 8018/15/56 8020/15/56 8019/15/56
f 8019/15/57 8020/15/57 8022/15/57 8021/15/57
f 8021/15/58 8022/15/58 8024/15/58 8023/15/58
f 8023/15/59 8024/15/59 8026/15/59 8025/15/59
f 8025/15/60 8026/15/60 8028/15/60 8027/15/60
f 8027/15/61 8028/15/61 8030/15/61 8029/15/61
f 8029/15/62 8030/15/62 8032/15/62 8031/15/62
f 8031/15/63 8032/15/63 8034/15/63 8033/15/63
f 8033/15/64 8034/15/64 8036/15/64 8035/15/64
f 8035/15/65 8036/15/65 8038/15/65 8037/15/65
f 8037/15/66 8038/15/66 8040/15/66 8039/15/66
f 8039/15/67 8040/15/67 8042/15/67 8041/15/67
f 8041/15/68 8042/15/68 8044/15/68 8043/15/68
f 7986/15/1 7984/15/1 8046/15/1 8044/15/1 8042/15/1 8040/15/1 8038/15/1 8036/15/1 8034/15/1 8032/15/1 8030/15/1 8028/15/1 8026/15/1 8024/15/1 8022/15/1 8020/15/1 8018/15/1 8016/15/1 8014/15/1 8012/15/1 8010/15/1 8008/15/1 8006/15/1 8004/15/1 8002/15/1 8000/15/1 7998/15/1 7996/15/1 7994/15/1 7992/15/1 7990/15/1 7988/15/1
f 8043/15/69 8044/15/69 8046/15/69 8045/15/69
f 8045/15/70 8046/15/70 7984/15/70 7983/15/70
f 7983/15/4 7985/15/4 7987/15/4 7989/15/4 7991/15/4 7993/15/4 7995/15/4 7997/15/4 7999/15/4 8001/15/4 8003/15/4 8005/15/4 8007/15/4 8009/15/4 8011/15/4 8013/15/4 8015/15/4 8017/15/4 8019/15/4 8021/15/4 8023/15/4 8025/15/4 8027/15/4 8029/15/4 8031/15/4 8033/15/4 8035/15/4 8037/15/4 8039/15/4 8041/15/4 8043/15/4 8045/15/4
f 8047/15/39 8048/15/39 8050/15/39 8049/15/39
f 8049/15/40 8050/15/40 8052/15/40 8051/15/40
f 8051/15/41 8052/15/41 8054/15/41 8053/15/41
f 8053/15/42 8054/15/42 8056/15/42 8055/15/42
f 8055/15/43 8056/15/43 8058/15/43 8057/15/43
f 8057/15/44 8058/15/44 8060/15/44 8059/15/44
f 8059/15/45 8060/15/45 8062/15/45 8061/15/45
f 8061/15/46 8062/15/46 8064/15/46 8063/15/46
f 8063/15/47 8064/15/47 8066/15/47 8065/15/47
f 8065/15/48 8066/15/48 8068/15/48 8067/15/48
f 8067/15/49 8068/15/49 8070/15/49 8069/15/49
f 8069/15/50 8070/15/50 8072/15/50 8071/15/50
f 8071/15/51 8072/15/51 8074/15/51 8073/15/51
f 8073/15/52 8074/15/52 8076/15/52 8075/15/52
f 8075/15/53 8076/15/53 8078/15/53 8077/15/53
f 8077/15/54 8078/15/54 8080/15/54 8079/15/54
f 8079/15/55 8080/15/55 8082/15/55 8081/15/55
f 8081/15/56 8082/15/56 8084/15/56 8083/15/56
f 8083/15/57 8084/15/57 8086/15/57 8085/15/57
f 8085/15/58 8086/15/58 8088/15/58 8087/15/58
f 8087/15/59 8088/15/59 8090/15/59 8089/15/59
f 8089/15/60 8090/15/60 8092/15/60 8091/15/60
f 8091/15/61 8092/15/61 8094/15/61 8093/15/61
f 8093/15/62 8094/15/62 8096/15/62 8095/15/62
f 8095/15/63 8096/15/63 8098/15/63 8097/15/63
f 8097/15/64 8098/15/64 8100/15/64 8099/15/64
f 8099/15/65 8100/15/65 8102/15/65 8101/15/65
f 8101/15/66 8102/15/66 8104/15/66 8103/15/66
f 8103/15/67 8104/15/67 8106/15/67 8105/15/67
f 8105/15/68 8106/15/68 8108/15/68 8107/15/68
f 8050/15/1 8048/15/1 8110/15/1 8108/15/1 8106/15/1 8104/15/1 8102/15/1 8100/15/1 8098/15/1 8096/15/1 8094/15/1 8092/15/1 8090/15/1 8088/15/1 8086/15/1 8084/15/1 8082/15/1 8080/15/1 8078/15/1 8076/15/1 8074/15/1 8072/15/1 8070/15/1 8068/15/1 8066/15/1 8064/15/1 8062/15/1 8060/15/1 8058/15/1 8056/15/1 8054/15/1 8052/15/1
f 8107/15/69 8108/15/69 8110/15/69 8109/15/69
f 8109/15/70 8110/15/70 8048/15/70 8047/15/70
f 8047/15/4 8049/15/4 8051/15/4 8053/15/4 8055/15/4 8057/15/4 8059/15/4 8061/15/4 8063/15/4 8065/15/4 8067/15/4 8069/15/4 8071/15/4 8073/15/4 8075/15/4 8077/15/4 8079/15/4 8081/15/4 8083/15/4 8085/15/4 8087/15/4 8089/15/4 8091/15/4 8093/15/4 8095/15/4 8097/15/4 8099/15/4 8101/15/4 8103/15/4 8105/15/4 8107/15/4 8109/15/4
f 8111/15/71 8112/15/71 8114/15/71 8113/15/71
f 8113/15/72 8114/15/72 8116/15/72 8115/15/72
f 8115/15/73 8116/15/73 8118/15/73 8117/15/73
f 8117/15/74 8118/15/74 8120/15/74 8119/15/74
f 8119/15/75 8120/15/75 8122/15/75 8121/15/75
f 8121/15/76 8122/15/76 8124/15/76 8123/15/76
f 8123/15/77 8124/15/77 8126/15/77 8125/15/77
f 8125/15/78 8126/15/78 8128/15/78 8127/15/78
f 8127/15/79 8128/15/79 8130/15/79 8129/15/79
f 8129/15/80 8130/15/80 8132/15/80 8131/15/80
f 8131/15/81 8132/15/81 8134/15/81 8133/15/81
f 8133/15/82 8134/15/82 8136/15/82 8135/15/82
f 8135/15/83 8136/15/83 8138/15/83 8137/15/83
f 8137/15/84 8138/15/84 8140/15/84 8139/15/84
f 8139/15/85 8140/15/85 8142/15/85 8141/15/85
f 8141/15/86 8142/15/86 8144/15/86 8143/15/86
f 8143/15/87 8144/15/87 8146/15/87 8145/15/87
f 8145/15/88 8146/15/88 8148/15/88 8147/15/88
f 8147/15/89 8148/15/89 8150/15/89 8149/15/89
f 8149/15/90 8150/15/90 8152/15/90 8151/15/90
f 8151/15/91 8152/15/91 8154/15/91 8153/15/91
f 8153/15/92 8154/15/92 8156/15/92 8155/15/92
f 8155/15/93 8156/15/93 8158/15/93 8157/15/93
f 8157/15/94 8158/15/94 8160/15/94 8159/15/94
f 8159/15/95 8160/15/95 8162/15/95 8161/15/95
f 8161/15/96 8162/15/96 8164/15/96 8163/15/96
f 8163/15/97 8164/15/97 8166/15/97 8165/15/97
f 8165/15/98 8166/15/98 8168/15/98 8167/15/98
f 8167/15/99 8168/15/99 8170/15/99 8169/15/99
f 8169/15/100 8170/15/100 8172/15/100 8171/15/100
f 8114/15/1 8112/15/1 8174/15/1 8172/15/1 8170/15/1 8168/15/1 8166/15/1 8164/15/1 8162/15/1 8160/15/1 8158/15/1 8156/15/1 8154/15/1 8152/15/1 8150/15/1 8148/15/1 8146/15/1 8144/15/1 8142/15/1 8140/15/1 8138/15/1 8136/15/1 8134/15/1 8132/15/1 8130/15/1 8128/15/1 8126/15/1 8124/15/1 8122/15/1 8120/15/1 8118/15/1 8116/15/1
f 8171/15/101 8172/15/101 8174/15/101 8173/15/101
f 8173/15/102 8174/15/102 8112/15/102 8111/15/102
f 8111/15/4 8113/15/4 8115/15/4 8117/15/4 8119/15/4 8121/15/4 8123/15/4 8125/15/4 8127/15/4 8129/15/4 8131/15/4 8133/15/4 8135/15/4 8137/15/4 8139/15/4 8141/15/4 8143/15/4 8145/15/4 8147/15/4 8149/15/4 8151/15/4 8153/15/4 8155/15/4 8157/15/4 8159/15/4 8161/15/4 8163/15/4 8165/15/4 8167/15/4 8169/15/4 8171/15/4 8173/15/4
f 8175/15/47 8176/15/47 8178/15/47 8177/15/47
f 8177/15/48 8178/15/48 8180/15/48 8179/15/48
f 8179/15/49 8180/15/49 8182/15/49 8181/15/49
f 8181/15/50 8182/15/50 8184/15/50 8183/15/50
f 8183/15/51 8184/15/51 8186/15/51 8185/15/51
f 8185/15/52 8186/15/52 8188/15/52 8187/15/52
f 8187/15/53 8188/15/53 8190/15/53 8189/15/53
f 8189/15/54 8190/15/54 8192/15/54 8191/15/54
f 8191/15/55 8192/15/55 8194/15/55 8193/15/55
f 8193/15/56 8194/15/56 8196/15/56 8195/15/56
f 8195/15/57 8196/15/57 8198/15/57 8197/15/57
f 8197/15/58 8198/15/58 8200/15/58 8199/15/58
f 8199/15/59 8200/15/59 8202/15/59 8201/15/59
f 8201/15/60 8202/15/60 8204/15/60 8203/15/60
f 8203/15/61 8204/15/61 8206/15/61 8205/15/61
f 8205/15/62 8206/15/62 8208/15/62 8207/15/62
f 8207/15/63 8208/15/63 8210/15/63 8209/15/63
f 8209/15/64 8210/15/64 8212/15/64 8211/15/64
f 8211/15/65 8212/15/65 8214/15/65 8213/15/65
f 8213/15/66 8214/15/66 8216/15/66 8215/15/66
f 8215/15/67 8216/15/67 8218/15/67 8217/15/67
f 8217/15/68 8218/15/68 8220/15/68 8219/15/68
f 8219/15/69 8220/15/69 8222/15/69 8221/15/69
f 8221/15/70 8222/15/70 8224/15/70 8223/15/70
f 8223/15/39 8224/15/39 8226/15/39 8225/15/39
f 8225/15/40 8226/15/40 8228/15/40 8227/15/40
f 8227/15/41 8228/15/41 8230/15/41 8229/15/41
f 8229/15/42 8230/15/42 8232/15/42 8231/15/42
f 8231/15/43 8232/15/43 8234/15/43 8233/15/43
f 8233/15/44 8234/15/44 8236/15/44 8235/15/44
f 8178/15/1 8176/15/1 8238/15/1 8236/15/1 8234/15/1 8232/15/1 8230/15/1 8228/15/1 8226/15/1 8224/15/1 8222/15/1 8220/15/1 8218/15/1 8216/15/1 8214/15/1 8212/15/1 8210/15/1 8208/15/1 8206/15/1 8204/15/1 8202/15/1 8200/15/1 8198/15/1 8196/15/1 8194/15/1 8192/15/1 8190/15/1 8188/15/1 8186/15/1 8184/15/1 8182/15/1 8180/15/1
f 8235/15/45 8236/15/45 8238/15/45 8237/15/45
f 8237/15/46 8238/15/46 8176/15/46 8175/15/46
f 8175/15/4 8177/15/4 8179/15/4 8181/15/4 8183/15/4 8185/15/4 8187/15/4 8189/15/4 8191/15/4 8193/15/4 8195/15/4 8197/15/4 8199/15/4 8201/15/4 8203/15/4 8205/15/4 8207/15/4 8209/15/4 8211/15/4 8213/15/4 8215/15/4 8217/15/4 8219/15/4 8221/15/4 8223/15/4 8225/15/4 8227/15/4 8229/15/4 8231/15/4 8233/15/4 8235/15/4 8237/15/4
f 8239/15/47 8240/15/47 8242/15/47 8241/15/47
f 8241/15/48 8242/15/48 8244/15/48 8243/15/48
f 8243/15/49 8244/15/49 8246/15/49 8245/15/49
f 8245/15/50 8246/15/50 8248/15/50 8247/15/50
f 8247/15/51 8248/15/51 8250/15/51 8249/15/51
f 8249/15/52 8250/15/52 8252/15/52 8251/15/52
f 8251/15/53 8252/15/53 8254/15/53 8253/15/53
f 8253/15/54 8254/15/54 8256/15/54 8255/15/54
f 8255/15/55 8256/15/55 8258/15/55 8257/15/55
f 8257/15/56 8258/15/56 8260/15/56 8259/15/56
f 8259/15/57 8260/15/57 8262/15/57 8261/15/57
f 8261/15/58 8262/15/58 8264/15/58 8263/15/58
f 8263/15/59 8264/15/59 8266/15/59 8265/15/59
f 8265/15/60 8266/15/60 8268/15/60 8267/15/60
f 8267/15/61 8268/15/61 8270/15/61 8269/15/61
f 8269/15/62 8270/15/62 8272/15/62 8271/15/62
f 8271/15/63 8272/15/63 8274/15/63 8273/15/63
f 8273/15/64 8274/15/64 8276/15/64 8275/15/64
f 8275/15/65 8276/15/65 8278/15/65 8277/15/65
f 8277/15/66 8278/15/66 8280/15/66 8279/15/66
f 8279/15/67 8280/15/67 8282/15/67 8281/15/67
f 8281/15/68 8282/15/68 8284/15/68 8283/15/68
f 8283/15/69 8284/15/69 8286/15/69 8285/15/69
f 8285/15/70 8286/15/70 8288/15/70 8287/15/70
f 8287/15/39 8288/15/39 8290/15/39 8289/15/39
f 8289/15/40 8290/15/40 8292/15/40 8291/15/40
f 8291/15/41 8292/15/41 8294/15/41 8293/15/41
f 8293/15/42 8294/15/42 8296/15/42 8295/15/42
f 8295/15/43 8296/15/43 8298/15/43 8297/15/43
f 8297/15/44 8298/15/44 8300/15/44 8299/15/44
f 8242/15/1 8240/15/1 8302/15/1 8300/15/1 8298/15/1 8296/15/1 8294/15/1 8292/15/1 8290/15/1 8288/15/1 8286/15/1 8284/15/1 8282/15/1 8280/15/1 8278/15/1 8276/15/1 8274/15/1 8272/15/1 8270/15/1 8268/15/1 8266/15/1 8264/15/1 8262/15/1 8260/15/1 8258/15/1 8256/15/1 8254/15/1 8252/15/1 8250/15/1 8248/15/1 8246/15/1 8244/15/1
f 8299/15/45 8300/15/45 8302/15/45 8301/15/45
f 8301/15/46 8302/15/46 8240/15/46 8239/15/46
f 8239/15/4 8241/15/4 8243/15/4 8245/15/4 8247/15/4 8249/15/4 8251/15/4 8253/15/4 8255/15/4 8257/15/4 8259/15/4 8261/15/4 8263/15/4 8265/15/4 8267/15/4 8269/15/4 8271/15/4 8273/15/4 8275/15/4 8277/15/4 8279/15/4 8281/15/4 8283/15/4 8285/15/4 8287/15/4 8289/15/4 8291/15/4 8293/15/4 8295/15/4 8297/15/4 8299/15/4 8301/15/4
f 8303/15/944 8304/15/944 8306/15/944 8305/15/944
f 8305/15/945 8306/15/945 8308/15/945 8307/15/945
f 8307/15/946 8308/15/946 8310/15/946 8309/15/946
f 8309/15/947 8310/15/947 8312/15/947 8311/15/947
f 8311/15/948 8312/15/948 8314/15/948 8313/15/948
f 8313/15/949 8314/15/949 8316/15/949 8315/15/949
f 8315/15/950 8316/15/950 8318/15/950 8317/15/950
f 8317/15/951 8318/15/951 8320/15/951 8319/15/951
f 8319/15/952 8320/15/952 8322/15/952 8321/15/952
f 8321/15/953 8322/15/953 8324/15/953 8323/15/953
f 8323/15/954 8324/15/954 8326/15/954 8325/15/954
f 8325/15/955 8326/15/955 8328/15/955 8327/15/955
f 8327/15/956 8328/15/956 8330/15/956 8329/15/956
f 8329/15/957 8330/15/957 8332/15/957 8331/15/957
f 8331/15/958 8332/15/958 8334/15/958 8333/15/958
f 8333/15/959 8334/15/959 8336/15/959 8335/15/959
f 8335/15/960 8336/15/960 8338/15/960 8337/15/960
f 8337/15/961 8338/15/961 8340/15/961 8339/15/961
f 8339/15/962 8340/15/962 8342/15/962 8341/15/962
f 8341/15/963 8342/15/963 8344/15/963 8343/15/963
f 8343/15/964 8344/15/964 8346/15/964 8345/15/964
f 8345/15/965 8346/15/965 8348/15/965 8347/15/965
f 8347/15/966 8348/15/966 8350/15/966 8349/15/966
f 8349/15/967 8350/15/967 8352/15/967 8351/15/967
f 8351/15/968 8352/15/968 8354/15/968 8353/15/968
f 8353/15/969 8354/15/969 8356/15/969 8355/15/969
f 8355/15/970 8356/15/970 8358/15/970 8357/15/970
f 8357/15/971 8358/15/971 8360/15/971 8359/15/971
f 8359/15/972 8360/15/972 8362/15/972 8361/15/972
f 8361/15/973 8362/15/973 8364/15/973 8363/15/973
f 8306/15/1 8304/15/1 8366/15/1 8364/15/1 8362/15/1 8360/15/1 8358/15/1 8356/15/1 8354/15/1 8352/15/1 8350/15/1 8348/15/1 8346/15/1 8344/15/1 8342/15/1 8340/15/1 8338/15/1 8336/15/1 8334/15/1 8332/15/1 8330/15/1 8328/15/1 8326/15/1 8324/15/1 8322/15/1 8320/15/1 8318/15/1 8316/15/1 8314/15/1 8312/15/1 8310/15/1 8308/15/1
f 8363/15/974 8364/15/974 8366/15/974 8365/15/974
f 8365/15/975 8366/15/975 8304/15/975 8303/15/975
f 8303/15/4 8305/15/4 8307/15/4 8309/15/4 8311/15/4 8313/15/4 8315/15/4 8317/15/4 8319/15/4 8321/15/4 8323/15/4 8325/15/4 8327/15/4 8329/15/4 8331/15/4 8333/15/4 8335/15/4 8337/15/4 8339/15/4 8341/15/4 8343/15/4 8345/15/4 8347/15/4 8349/15/4 8351/15/4 8353/15/4 8355/15/4 8357/15/4 8359/15/4 8361/15/4 8363/15/4 8365/15/4
usemtl 材质
f 1142/15/167 1141/15/167 1151/15/167 1152/15/167
f 1612/15/679 1220/15/679 1145/15/679
f 1446/15/680 1620/15/680 1159/15/680
f 1143/15/170 1142/15/170 1152/15/170 1153/15/170
f 1613/15/171 1612/15/171 1145/15/171 1146/15/171
f 1616/15/172 1143/15/172 1153/15/172 1154/15/172
f 1139/15/173 1613/15/173 1146/15/173 1147/15/173
f 1144/15/174 1616/15/174 1154/15/174 1155/15/174
f 1614/15/175 1139/15/175 1147/15/175 1148/15/175
f 1617/15/176 1144/15/176 1155/15/176 1156/15/176
f 1140/15/177 1614/15/177 1148/15/177 1149/15/177
f 1618/15/178 1617/15/178 1156/15/178 1157/15/178
f 1615/15/179 1140/15/179 1149/15/179 1150/15/179
f 1619/15/180 1618/15/180 1157/15/180 1158/15/180
f 1141/15/181 1615/15/181 1150/15/181 1151/15/181
f 1620/15/182 1619/15/182 1158/15/182 1159/15/182
f 1158/15/681 1157/15/681 1172/15/681 1173/15/681
f 1151/15/184 1150/15/184 1165/15/184 1166/15/184
f 1159/15/682 1158/15/682 1173/15/682 1174/15/682
f 1152/15/683 1151/15/683 1166/15/683 1167/15/683
f 1145/15/187 1220/15/187 1160/15/187
f 1446/15/188 1159/15/188 1174/15/188
f 1153/15/684 1152/15/684 1167/15/684 1168/15/684
f 1146/15/685 1145/15/685 1160/15/685 1161/15/685
f 1154/15/191 1153/15/191 1168/15/191 1169/15/191
f 1147/15/192 1146/15/192 1161/15/192 1162/15/192
f 1155/15/193 1154/15/193 1169/15/193 1170/15/193
f 1148/15/194 1147/15/194 1162/15/194 1163/15/194
f 1156/15/195 1155/15/195 1170/15/195 1171/15/195
f 1149/15/196 1148/15/196 1163/15/196 1164/15/196
f 1157/15/197 1156/15/197 1171/15/197 1172/15/197
f 1150/15/198 1149/15/198 1164/15/198 1165/15/198
f 1170/15/199 1169/15/199 1184/15/199 1185/15/199
f 1163/15/200 1162/15/200 1177/15/200 1178/15/200
f 1171/15/201 1170/15/201 1185/15/201 1186/15/201
f 1164/15/202 1163/15/202 1178/15/202 1179/15/202
f 1172/15/203 1171/15/203 1186/15/203 1187/15/203
f 1165/15/204 1164/15/204 1179/15/204 1180/15/204
f 1173/15/686 1172/15/686 1187/15/686 1188/15/686
f 1166/15/206 1165/15/206 1180/15/206 1181/15/206
f 1174/15/687 1173/15/687 1188/15/687 1189/15/687
f 1167/15/688 1166/15/688 1181/15/688 1182/15/688
f 1160/15/209 1220/15/209 1175/15/209
f 1446/15/210 1174/15/210 1189/15/210
f 1168/15/689 1167/15/689 1182/15/689 1183/15/689
f 1161/15/690 1160/15/690 1175/15/690 1176/15/690
f 1169/15/213 1168/15/213 1183/15/213 1184/15/213
f 1162/15/214 1161/15/214 1176/15/214 1177/15/214
f 1189/15/215 1188/15/215 1203/15/215 1204/15/215
f 1182/15/691 1181/15/691 1196/15/691 1197/15/691
f 1175/15/217 1220/15/217 1190/15/217
f 1446/15/218 1189/15/218 1204/15/218
f 1183/15/692 1182/15/692 1197/15/692 1198/15/692
f 1176/15/693 1175/15/693 1190/15/693 1191/15/693
f 1184/15/221 1183/15/221 1198/15/221 1199/15/221
f 1177/15/222 1176/15/222 1191/15/222 1192/15/222
f 1185/15/223 1184/15/223 1199/15/223 1200/15/223
f 1178/15/224 1177/15/224 1192/15/224 1193/15/224
f 1186/15/225 1185/15/225 1200/15/225 1201/15/225
f 1179/15/226 1178/15/226 1193/15/226 1194/15/226
f 1187/15/227 1186/15/227 1201/15/227 1202/15/227
f 1180/15/228 1179/15/228 1194/15/228 1195/15/228
f 1188/15/229 1187/15/229 1202/15/229 1203/15/229
f 1181/15/230 1180/15/230 1195/15/230 1196/15/230
f 1193/15/231 1192/15/231 1207/15/231 1208/15/231
f 1201/15/232 1200/15/232 1215/15/232 1216/15/232
f 1194/15/233 1193/15/233 1208/15/233 1209/15/233
f 1202/15/234 1201/15/234 1216/15/234 1217/15/234
f 1195/15/235 1194/15/235 1209/15/235 1210/15/235
f 1203/15/236 1202/15/236 1217/15/236 1218/15/236
f 1196/15/237 1195/15/237 1210/15/237 1211/15/237
f 1204/15/238 1203/15/238 1218/15/238 1219/15/238
f 1197/15/694 1196/15/694 1211/15/694 1212/15/694
f 1190/15/240 1220/15/240 1205/15/240
f 1446/15/241 1204/15/241 1219/15/241
f 1198/15/695 1197/15/695 1212/15/695 1213/15/695
f 1191/15/243 1190/15/243 1205/15/243 1206/15/243
f 1199/15/244 1198/15/244 1213/15/244 1214/15/244
f 1192/15/245 1191/15/245 1206/15/245 1207/15/245
f 1200/15/246 1199/15/246 1214/15/246 1215/15/246
f 1212/15/696 1211/15/696 1227/15/696 1228/15/696
f 1205/15/248 1220/15/248 1221/15/248
f 1446/15/249 1219/15/249 1235/15/249
f 1213/15/697 1212/15/697 1228/15/697 1229/15/697
f 1206/15/698 1205/15/698 1221/15/698 1222/15/698
f 1214/15/252 1213/15/252 1229/15/252 1230/15/252
f 1207/15/253 1206/15/253 1222/15/253 1223/15/253
f 1215/15/254 1214/15/254 1230/15/254 1231/15/254
f 1208/15/255 1207/15/255 1223/15/255 1224/15/255
f 1216/15/256 1215/15/256 1231/15/256 1232/15/256
f 1209/15/257 1208/15/257 1224/15/257 1225/15/257
f 1217/15/258 1216/15/258 1232/15/258 1233/15/258
f 1210/15/259 1209/15/259 1225/15/259 1226/15/259
f 1218/15/699 1217/15/699 1233/15/699 1234/15/699
f 1211/15/261 1210/15/261 1226/15/261 1227/15/261
f 1219/15/700 1218/15/700 1234/15/700 1235/15/700
f 1232/15/263 1231/15/263 1246/15/263 1247/15/263
f 1225/15/264 1224/15/264 1239/15/264 1240/15/264
f 1233/15/265 1232/15/265 1247/15/265 1248/15/265
f 1226/15/266 1225/15/266 1240/15/266 1241/15/266
f 1234/15/267 1233/15/267 1248/15/267 1249/15/267
f 1227/15/268 1226/15/268 1241/15/268 1242/15/268
f 1235/15/701 1234/15/701 1249/15/701 1250/15/701
f 1228/15/702 1227/15/702 1242/15/702 1243/15/702
f 1221/15/271 1220/15/271 1236/15/271
f 1446/15/272 1235/15/272 1250/15/272
f 1229/15/703 1228/15/703 1243/15/703 1244/15/703
f 1222/15/704 1221/15/704 1236/15/704 1237/15/704
f 1230/15/275 1229/15/275 1244/15/275 1245/15/275
f 1223/15/276 1222/15/276 1237/15/276 1238/15/276
f 1231/15/277 1230/15/277 1245/15/277 1246/15/277
f 1224/15/278 1223/15/278 1238/15/278 1239/15/278
f 1236/15/705 1220/15/705 1251/15/705
f 1446/15/706 1250/15/706 1265/15/706
f 1244/15/281 1243/15/281 1258/15/281 1259/15/281
f 1237/15/707 1236/15/707 1251/15/707 1252/15/707
f 1245/15/283 1244/15/283 1259/15/283 1260/15/283
f 1238/15/284 1237/15/284 1252/15/284 1253/15/284
f 1246/15/285 1245/15/285 1260/15/285 1261/15/285
f 1239/15/286 1238/15/286 1253/15/286 1254/15/286
f 1247/15/287 1246/15/287 1261/15/287 1262/15/287
f 1240/15/288 1239/15/288 1254/15/288 1255/15/288
f 1248/15/289 1247/15/289 1262/15/289 1263/15/289
f 1241/15/290 1240/15/290 1255/15/290 1256/15/290
f 1249/15/291 1248/15/291 1263/15/291 1264/15/291
f 1242/15/292 1241/15/292 1256/15/292 1257/15/292
f 1250/15/708 1249/15/708 1264/15/708 1265/15/708
f 1243/15/294 1242/15/294 1257/15/294 1258/15/294
f 1255/15/295 1254/15/295 1269/15/295 1270/15/295
f 1263/15/296 1262/15/296 1277/15/296 1278/15/296
f 1256/15/297 1255/15/297 1270/15/297 1271/15/297
f 1264/15/298 1263/15/298 1278/15/298 1279/15/298
f 1257/15/299 1256/15/299 1271/15/299 1272/15/299
f 1265/15/709 1264/15/709 1279/15/709 1280/15/709
f 1258/15/301 1257/15/301 1272/15/301 1273/15/301
f 1251/15/710 1220/15/710 1266/15/710
f 1446/15/711 1265/15/711 1280/15/711
f 1259/15/304 1258/15/304 1273/15/304 1274/15/304
f 1252/15/712 1251/15/712 1266/15/712 1267/15/712
f 1260/15/306 1259/15/306 1274/15/306 1275/15/306
f 1253/15/307 1252/15/307 1267/15/307 1268/15/307
f 1261/15/308 1260/15/308 1275/15/308 1276/15/308
f 1254/15/309 1253/15/309 1268/15/309 1269/15/309
f 1262/15/310 1261/15/310 1276/15/310 1277/15/310
f 1274/15/713 1273/15/713 1288/15/713 1289/15/713
f 1267/15/312 1266/15/312 1281/15/312 1282/15/312
f 1275/15/313 1274/15/313 1289/15/313 1290/15/313
f 1268/15/314 1267/15/314 1282/15/314 1283/15/314
f 1276/15/315 1275/15/315 1290/15/315 1291/15/315
f 1269/15/316 1268/15/316 1283/15/316 1284/15/316
f 1277/15/317 1276/15/317 1291/15/317 1292/15/317
f 1270/15/318 1269/15/318 1284/15/318 1285/15/318
f 1278/15/319 1277/15/319 1292/15/319 1293/15/319
f 1271/15/320 1270/15/320 1285/15/320 1286/15/320
f 1279/15/321 1278/15/321 1293/15/321 1294/15/321
f 1272/15/322 1271/15/322 1286/15/322 1287/15/322
f 1280/15/714 1279/15/714 1294/15/714 1295/15/714
f 1273/15/715 1272/15/715 1287/15/715 1288/15/715
f 1266/15/325 1220/15/325 1281/15/325
f 1446/15/326 1280/15/326 1295/15/326
f 1293/15/327 1292/15/327 1307/15/327 1308/15/327
f 1286/15/328 1285/15/328 1300/15/328 1301/15/328
f 1294/15/329 1293/15/329 1308/15/329 1309/15/329
f 1287/15/330 1286/15/330 1301/15/330 1302/15/330
f 1295/15/716 1294/15/716 1309/15/716 1310/15/716
f 1288/15/717 1287/15/717 1302/15/717 1303/15/717
f 1281/15/333 1220/15/333 1296/15/333
f 1446/15/334 1295/15/334 1310/15/334
f 1289/15/718 1288/15/718 1303/15/718 1304/15/718
f 1282/15/719 1281/15/719 1296/15/719 1297/15/719
f 1290/15/337 1289/15/337 1304/15/337 1305/15/337
f 1283/15/338 1282/15/338 1297/15/338 1298/15/338
f 1291/15/339 1290/15/339 1305/15/339 1306/15/339
f 1284/15/340 1283/15/340 1298/15/340 1299/15/340
f 1292/15/341 1291/15/341 1306/15/341 1307/15/341
f 1285/15/342 1284/15/342 1299/15/342 1300/15/342
f 1305/15/343 1304/15/343 1319/15/343 1320/15/343
f 1298/15/344 1297/15/344 1312/15/344 1313/15/344
f 1306/15/345 1305/15/345 1320/15/345 1321/15/345
f 1299/15/346 1298/15/346 1313/15/346 1314/15/346
f 1307/15/347 1306/15/347 1321/15/347 1322/15/347
f 1300/15/348 1299/15/348 1314/15/348 1315/15/348
f 1308/15/349 1307/15/349 1322/15/349 1323/15/349
f 1301/15/350 1300/15/350 1315/15/350 1316/15/350
f 1309/15/351 1308/15/351 1323/15/351 1324/15/351
f 1302/15/352 1301/15/352 1316/15/352 1317/15/352
f 1310/15/353 1309/15/353 1324/15/353 1325/15/353
f 1303/15/354 1302/15/354 1317/15/354 1318/15/354
f 1296/15/355 1220/15/355 1311/15/355
f 1446/15/356 1310/15/356 1325/15/356
f 1304/15/720 1303/15/720 1318/15/720 1319/15/720
f 1297/15/358 1296/15/358 1311/15/358 1312/15/358
f 1324/15/359 1323/15/359 1338/15/359 1339/15/359
f 1317/15/360 1316/15/360 1331/15/360 1332/15/360
f 1325/15/721 1324/15/721 1339/15/721 1340/15/721
f 1318/15/722 1317/15/722 1332/15/722 1333/15/722
f 1311/15/363 1220/15/363 1326/15/363
f 1446/15/364 1325/15/364 1340/15/364
f 1319/15/723 1318/15/723 1333/15/723 1334/15/723
f 1312/15/366 1311/15/366 1326/15/366 1327/15/366
f 1320/15/367 1319/15/367 1334/15/367 1335/15/367
f 1313/15/368 1312/15/368 1327/15/368 1328/15/368
f 1321/15/369 1320/15/369 1335/15/369 1336/15/369
f 1314/15/370 1313/15/370 1328/15/370 1329/15/370
f 1322/15/371 1321/15/371 1336/15/371 1337/15/371
f 1315/15/372 1314/15/372 1329/15/372 1330/15/372
f 1323/15/373 1322/15/373 1337/15/373 1338/15/373
f 1316/15/374 1315/15/374 1330/15/374 1331/15/374
f 1328/15/724 1327/15/724 1342/15/724 1343/15/724
f 1336/15/376 1335/15/376 1350/15/376 1351/15/376
f 1329/15/377 1328/15/377 1343/15/377 1344/15/377
f 1337/15/378 1336/15/378 1351/15/378 1352/15/378
f 1330/15/379 1329/15/379 1344/15/379 1345/15/379
f 1338/15/380 1337/15/380 1352/15/380 1353/15/380
f 1331/15/381 1330/15/381 1345/15/381 1346/15/381
f 1339/15/725 1338/15/725 1353/15/725 1354/15/725
f 1332/15/383 1331/15/383 1346/15/383 1347/15/383
f 1340/15/726 1339/15/726 1354/15/726 1355/15/726
f 1333/15/385 1332/15/385 1347/15/385 1348/15/385
f 1326/15/386 1220/15/386 1341/15/386
f 1446/15/387 1340/15/387 1355/15/387
f 1334/15/388 1333/15/388 1348/15/388 1349/15/388
f 1327/15/727 1326/15/727 1341/15/727 1342/15/727
f 1335/15/390 1334/15/390 1349/15/390 1350/15/390
f 1347/15/391 1346/15/391 1361/15/391 1362/15/391
f 1355/15/728 1354/15/728 1369/15/728 1370/15/728
f 1348/15/393 1347/15/393 1362/15/393 1363/15/393
f 1341/15/394 1220/15/394 1356/15/394
f 1446/15/395 1355/15/395 1370/15/395
f 1349/15/396 1348/15/396 1363/15/396 1364/15/396
f 1342/15/729 1341/15/729 1356/15/729 1357/15/729
f 1350/15/398 1349/15/398 1364/15/398 1365/15/398
f 1343/15/399 1342/15/399 1357/15/399 1358/15/399
f 1351/15/400 1350/15/400 1365/15/400 1366/15/400
f 1344/15/401 1343/15/401 1358/15/401 1359/15/401
f 1352/15/402 1351/15/402 1366/15/402 1367/15/402
f 1345/15/403 1344/15/403 1359/15/403 1360/15/403
f 1353/15/404 1352/15/404 1367/15/404 1368/15/404
f 1346/15/405 1345/15/405 1360/15/405 1361/15/405
f 1354/15/730 1353/15/730 1368/15/730 1369/15/730
f 1366/15/407 1365/15/407 1380/15/407 1381/15/407
f 1359/15/408 1358/15/408 1373/15/408 1374/15/408
f 1367/15/409 1366/15/409 1381/15/409 1382/15/409
f 1360/15/410 1359/15/410 1374/15/410 1375/15/410
f 1368/15/411 1367/15/411 1382/15/411 1383/15/411
f 1361/15/412 1360/15/412 1375/15/412 1376/15/412
f 1369/15/413 1368/15/413 1383/15/413 1384/15/413
f 1362/15/414 1361/15/414 1376/15/414 1377/15/414
f 1370/15/415 1369/15/415 1384/15/415 1385/15/415
f 1363/15/416 1362/15/416 1377/15/416 1378/15/416
f 1356/15/731 1220/15/731 1371/15/731
f 1446/15/732 1370/15/732 1385/15/732
f 1364/15/419 1363/15/419 1378/15/419 1379/15/419
f 1357/15/420 1356/15/420 1371/15/420 1372/15/420
f 1365/15/421 1364/15/421 1379/15/421 1380/15/421
f 1358/15/422 1357/15/422 1372/15/422 1373/15/422
f 1385/15/423 1384/15/423 1399/15/423 1400/15/423
f 1378/15/424 1377/15/424 1392/15/424 1393/15/424
f 1371/15/733 1220/15/733 1386/15/733
f 1446/15/734 1385/15/734 1400/15/734
f 1379/15/427 1378/15/427 1393/15/427 1394/15/427
f 1372/15/428 1371/15/428 1386/15/428 1387/15/428
f 1380/15/429 1379/15/429 1394/15/429 1395/15/429
f 1373/15/430 1372/15/430 1387/15/430 1388/15/430
f 1381/15/431 1380/15/431 1395/15/431 1396/15/431
f 1374/15/432 1373/15/432 1388/15/432 1389/15/432
f 1382/15/433 1381/15/433 1396/15/433 1397/15/433
f 1375/15/434 1374/15/434 1389/15/434 1390/15/434
f 1383/15/435 1382/15/435 1397/15/435 1398/15/435
f 1376/15/436 1375/15/436 1390/15/436 1391/15/436
f 1384/15/437 1383/15/437 1398/15/437 1399/15/437
f 1377/15/438 1376/15/438 1391/15/438 1392/15/438
f 1389/15/439 1388/15/439 1403/15/439 1404/15/439
f 1397/15/440 1396/15/440 1411/15/440 1412/15/440
f 1390/15/441 1389/15/441 1404/15/441 1405/15/441
f 1398/15/442 1397/15/442 1412/15/442 1413/15/442
f 1391/15/443 1390/15/443 1405/15/443 1406/15/443
f 1399/15/444 1398/15/444 1413/15/444 1414/15/444
f 1392/15/445 1391/15/445 1406/15/445 1407/15/445
f 1400/15/735 1399/15/735 1414/15/735 1415/15/735
f 1393/15/447 1392/15/447 1407/15/447 1408/15/447
f 1386/15/448 1220/15/448 1401/15/448
f 1446/15/449 1400/15/449 1415/15/449
f 1394/15/450 1393/15/450 1408/15/450 1409/15/450
f 1387/15/736 1386/15/736 1401/15/736 1402/15/736
f 1395/15/452 1394/15/452 1409/15/452 1410/15/452
f 1388/15/453 1387/15/453 1402/15/453 1403/15/453
f 1396/15/454 1395/15/454 1410/15/454 1411/15/454
f 1408/15/455 1407/15/455 1422/15/455 1423/15/455
f 1401/15/456 1220/15/456 1416/15/456
f 1446/15/457 1415/15/457 1430/15/457
f 1409/15/458 1408/15/458 1423/15/458 1424/15/458
f 1402/15/737 1401/15/737 1416/15/737 1417/15/737
f 1410/15/460 1409/15/460 1424/15/460 1425/15/460
f 1403/15/461 1402/15/461 1417/15/461 1418/15/461
f 1411/15/462 1410/15/462 1425/15/462 1426/15/462
f 1404/15/463 1403/15/463 1418/15/463 1419/15/463
f 1412/15/464 1411/15/464 1426/15/464 1427/15/464
f 1405/15/465 1404/15/465 1419/15/465 1420/15/465
f 1413/15/466 1412/15/466 1427/15/466 1428/15/466
f 1406/15/467 1405/15/467 1420/15/467 1421/15/467
f 1414/15/738 1413/15/738 1428/15/738 1429/15/738
f 1407/15/469 1406/15/469 1421/15/469 1422/15/469
f 1415/15/739 1414/15/739 1429/15/739 1430/15/739
f 1427/15/471 1426/15/471 1441/15/471 1442/15/471
f 1420/15/472 1419/15/472 1434/15/472 1435/15/472
f 1428/15/473 1427/15/473 1442/15/473 1443/15/473
f 1421/15/474 1420/15/474 1435/15/474 1436/15/474
f 1429/15/475 1428/15/475 1443/15/475 1444/15/475
f 1422/15/476 1421/15/476 1436/15/476 1437/15/476
f 1430/15/477 1429/15/477 1444/15/477 1445/15/477
f 1423/15/478 1422/15/478 1437/15/478 1438/15/478
f 1416/15/479 1220/15/479 1431/15/479
f 1446/15/480 1430/15/480 1445/15/480
f 1424/15/481 1423/15/481 1438/15/481 1439/15/481
f 1417/15/482 1416/15/482 1431/15/482 1432/15/482
f 1425/15/483 1424/15/483 1439/15/483 1440/15/483
f 1418/15/484 1417/15/484 1432/15/484 1433/15/484
f 1426/15/485 1425/15/485 1440/15/485 1441/15/485
f 1419/15/486 1418/15/486 1433/15/486 1434/15/486
f 1446/15/487 1445/15/487 1461/15/487
f 1439/15/488 1438/15/488 1454/15/488 1455/15/488
f 1432/15/489 1431/15/489 1447/15/489 1448/15/489
f 1440/15/490 1439/15/490 1455/15/490 1456/15/490
f 1433/15/491 1432/15/491 1448/15/491 1449/15/491
f 1441/15/492 1440/15/492 1456/15/492 1457/15/492
f 1434/15/493 1433/15/493 1449/15/493 1450/15/493
f 1442/15/494 1441/15/494 1457/15/494 1458/15/494
f 1435/15/495 1434/15/495 1450/15/495 1451/15/495
f 1443/15/496 1442/15/496 1458/15/496 1459/15/496
f 1436/15/497 1435/15/497 1451/15/497 1452/15/497
f 1444/15/498 1443/15/498 1459/15/498 1460/15/498
f 1437/15/499 1436/15/499 1452/15/499 1453/15/499
f 1445/15/740 1444/15/740 1460/15/740 1461/15/740
f 1438/15/501 1437/15/501 1453/15/501 1454/15/501
f 1431/15/502 1220/15/502 1447/15/502
f 1459/15/503 1458/15/503 1473/15/503 1474/15/503
f 1452/15/504 1451/15/504 1466/15/504 1467/15/504
f 1460/15/505 1459/15/505 1474/15/505 1475/15/505
f 1453/15/506 1452/15/506 1467/15/506 1468/15/506
f 1461/15/741 1460/15/741 1475/15/741 1476/15/741
f 1454/15/508 1453/15/508 1468/15/508 1469/15/508
f 1447/15/509 1220/15/509 1462/15/509
f 1446/15/510 1461/15/510 1476/15/510
f 1455/15/511 1454/15/511 1469/15/511 1470/15/511
f 1448/15/742 1447/15/742 1462/15/742 1463/15/742
f 1456/15/513 1455/15/513 1470/15/513 1471/15/513
f 1449/15/514 1448/15/514 1463/15/514 1464/15/514
f 1457/15/515 1456/15/515 1471/15/515 1472/15/515
f 1450/15/516 1449/15/516 1464/15/516 1465/15/516
f 1458/15/517 1457/15/517 1472/15/517 1473/15/517
f 1451/15/518 1450/15/518 1465/15/518 1466/15/518
f 1463/15/519 1462/15/519 1477/15/519 1478/15/519
f 1471/15/520 1470/15/520 1485/15/520 1486/15/520
f 1464/15/521 1463/15/521 1478/15/521 1479/15/521
f 1472/15/522 1471/15/522 1486/15/522 1487/15/522
f 1465/15/523 1464/15/523 1479/15/523 1480/15/523
f 1473/15/524 1472/15/524 1487/15/524 1488/15/524
f 1466/15/525 1465/15/525 1480/15/525 1481/15/525
f 1474/15/526 1473/15/526 1488/15/526 1489/15/526
f 1467/15/527 1466/15/527 1481/15/527 1482/15/527
f 1475/15/743 1474/15/743 1489/15/743 1490/15/743
f 1468/15/529 1467/15/529 1482/15/529 1483/15/529
f 1476/15/530 1475/15/530 1490/15/530 1491/15/530
f 1469/15/531 1468/15/531 1483/15/531 1484/15/531
f 1462/15/532 1220/15/532 1477/15/532
f 1446/15/533 1476/15/533 1491/15/533
f 1470/15/534 1469/15/534 1484/15/534 1485/15/534
f 1482/15/535 1481/15/535 1496/15/535 1497/15/535
f 1490/15/536 1489/15/536 1504/15/536 1505/15/536
f 1483/15/537 1482/15/537 1497/15/537 1498/15/537
f 1491/15/744 1490/15/744 1505/15/744 1506/15/744
f 1484/15/539 1483/15/539 1498/15/539 1499/15/539
f 1477/15/540 1220/15/540 1492/15/540
f 1446/15/541 1491/15/541 1506/15/541
f 1485/15/542 1484/15/542 1499/15/542 1500/15/542
f 1478/15/745 1477/15/745 1492/15/745 1493/15/745
f 1486/15/544 1485/15/544 1500/15/544 1501/15/544
f 1479/15/545 1478/15/545 1493/15/545 1494/15/545
f 1487/15/546 1486/15/546 1501/15/546 1502/15/546
f 1480/15/547 1479/15/547 1494/15/547 1495/15/547
f 1488/15/548 1487/15/548 1502/15/548 1503/15/548
f 1481/15/549 1480/15/549 1495/15/549 1496/15/549
f 1489/15/550 1488/15/550 1503/15/550 1504/15/550
f 1501/15/551 1500/15/551 1515/15/551 1516/15/551
f 1494/15/552 1493/15/552 1508/15/552 1509/15/552
f 1502/15/553 1501/15/553 1516/15/553 1517/15/553
f 1495/15/554 1494/15/554 1509/15/554 1510/15/554
f 1503/15/555 1502/15/555 1517/15/555 1518/15/555
f 1496/15/556 1495/15/556 1510/15/556 1511/15/556
f 1504/15/557 1503/15/557 1518/15/557 1519/15/557
f 1497/15/558 1496/15/558 1511/15/558 1512/15/558
f 1505/15/559 1504/15/559 1519/15/559 1520/15/559
f 1498/15/560 1497/15/560 1512/15/560 1513/15/560
f 1506/15/746 1505/15/746 1520/15/746 1521/15/746
f 1499/15/562 1498/15/562 1513/15/562 1514/15/562
f 1492/15/563 1220/15/563 1507/15/563
f 1446/15/564 1506/15/564 1521/15/564
f 1500/15/565 1499/15/565 1514/15/565 1515/15/565
f 1493/15/747 1492/15/747 1507/15/747 1508/15/747
f 1520/15/567 1519/15/567 1534/15/567 1535/15/567
f 1513/15/568 1512/15/568 1527/15/568 1528/15/568
f 1521/15/569 1520/15/569 1535/15/569 1536/15/569
f 1514/15/570 1513/15/570 1528/15/570 1529/15/570
f 1507/15/571 1220/15/571 1522/15/571
f 1446/15/572 1521/15/572 1536/15/572
f 1515/15/573 1514/15/573 1529/15/573 1530/15/573
f 1508/15/574 1507/15/574 1522/15/574 1523/15/574
f 1516/15/575 1515/15/575 1530/15/575 1531/15/575
f 1509/15/576 1508/15/576 1523/15/576 1524/15/576
f 1517/15/577 1516/15/577 1531/15/577 1532/15/577
f 1510/15/578 1509/15/578 1524/15/578 1525/15/578
f 1518/15/579 1517/15/579 1532/15/579 1533/15/579
f 1511/15/580 1510/15/580 1525/15/580 1526/15/580
f 1519/15/581 1518/15/581 1533/15/581 1534/15/581
f 1512/15/582 1511/15/582 1526/15/582 1527/15/582
f 1524/15/583 1523/15/583 1538/15/583 1539/15/583
f 1532/15/584 1531/15/584 1546/15/584 1547/15/584
f 1525/15/585 1524/15/585 1539/15/585 1540/15/585
f 1533/15/586 1532/15/586 1547/15/586 1548/15/586
f 1526/15/587 1525/15/587 1540/15/587 1541/15/587
f 1534/15/588 1533/15/588 1548/15/588 1549/15/588
f 1527/15/589 1526/15/589 1541/15/589 1542/15/589
f 1535/15/590 1534/15/590 1549/15/590 1550/15/590
f 1528/15/591 1527/15/591 1542/15/591 1543/15/591
f 1536/15/748 1535/15/748 1550/15/748 1551/15/748
f 1529/15/593 1528/15/593 1543/15/593 1544/15/593
f 1522/15/594 1220/15/594 1537/15/594
f 1446/15/595 1536/15/595 1551/15/595
f 1530/15/596 1529/15/596 1544/15/596 1545/15/596
f 1523/15/749 1522/15/749 1537/15/749 1538/15/749
f 1531/15/598 1530/15/598 1545/15/598 1546/15/598
f 1543/15/599 1542/15/599 1557/15/599 1558/15/599
f 1551/15/600 1550/15/600 1565/15/600 1566/15/600
f 1544/15/601 1543/15/601 1558/15/601 1559/15/601
f 1537/15/602 1220/15/602 1552/15/602
f 1446/15/603 1551/15/603 1566/15/603
f 1545/15/604 1544/15/604 1559/15/604 1560/15/604
f 1538/15/605 1537/15/605 1552/15/605 1553/15/605
f 1546/15/606 1545/15/606 1560/15/606 1561/15/606
f 1539/15/607 1538/15/607 1553/15/607 1554/15/607
f 1547/15/608 1546/15/608 1561/15/608 1562/15/608
f 1540/15/609 1539/15/609 1554/15/609 1555/15/609
f 1548/15/610 1547/15/610 1562/15/610 1563/15/610
f 1541/15/611 1540/15/611 1555/15/611 1556/15/611
f 1549/15/612 1548/15/612 1563/15/612 1564/15/612
f 1542/15/613 1541/15/613 1556/15/613 1557/15/613
f 1550/15/614 1549/15/614 1564/15/614 1565/15/614
f 1562/15/615 1561/15/615 1576/15/615 1577/15/615
f 1555/15/616 1554/15/616 1569/15/616 1570/15/616
f 1563/15/617 1562/15/617 1577/15/617 1578/15/617
f 1556/15/618 1555/15/618 1570/15/618 1571/15/618
f 1564/15/619 1563/15/619 1578/15/619 1579/15/619
f 1557/15/620 1556/15/620 1571/15/620 1572/15/620
f 1565/15/621 1564/15/621 1579/15/621 1580/15/621
f 1558/15/622 1557/15/622 1572/15/622 1573/15/622
f 1566/15/750 1565/15/750 1580/15/750 1581/15/750
f 1559/15/624 1558/15/624 1573/15/624 1574/15/624
f 1552/15/625 1220/15/625 1567/15/625
f 1446/15/626 1566/15/626 1581/15/626
f 1560/15/627 1559/15/627 1574/15/627 1575/15/627
f 1553/15/628 1552/15/628 1567/15/628 1568/15/628
f 1561/15/629 1560/15/629 1575/15/629 1576/15/629
f 1554/15/630 1553/15/630 1568/15/630 1569/15/630
f 1581/15/751 1580/15/751 1595/15/751 1596/15/751
f 1574/15/752 1573/15/752 1588/15/752 1589/15/752
f 1567/15/633 1220/15/633 1582/15/633
f 1446/15/634 1581/15/634 1596/15/634
f 1575/15/753 1574/15/753 1589/15/753 1590/15/753
f 1568/15/754 1567/15/754 1582/15/754 1583/15/754
f 1576/15/637 1575/15/637 1590/15/637 1591/15/637
f 1569/15/755 1568/15/755 1583/15/755 1584/15/755
f 1577/15/639 1576/15/639 1591/15/639 1592/15/639
f 1570/15/640 1569/15/640 1584/15/640 1585/15/640
f 1578/15/641 1577/15/641 1592/15/641 1593/15/641
f 1571/15/642 1570/15/642 1585/15/642 1586/15/642
f 1579/15/643 1578/15/643 1593/15/643 1594/15/643
f 1572/15/644 1571/15/644 1586/15/644 1587/15/644
f 1580/15/645 1579/15/645 1594/15/645 1595/15/645
f 1573/15/646 1572/15/646 1587/15/646 1588/15/646
f 1593/15/647 1592/15/647 1607/15/647 1608/15/647
f 1586/15/648 1585/15/648 1600/15/648 1601/15/648
f 1594/15/649 1593/15/649 1608/15/649 1609/15/649
f 1587/15/650 1586/15/650 1601/15/650 1602/15/650
f 1595/15/756 1594/15/756 1609/15/756 1610/15/756
f 1588/15/652 1587/15/652 1602/15/652 1603/15/652
f 1596/15/757 1595/15/757 1610/15/757 1611/15/757
f 1589/15/758 1588/15/758 1603/15/758 1604/15/758
f 1582/15/655 1220/15/655 1597/15/655
f 1446/15/656 1596/15/656 1611/15/656
f 1590/15/759 1589/15/759 1604/15/759 1605/15/759
f 1583/15/760 1582/15/760 1597/15/760 1598/15/760
f 1591/15/659 1590/15/659 1605/15/659 1606/15/659
f 1584/15/660 1583/15/660 1598/15/660 1599/15/660
f 1592/15/661 1591/15/661 1606/15/661 1607/15/661
f 1585/15/662 1584/15/662 1599/15/662 1600/15/662
f 1597/15/761 1220/15/761 1612/15/761
f 1446/15/762 1611/15/762 1620/15/762
f 1605/15/763 1604/15/763 1142/15/763 1143/15/763
f 1598/15/666 1597/15/666 1612/15/666 1613/15/666
f 1606/15/667 1605/15/667 1143/15/667 1616/15/667
f 1599/15/668 1598/15/668 1613/15/668 1139/15/668
f 1607/15/669 1606/15/669 1616/15/669 1144/15/669
f 1600/15/670 1599/15/670 1139/15/670 1614/15/670
f 1608/15/671 1607/15/671 1144/15/671 1617/15/671
f 1601/15/672 1600/15/672 1614/15/672 1140/15/672
f 1609/15/673 1608/15/673 1617/15/673 1618/15/673
f 1602/15/674 1601/15/674 1140/15/674 1615/15/674
f 1610/15/675 1609/15/675 1618/15/675 1619/15/675
f 1603/15/676 1602/15/676 1615/15/676 1141/15/676
f 1611/15/677 1610/15/677 1619/15/677 1620/15/677
f 1604/15/764 1603/15/764 1141/15/764 1142/15/764
usemtl 材质.001
f 6966/15/811 6965/15/811 6975/15/811 6976/15/811
f 7436/15/168 7044/15/168 6969/15/168
f 7270/15/169 7444/15/169 6983/15/169
f 6967/15/766 6966/15/766 6976/15/766 6977/15/766
f 7437/15/171 7436/15/171 6969/15/171 6970/15/171
f 7440/15/172 6967/15/172 6977/15/172 6978/15/172
f 6963/15/173 7437/15/173 6970/15/173 6971/15/173
f 6968/15/174 7440/15/174 6978/15/174 6979/15/174
f 7438/15/175 6963/15/175 6971/15/175 6972/15/175
f 7441/15/176 6968/15/176 6979/15/176 6980/15/176
f 6964/15/177 7438/15/177 6972/15/177 6973/15/177
f 7442/15/178 7441/15/178 6980/15/178 6981/15/178
f 7439/15/179 6964/15/179 6973/15/179 6974/15/179
f 7443/15/180 7442/15/180 6981/15/180 6982/15/180
f 6965/15/181 7439/15/181 6974/15/181 6975/15/181
f 7444/15/182 7443/15/182 6982/15/182 6983/15/182
f 6982/15/681 6981/15/681 6996/15/681 6997/15/681
f 6975/15/184 6974/15/184 6989/15/184 6990/15/184
f 6983/15/185 6982/15/185 6997/15/185 6998/15/185
f 6976/15/186 6975/15/186 6990/15/186 6991/15/186
f 6969/15/187 7044/15/187 6984/15/187
f 7270/15/188 6983/15/188 6998/15/188
f 6977/15/189 6976/15/189 6991/15/189 6992/15/189
f 6970/15/190 6969/15/190 6984/15/190 6985/15/190
f 6978/15/191 6977/15/191 6992/15/191 6993/15/191
f 6971/15/192 6970/15/192 6985/15/192 6986/15/192
f 6979/15/193 6978/15/193 6993/15/193 6994/15/193
f 6972/15/194 6971/15/194 6986/15/194 6987/15/194
f 6980/15/195 6979/15/195 6994/15/195 6995/15/195
f 6973/15/196 6972/15/196 6987/15/196 6988/15/196
f 6981/15/197 6980/15/197 6995/15/197 6996/15/197
f 6974/15/198 6973/15/198 6988/15/198 6989/15/198
f 6994/15/199 6993/15/199 7008/15/199 7009/15/199
f 6987/15/200 6986/15/200 7001/15/200 7002/15/200
f 6995/15/201 6994/15/201 7009/15/201 7010/15/201
f 6988/15/202 6987/15/202 7002/15/202 7003/15/202
f 6996/15/203 6995/15/203 7010/15/203 7011/15/203
f 6989/15/204 6988/15/204 7003/15/204 7004/15/204
f 6997/15/686 6996/15/686 7011/15/686 7012/15/686
f 6990/15/206 6989/15/206 7004/15/206 7005/15/206
f 6998/15/207 6997/15/207 7012/15/207 7013/15/207
f 6991/15/208 6990/15/208 7005/15/208 7006/15/208
f 6984/15/209 7044/15/209 6999/15/209
f 7270/15/769 6998/15/769 7013/15/769
f 6992/15/211 6991/15/211 7006/15/211 7007/15/211
f 6985/15/212 6984/15/212 6999/15/212 7000/15/212
f 6993/15/213 6992/15/213 7007/15/213 7008/15/213
f 6986/15/771 6985/15/771 7000/15/771 7001/15/771
f 7013/15/215 7012/15/215 7027/15/215 7028/15/215
f 7006/15/216 7005/15/216 7020/15/216 7021/15/216
f 6999/15/217 7044/15/217 7014/15/217
f 7270/15/218 7013/15/218 7028/15/218
f 7007/15/219 7006/15/219 7021/15/219 7022/15/219
f 7000/15/220 6999/15/220 7014/15/220 7015/15/220
f 7008/15/221 7007/15/221 7022/15/221 7023/15/221
f 7001/15/222 7000/15/222 7015/15/222 7016/15/222
f 7009/15/223 7008/15/223 7023/15/223 7024/15/223
f 7002/15/224 7001/15/224 7016/15/224 7017/15/224
f 7010/15/225 7009/15/225 7024/15/225 7025/15/225
f 7003/15/226 7002/15/226 7017/15/226 7018/15/226
f 7011/15/227 7010/15/227 7025/15/227 7026/15/227
f 7004/15/228 7003/15/228 7018/15/228 7019/15/228
f 7012/15/229 7011/15/229 7026/15/229 7027/15/229
f 7005/15/230 7004/15/230 7019/15/230 7020/15/230
f 7017/15/231 7016/15/231 7031/15/231 7032/15/231
f 7025/15/232 7024/15/232 7039/15/232 7040/15/232
f 7018/15/233 7017/15/233 7032/15/233 7033/15/233
f 7026/15/234 7025/15/234 7040/15/234 7041/15/234
f 7019/15/235 7018/15/235 7033/15/235 7034/15/235
f 7027/15/236 7026/15/236 7041/15/236 7042/15/236
f 7020/15/237 7019/15/237 7034/15/237 7035/15/237
f 7028/15/238 7027/15/238 7042/15/238 7043/15/238
f 7021/15/239 7020/15/239 7035/15/239 7036/15/239
f 7014/15/240 7044/15/240 7029/15/240
f 7270/15/241 7028/15/241 7043/15/241
f 7022/15/242 7021/15/242 7036/15/242 7037/15/242
f 7015/15/833 7014/15/833 7029/15/833 7030/15/833
f 7023/15/244 7022/15/244 7037/15/244 7038/15/244
f 7016/15/245 7015/15/245 7030/15/245 7031/15/245
f 7024/15/246 7023/15/246 7038/15/246 7039/15/246
f 7036/15/696 7035/15/696 7051/15/696 7052/15/696
f 7029/15/248 7044/15/248 7045/15/248
f 7270/15/249 7043/15/249 7059/15/249
f 7037/15/697 7036/15/697 7052/15/697 7053/15/697
f 7030/15/698 7029/15/698 7045/15/698 7046/15/698
f 7038/15/252 7037/15/252 7053/15/252 7054/15/252
f 7031/15/861 7030/15/861 7046/15/861 7047/15/861
f 7039/15/254 7038/15/254 7054/15/254 7055/15/254
f 7032/15/255 7031/15/255 7047/15/255 7048/15/255
f 7040/15/256 7039/15/256 7055/15/256 7056/15/256
f 7033/15/257 7032/15/257 7048/15/257 7049/15/257
f 7041/15/258 7040/15/258 7056/15/258 7057/15/258
f 7034/15/259 7033/15/259 7049/15/259 7050/15/259
f 7042/15/260 7041/15/260 7057/15/260 7058/15/260
f 7035/15/261 7034/15/261 7050/15/261 7051/15/261
f 7043/15/262 7042/15/262 7058/15/262 7059/15/262
f 7056/15/263 7055/15/263 7070/15/263 7071/15/263
f 7049/15/264 7048/15/264 7063/15/264 7064/15/264
f 7057/15/265 7056/15/265 7071/15/265 7072/15/265
f 7050/15/266 7049/15/266 7064/15/266 7065/15/266
f 7058/15/267 7057/15/267 7072/15/267 7073/15/267
f 7051/15/268 7050/15/268 7065/15/268 7066/15/268
f 7059/15/269 7058/15/269 7073/15/269 7074/15/269
f 7052/15/702 7051/15/702 7066/15/702 7067/15/702
f 7045/15/775 7044/15/775 7060/15/775
f 7270/15/272 7059/15/272 7074/15/272
f 7053/15/703 7052/15/703 7067/15/703 7068/15/703
f 7046/15/274 7045/15/274 7060/15/274 7061/15/274
f 7054/15/275 7053/15/275 7068/15/275 7069/15/275
f 7047/15/276 7046/15/276 7061/15/276 7062/15/276
f 7055/15/277 7054/15/277 7069/15/277 7070/15/277
f 7048/15/278 7047/15/278 7062/15/278 7063/15/278
f 7060/15/705 7044/15/705 7075/15/705
f 7270/15/706 7074/15/706 7089/15/706
f 7068/15/281 7067/15/281 7082/15/281 7083/15/281
f 7061/15/282 7060/15/282 7075/15/282 7076/15/282
f 7069/15/283 7068/15/283 7083/15/283 7084/15/283
f 7062/15/284 7061/15/284 7076/15/284 7077/15/284
f 7070/15/285 7069/15/285 7084/15/285 7085/15/285
f 7063/15/286 7062/15/286 7077/15/286 7078/15/286
f 7071/15/287 7070/15/287 7085/15/287 7086/15/287
f 7064/15/288 7063/15/288 7078/15/288 7079/15/288
f 7072/15/289 7071/15/289 7086/15/289 7087/15/289
f 7065/15/290 7064/15/290 7079/15/290 7080/15/290
f 7073/15/291 7072/15/291 7087/15/291 7088/15/291
f 7066/15/292 7065/15/292 7080/15/292 7081/15/292
f 7074/15/293 7073/15/293 7088/15/293 7089/15/293
f 7067/15/294 7066/15/294 7081/15/294 7082/15/294
f 7079/15/295 7078/15/295 7093/15/295 7094/15/295
f 7087/15/296 7086/15/296 7101/15/296 7102/15/296
f 7080/15/297 7079/15/297 7094/15/297 7095/15/297
f 7088/15/298 7087/15/298 7102/15/298 7103/15/298
f 7081/15/299 7080/15/299 7095/15/299 7096/15/299
f 7089/15/300 7088/15/300 7103/15/300 7104/15/300
f 7082/15/932 7081/15/932 7096/15/932 7097/15/932
f 7075/15/710 7044/15/710 7090/15/710
f 7270/15/711 7089/15/711 7104/15/711
f 7083/15/304 7082/15/304 7097/15/304 7098/15/304
f 7076/15/712 7075/15/712 7090/15/712 7091/15/712
f 7084/15/306 7083/15/306 7098/15/306 7099/15/306
f 7077/15/307 7076/15/307 7091/15/307 7092/15/307
f 7085/15/308 7084/15/308 7099/15/308 7100/15/308
f 7078/15/309 7077/15/309 7092/15/309 7093/15/309
f 7086/15/310 7085/15/310 7100/15/310 7101/15/310
f 7098/15/311 7097/15/311 7112/15/311 7113/15/311
f 7091/15/781 7090/15/781 7105/15/781 7106/15/781
f 7099/15/313 7098/15/313 7113/15/313 7114/15/313
f 7092/15/314 7091/15/314 7106/15/314 7107/15/314
f 7100/15/315 7099/15/315 7114/15/315 7115/15/315
f 7093/15/316 7092/15/316 7107/15/316 7108/15/316
f 7101/15/317 7100/15/317 7115/15/317 7116/15/317
f 7094/15/318 7093/15/318 7108/15/318 7109/15/318
f 7102/15/319 7101/15/319 7116/15/319 7117/15/319
f 7095/15/320 7094/15/320 7109/15/320 7110/15/320
f 7103/15/321 7102/15/321 7117/15/321 7118/15/321
f 7096/15/322 7095/15/322 7110/15/322 7111/15/322
f 7104/15/714 7103/15/714 7118/15/714 7119/15/714
f 7097/15/324 7096/15/324 7111/15/324 7112/15/324
f 7090/15/325 7044/15/325 7105/15/325
f 7270/15/326 7104/15/326 7119/15/326
f 7117/15/327 7116/15/327 7131/15/327 7132/15/327
f 7110/15/328 7109/15/328 7124/15/328 7125/15/328
f 7118/15/872 7117/15/872 7132/15/872 7133/15/872
f 7111/15/330 7110/15/330 7125/15/330 7126/15/330
f 7119/15/716 7118/15/716 7133/15/716 7134/15/716
f 7112/15/332 7111/15/332 7126/15/332 7127/15/332
f 7105/15/842 7044/15/842 7120/15/842
f 7270/15/334 7119/15/334 7134/15/334
f 7113/15/335 7112/15/335 7127/15/335 7128/15/335
f 7106/15/719 7105/15/719 7120/15/719 7121/15/719
f 7114/15/337 7113/15/337 7128/15/337 7129/15/337
f 7107/15/874 7106/15/874 7121/15/874 7122/15/874
f 7115/15/339 7114/15/339 7129/15/339 7130/15/339
f 7108/15/340 7107/15/340 7122/15/340 7123/15/340
f 7116/15/341 7115/15/341 7130/15/341 7131/15/341
f 7109/15/342 7108/15/342 7123/15/342 7124/15/342
f 7129/15/343 7128/15/343 7143/15/343 7144/15/343
f 7122/15/344 7121/15/344 7136/15/344 7137/15/344
f 7130/15/345 7129/15/345 7144/15/345 7145/15/345
f 7123/15/346 7122/15/346 7137/15/346 7138/15/346
f 7131/15/347 7130/15/347 7145/15/347 7146/15/347
f 7124/15/348 7123/15/348 7138/15/348 7139/15/348
f 7132/15/349 7131/15/349 7146/15/349 7147/15/349
f 7125/15/350 7124/15/350 7139/15/350 7140/15/350
f 7133/15/351 7132/15/351 7147/15/351 7148/15/351
f 7126/15/352 7125/15/352 7140/15/352 7141/15/352
f 7134/15/884 7133/15/884 7148/15/884 7149/15/884
f 7127/15/354 7126/15/354 7141/15/354 7142/15/354
f 7120/15/355 7044/15/355 7135/15/355
f 7270/15/356 7134/15/356 7149/15/356
f 7128/15/357 7127/15/357 7142/15/357 7143/15/357
f 7121/15/844 7120/15/844 7135/15/844 7136/15/844
f 7148/15/359 7147/15/359 7162/15/359 7163/15/359
f 7141/15/360 7140/15/360 7155/15/360 7156/15/360
f 7149/15/361 7148/15/361 7163/15/361 7164/15/361
f 7142/15/362 7141/15/362 7156/15/362 7157/15/362
f 7135/15/363 7044/15/363 7150/15/363
f 7270/15/364 7149/15/364 7164/15/364
f 7143/15/365 7142/15/365 7157/15/365 7158/15/365
f 7136/15/862 7135/15/862 7150/15/862 7151/15/862
f 7144/15/367 7143/15/367 7158/15/367 7159/15/367
f 7137/15/368 7136/15/368 7151/15/368 7152/15/368
f 7145/15/369 7144/15/369 7159/15/369 7160/15/369
f 7138/15/370 7137/15/370 7152/15/370 7153/15/370
f 7146/15/371 7145/15/371 7160/15/371 7161/15/371
f 7139/15/372 7138/15/372 7153/15/372 7154/15/372
f 7147/15/373 7146/15/373 7161/15/373 7162/15/373
f 7140/15/374 7139/15/374 7154/15/374 7155/15/374
f 7152/15/724 7151/15/724 7166/15/724 7167/15/724
f 7160/15/376 7159/15/376 7174/15/376 7175/15/376
f 7153/15/377 7152/15/377 7167/15/377 7168/15/377
f 7161/15/378 7160/15/378 7175/15/378 7176/15/378
f 7154/15/379 7153/15/379 7168/15/379 7169/15/379
f 7162/15/380 7161/15/380 7176/15/380 7177/15/380
f 7155/15/381 7154/15/381 7169/15/381 7170/15/381
f 7163/15/725 7162/15/725 7177/15/725 7178/15/725
f 7156/15/383 7155/15/383 7170/15/383 7171/15/383
f 7164/15/726 7163/15/726 7178/15/726 7179/15/726
f 7157/15/846 7156/15/846 7171/15/846 7172/15/846
f 7150/15/386 7044/15/386 7165/15/386
f 7270/15/387 7164/15/387 7179/15/387
f 7158/15/388 7157/15/388 7172/15/388 7173/15/388
f 7151/15/389 7150/15/389 7165/15/389 7166/15/389
f 7159/15/390 7158/15/390 7173/15/390 7174/15/390
f 7171/15/391 7170/15/391 7185/15/391 7186/15/391
f 7179/15/728 7178/15/728 7193/15/728 7194/15/728
f 7172/15/393 7171/15/393 7186/15/393 7187/15/393
f 7165/15/394 7044/15/394 7180/15/394
f 7270/15/395 7179/15/395 7194/15/395
f 7173/15/396 7172/15/396 7187/15/396 7188/15/396
f 7166/15/397 7165/15/397 7180/15/397 7181/15/397
f 7174/15/398 7173/15/398 7188/15/398 7189/15/398
f 7167/15/399 7166/15/399 7181/15/399 7182/15/399
f 7175/15/400 7174/15/400 7189/15/400 7190/15/400
f 7168/15/401 7167/15/401 7182/15/401 7183/15/401
f 7176/15/402 7175/15/402 7190/15/402 7191/15/402
f 7169/15/403 7168/15/403 7183/15/403 7184/15/403
f 7177/15/404 7176/15/404 7191/15/404 7192/15/404
f 7170/15/405 7169/15/405 7184/15/405 7185/15/405
f 7178/15/730 7177/15/730 7192/15/730 7193/15/730
f 7190/15/407 7189/15/407 7204/15/407 7205/15/407
f 7183/15/408 7182/15/408 7197/15/408 7198/15/408
f 7191/15/409 7190/15/409 7205/15/409 7206/15/409
f 7184/15/410 7183/15/410 7198/15/410 7199/15/410
f 7192/15/411 7191/15/411 7206/15/411 7207/15/411
f 7185/15/412 7184/15/412 7199/15/412 7200/15/412
f 7193/15/413 7192/15/413 7207/15/413 7208/15/413
f 7186/15/414 7185/15/414 7200/15/414 7201/15/414
f 7194/15/415 7193/15/415 7208/15/415 7209/15/415
f 7187/15/789 7186/15/789 7201/15/789 7202/15/789
f 7180/15/731 7044/15/731 7195/15/731
f 7270/15/732 7194/15/732 7209/15/732
f 7188/15/419 7187/15/419 7202/15/419 7203/15/419
f 7181/15/420 7180/15/420 7195/15/420 7196/15/420
f 7189/15/421 7188/15/421 7203/15/421 7204/15/421
f 7182/15/422 7181/15/422 7196/15/422 7197/15/422
f 7209/15/423 7208/15/423 7223/15/423 7224/15/423
f 7202/15/791 7201/15/791 7216/15/791 7217/15/791
f 7195/15/733 7044/15/733 7210/15/733
f 7270/15/734 7209/15/734 7224/15/734
f 7203/15/427 7202/15/427 7217/15/427 7218/15/427
f 7196/15/428 7195/15/428 7210/15/428 7211/15/428
f 7204/15/429 7203/15/429 7218/15/429 7219/15/429
f 7197/15/430 7196/15/430 7211/15/430 7212/15/430
f 7205/15/431 7204/15/431 7219/15/431 7220/15/431
f 7198/15/432 7197/15/432 7212/15/432 7213/15/432
f 7206/15/433 7205/15/433 7220/15/433 7221/15/433
f 7199/15/434 7198/15/434 7213/15/434 7214/15/434
f 7207/15/435 7206/15/435 7221/15/435 7222/15/435
f 7200/15/436 7199/15/436 7214/15/436 7215/15/436
f 7208/15/437 7207/15/437 7222/15/437 7223/15/437
f 7201/15/438 7200/15/438 7215/15/438 7216/15/438
f 7213/15/439 7212/15/439 7227/15/439 7228/15/439
f 7221/15/440 7220/15/440 7235/15/440 7236/15/440
f 7214/15/441 7213/15/441 7228/15/441 7229/15/441
f 7222/15/442 7221/15/442 7236/15/442 7237/15/442
f 7215/15/443 7214/15/443 7229/15/443 7230/15/443
f 7223/15/444 7222/15/444 7237/15/444 7238/15/444
f 7216/15/445 7215/15/445 7230/15/445 7231/15/445
f 7224/15/735 7223/15/735 7238/15/735 7239/15/735
f 7217/15/447 7216/15/447 7231/15/447 7232/15/447
f 7210/15/448 7044/15/448 7225/15/448
f 7270/15/449 7224/15/449 7239/15/449
f 7218/15/450 7217/15/450 7232/15/450 7233/15/450
f 7211/15/451 7210/15/451 7225/15/451 7226/15/451
f 7219/15/452 7218/15/452 7233/15/452 7234/15/452
f 7212/15/453 7211/15/453 7226/15/453 7227/15/453
f 7220/15/454 7219/15/454 7234/15/454 7235/15/454
f 7232/15/455 7231/15/455 7246/15/455 7247/15/455
f 7225/15/456 7044/15/456 7240/15/456
f 7270/15/457 7239/15/457 7254/15/457
f 7233/15/458 7232/15/458 7247/15/458 7248/15/458
f 7226/15/459 7225/15/459 7240/15/459 7241/15/459
f 7234/15/460 7233/15/460 7248/15/460 7249/15/460
f 7227/15/798 7226/15/798 7241/15/798 7242/15/798
f 7235/15/462 7234/15/462 7249/15/462 7250/15/462
f 7228/15/463 7227/15/463 7242/15/463 7243/15/463
f 7236/15/464 7235/15/464 7250/15/464 7251/15/464
f 7229/15/465 7228/15/465 7243/15/465 7244/15/465
f 7237/15/466 7236/15/466 7251/15/466 7252/15/466
f 7230/15/467 7229/15/467 7244/15/467 7245/15/467
f 7238/15/468 7237/15/468 7252/15/468 7253/15/468
f 7231/15/469 7230/15/469 7245/15/469 7246/15/469
f 7239/15/470 7238/15/470 7253/15/470 7254/15/470
f 7251/15/471 7250/15/471 7265/15/471 7266/15/471
f 7244/15/472 7243/15/472 7258/15/472 7259/15/472
f 7252/15/473 7251/15/473 7266/15/473 7267/15/473
f 7245/15/474 7244/15/474 7259/15/474 7260/15/474
f 7253/15/475 7252/15/475 7267/15/475 7268/15/475
f 7246/15/476 7245/15/476 7260/15/476 7261/15/476
f 7254/15/933 7253/15/933 7268/15/933 7269/15/933
f 7247/15/478 7246/15/478 7261/15/478 7262/15/478
f 7240/15/479 7044/15/479 7255/15/479
f 7270/15/480 7254/15/480 7269/15/480
f 7248/15/481 7247/15/481 7262/15/481 7263/15/481
f 7241/15/864 7240/15/864 7255/15/864 7256/15/864
f 7249/15/483 7248/15/483 7263/15/483 7264/15/483
f 7242/15/484 7241/15/484 7256/15/484 7257/15/484
f 7250/15/485 7249/15/485 7264/15/485 7265/15/485
f 7243/15/486 7242/15/486 7257/15/486 7258/15/486
f 7270/15/487 7269/15/487 7285/15/487
f 7263/15/488 7262/15/488 7278/15/488 7279/15/488
f 7256/15/918 7255/15/918 7271/15/918 7272/15/918
f 7264/15/490 7263/15/490 7279/15/490 7280/15/490
f 7257/15/491 7256/15/491 7272/15/491 7273/15/491
f 7265/15/492 7264/15/492 7280/15/492 7281/15/492
f 7258/15/493 7257/15/493 7273/15/493 7274/15/493
f 7266/15/494 7265/15/494 7281/15/494 7282/15/494
f 7259/15/495 7258/15/495 7274/15/495 7275/15/495
f 7267/15/496 7266/15/496 7282/15/496 7283/15/496
f 7260/15/497 7259/15/497 7275/15/497 7276/15/497
f 7268/15/498 7267/15/498 7283/15/498 7284/15/498
f 7261/15/499 7260/15/499 7276/15/499 7277/15/499
f 7269/15/500 7268/15/500 7284/15/500 7285/15/500
f 7262/15/501 7261/15/501 7277/15/501 7278/15/501
f 7255/15/502 7044/15/502 7271/15/502
f 7283/15/503 7282/15/503 7297/15/503 7298/15/503
f 7276/15/504 7275/15/504 7290/15/504 7291/15/504
f 7284/15/505 7283/15/505 7298/15/505 7299/15/505
f 7277/15/506 7276/15/506 7291/15/506 7292/15/506
f 7285/15/800 7284/15/800 7299/15/800 7300/15/800
f 7278/15/508 7277/15/508 7292/15/508 7293/15/508
f 7271/15/509 7044/15/509 7286/15/509
f 7270/15/510 7285/15/510 7300/15/510
f 7279/15/511 7278/15/511 7293/15/511 7294/15/511
f 7272/15/801 7271/15/801 7286/15/801 7287/15/801
f 7280/15/513 7279/15/513 7294/15/513 7295/15/513
f 7273/15/514 7272/15/514 7287/15/514 7288/15/514
f 7281/15/515 7280/15/515 7295/15/515 7296/15/515
f 7274/15/516 7273/15/516 7288/15/516 7289/15/516
f 7282/15/517 7281/15/517 7296/15/517 7297/15/517
f 7275/15/518 7274/15/518 7289/15/518 7290/15/518
f 7287/15/519 7286/15/519 7301/15/519 7302/15/519
f 7295/15/520 7294/15/520 7309/15/520 7310/15/520
f 7288/15/521 7287/15/521 7302/15/521 7303/15/521
f 7296/15/522 7295/15/522 7310/15/522 7311/15/522
f 7289/15/523 7288/15/523 7303/15/523 7304/15/523
f 7297/15/524 7296/15/524 7311/15/524 7312/15/524
f 7290/15/525 7289/15/525 7304/15/525 7305/15/525
f 7298/15/526 7297/15/526 7312/15/526 7313/15/526
f 7291/15/527 7290/15/527 7305/15/527 7306/15/527
f 7299/15/743 7298/15/743 7313/15/743 7314/15/743
f 7292/15/529 7291/15/529 7306/15/529 7307/15/529
f 7300/15/530 7299/15/530 7314/15/530 7315/15/530
f 7293/15/531 7292/15/531 7307/15/531 7308/15/531
f 7286/15/532 7044/15/532 7301/15/532
f 7270/15/533 7300/15/533 7315/15/533
f 7294/15/534 7293/15/534 7308/15/534 7309/15/534
f 7306/15/535 7305/15/535 7320/15/535 7321/15/535
f 7314/15/536 7313/15/536 7328/15/536 7329/15/536
f 7307/15/537 7306/15/537 7321/15/537 7322/15/537
f 7315/15/538 7314/15/538 7329/15/538 7330/15/538
f 7308/15/539 7307/15/539 7322/15/539 7323/15/539
f 7301/15/540 7044/15/540 7316/15/540
f 7270/15/541 7315/15/541 7330/15/541
f 7309/15/542 7308/15/542 7323/15/542 7324/15/542
f 7302/15/543 7301/15/543 7316/15/543 7317/15/543
f 7310/15/544 7309/15/544 7324/15/544 7325/15/544
f 7303/15/545 7302/15/545 7317/15/545 7318/15/545
f 7311/15/546 7310/15/546 7325/15/546 7326/15/546
f 7304/15/547 7303/15/547 7318/15/547 7319/15/547
f 7312/15/548 7311/15/548 7326/15/548 7327/15/548
f 7305/15/549 7304/15/549 7319/15/549 7320/15/549
f 7313/15/550 7312/15/550 7327/15/550 7328/15/550
f 7325/15/551 7324/15/551 7339/15/551 7340/15/551
f 7318/15/552 7317/15/552 7332/15/552 7333/15/552
f 7326/15/553 7325/15/553 7340/15/553 7341/15/553
f 7319/15/554 7318/15/554 7333/15/554 7334/15/554
f 7327/15/555 7326/15/555 7341/15/555 7342/15/555
f 7320/15/556 7319/15/556 7334/15/556 7335/15/556
f 7328/15/557 7327/15/557 7342/15/557 7343/15/557
f 7321/15/558 7320/15/558 7335/15/558 7336/15/558
f 7329/15/559 7328/15/559 7343/15/559 7344/15/559
f 7322/15/560 7321/15/560 7336/15/560 7337/15/560
f 7330/15/561 7329/15/561 7344/15/561 7345/15/561
f 7323/15/562 7322/15/562 7337/15/562 7338/15/562
f 7316/15/563 7044/15/563 7331/15/563
f 7270/15/564 7330/15/564 7345/15/564
f 7324/15/565 7323/15/565 7338/15/565 7339/15/565
f 7317/15/566 7316/15/566 7331/15/566 7332/15/566
f 7344/15/567 7343/15/567 7358/15/567 7359/15/567
f 7337/15/568 7336/15/568 7351/15/568 7352/15/568
f 7345/15/879 7344/15/879 7359/15/879 7360/15/879
f 7338/15/570 7337/15/570 7352/15/570 7353/15/570
f 7331/15/571 7044/15/571 7346/15/571
f 7270/15/572 7345/15/572 7360/15/572
f 7339/15/573 7338/15/573 7353/15/573 7354/15/573
f 7332/15/805 7331/15/805 7346/15/805 7347/15/805
f 7340/15/575 7339/15/575 7354/15/575 7355/15/575
f 7333/15/576 7332/15/576 7347/15/576 7348/15/576
f 7341/15/577 7340/15/577 7355/15/577 7356/15/577
f 7334/15/578 7333/15/578 7348/15/578 7349/15/578
f 7342/15/579 7341/15/579 7356/15/579 7357/15/579
f 7335/15/580 7334/15/580 7349/15/580 7350/15/580
f 7343/15/581 7342/15/581 7357/15/581 7358/15/581
f 7336/15/582 7335/15/582 7350/15/582 7351/15/582
f 7348/15/583 7347/15/583 7362/15/583 7363/15/583
f 7356/15/584 7355/15/584 7370/15/584 7371/15/584
f 7349/15/585 7348/15/585 7363/15/585 7364/15/585
f 7357/15/586 7356/15/586 7371/15/586 7372/15/586
f 7350/15/587 7349/15/587 7364/15/587 7365/15/587
f 7358/15/588 7357/15/588 7372/15/588 7373/15/588
f 7351/15/589 7350/15/589 7365/15/589 7366/15/589
f 7359/15/590 7358/15/590 7373/15/590 7374/15/590
f 7352/15/591 7351/15/591 7366/15/591 7367/15/591
f 7360/15/748 7359/15/748 7374/15/748 7375/15/748
f 7353/15/593 7352/15/593 7367/15/593 7368/15/593
f 7346/15/857 7044/15/857 7361/15/857
f 7270/15/934 7360/15/934 7375/15/934
f 7354/15/596 7353/15/596 7368/15/596 7369/15/596
f 7347/15/749 7346/15/749 7361/15/749 7362/15/749
f 7355/15/598 7354/15/598 7369/15/598 7370/15/598
f 7367/15/599 7366/15/599 7381/15/599 7382/15/599
f 7375/15/600 7374/15/600 7389/15/600 7390/15/600
f 7368/15/601 7367/15/601 7382/15/601 7383/15/601
f 7361/15/602 7044/15/602 7376/15/602
f 7270/15/603 7375/15/603 7390/15/603
f 7369/15/604 7368/15/604 7383/15/604 7384/15/604
f 7362/15/858 7361/15/858 7376/15/858 7377/15/858
f 7370/15/606 7369/15/606 7384/15/606 7385/15/606
f 7363/15/607 7362/15/607 7377/15/607 7378/15/607
f 7371/15/608 7370/15/608 7385/15/608 7386/15/608
f 7364/15/609 7363/15/609 7378/15/609 7379/15/609
f 7372/15/610 7371/15/610 7386/15/610 7387/15/610
f 7365/15/611 7364/15/611 7379/15/611 7380/15/611
f 7373/15/612 7372/15/612 7387/15/612 7388/15/612
f 7366/15/613 7365/15/613 7380/15/613 7381/15/613
f 7374/15/614 7373/15/614 7388/15/614 7389/15/614
f 7386/15/615 7385/15/615 7400/15/615 7401/15/615
f 7379/15/616 7378/15/616 7393/15/616 7394/15/616
f 7387/15/617 7386/15/617 7401/15/617 7402/15/617
f 7380/15/618 7379/15/618 7394/15/618 7395/15/618
f 7388/15/619 7387/15/619 7402/15/619 7403/15/619
f 7381/15/620 7380/15/620 7395/15/620 7396/15/620
f 7389/15/621 7388/15/621 7403/15/621 7404/15/621
f 7382/15/622 7381/15/622 7396/15/622 7397/15/622
f 7390/15/623 7389/15/623 7404/15/623 7405/15/623
f 7383/15/624 7382/15/624 7397/15/624 7398/15/624
f 7376/15/625 7044/15/625 7391/15/625
f 7270/15/626 7390/15/626 7405/15/626
f 7384/15/627 7383/15/627 7398/15/627 7399/15/627
f 7377/15/628 7376/15/628 7391/15/628 7392/15/628
f 7385/15/629 7384/15/629 7399/15/629 7400/15/629
f 7378/15/630 7377/15/630 7392/15/630 7393/15/630
f 7405/15/751 7404/15/751 7419/15/751 7420/15/751
f 7398/15/632 7397/15/632 7412/15/632 7413/15/632
f 7391/15/935 7044/15/935 7406/15/935
f 7270/15/634 7405/15/634 7420/15/634
f 7399/15/635 7398/15/635 7413/15/635 7414/15/635
f 7392/15/936 7391/15/936 7406/15/936 7407/15/936
f 7400/15/637 7399/15/637 7414/15/637 7415/15/637
f 7393/15/755 7392/15/755 7407/15/755 7408/15/755
f 7401/15/639 7400/15/639 7415/15/639 7416/15/639
f 7394/15/640 7393/15/640 7408/15/640 7409/15/640
f 7402/15/641 7401/15/641 7416/15/641 7417/15/641
f 7395/15/642 7394/15/642 7409/15/642 7410/15/642
f 7403/15/643 7402/15/643 7417/15/643 7418/15/643
f 7396/15/644 7395/15/644 7410/15/644 7411/15/644
f 7404/15/645 7403/15/645 7418/15/645 7419/15/645
f 7397/15/646 7396/15/646 7411/15/646 7412/15/646
f 7417/15/647 7416/15/647 7431/15/647 7432/15/647
f 7410/15/648 7409/15/648 7424/15/648 7425/15/648
f 7418/15/649 7417/15/649 7432/15/649 7433/15/649
f 7411/15/650 7410/15/650 7425/15/650 7426/15/650
f 7419/15/756 7418/15/756 7433/15/756 7434/15/756
f 7412/15/652 7411/15/652 7426/15/652 7427/15/652
f 7420/15/757 7419/15/757 7434/15/757 7435/15/757
f 7413/15/654 7412/15/654 7427/15/654 7428/15/654
f 7406/15/655 7044/15/655 7421/15/655
f 7270/15/656 7420/15/656 7435/15/656
f 7414/15/657 7413/15/657 7428/15/657 7429/15/657
f 7407/15/658 7406/15/658 7421/15/658 7422/15/658
f 7415/15/659 7414/15/659 7429/15/659 7430/15/659
f 7408/15/660 7407/15/660 7422/15/660 7423/15/660
f 7416/15/661 7415/15/661 7430/15/661 7431/15/661
f 7409/15/662 7408/15/662 7423/15/662 7424/15/662
f 7421/15/761 7044/15/761 7436/15/761
f 7270/15/664 7435/15/664 7444/15/664
f 7429/15/665 7428/15/665 6966/15/665 6967/15/665
f 7422/15/666 7421/15/666 7436/15/666 7437/15/666
f 7430/15/667 7429/15/667 6967/15/667 7440/15/667
f 7423/15/668 7422/15/668 7437/15/668 6963/15/668
f 7431/15/669 7430/15/669 7440/15/669 6968/15/669
f 7424/15/670 7423/15/670 6963/15/670 7438/15/670
f 7432/15/671 7431/15/671 6968/15/671 7441/15/671
f 7425/15/672 7424/15/672 7438/15/672 6964/15/672
f 7433/15/673 7432/15/673 7441/15/673 7442/15/673
f 7426/15/674 7425/15/674 6964/15/674 7439/15/674
f 7434/15/675 7433/15/675 7442/15/675 7443/15/675
f 7427/15/676 7426/15/676 7439/15/676 6965/15/676
f 7435/15/677 7434/15/677 7443/15/677 7444/15/677
f 7428/15/678 7427/15/678 6965/15/678 6966/15/678
usemtl Material.001
f 8367/1/2 8371/2/2 8373/3/2 8369/4/2
f 8370/5/4 8369/4/4 8373/6/4 8374/7/4
f 8374/8/3 8373/9/3 8371/10/3 8372/11/3
f 8372/12/6 8368/13/6 8370/5/6 8374/14/6
f 8368/13/5 8367/1/5 8369/4/5 8370/5/5
f 8372/11/1 8371/10/1 8367/1/1 8368/13/1
usemtl Material.002
f 8375/1/5 8379/2/5 8381/3/5 8377/4/5
f 8378/5/4 8377/4/4 8381/6/4 8382/7/4
f 8382/8/2 8381/9/2 8379/10/2 8380/11/2
f 8380/12/3 8376/13/3 8378/5/3 8382/14/3
f 8376/13/6 8375/1/6 8377/4/6 8378/5/6
f 8380/11/1 8379/10/1 8375/1/1 8376/13/1
usemtl Material.003
f 8383/1/6 8387/2/6 8389/3/6 8385/4/6
f 8386/5/4 8385/4/4 8389/6/4 8390/7/4
f 8390/8/5 8389/9/5 8387/10/5 8388/11/5
f 8388/12/2 8384/13/2 8386/5/2 8390/14/2
f 8384/13/3 8383/1/3 8385/4/3 8386/5/3
f 8388/11/1 8387/10/1 8383/1/1 8384/13/1
usemtl Material.004
f 8391/1/3 8395/2/3 8397/3/3 8393/4/3
f 8394/5/4 8393/4/4 8397/6/4 8398/7/4
f 8398/8/6 8397/9/6 8395/10/6 8396/11/6
f 8396/12/5 8392/13/5 8394/5/5 8398/14/5
f 8392/13/2 8391/1/2 8393/4/2 8394/5/2
f 8396/11/1 8395/10/1 8391/1/1 8392/13/1
