# Blender 5.0.1
# www.blender.org
mtllib drone.mtl
o Cube.030
v 0.614285 0.001346 0.317335
v 0.614381 -0.010848 0.317334
v 0.378112 -0.000509 0.279390
v 0.378208 -0.012704 0.279389
v 0.608152 0.001297 0.334367
v 0.608248 -0.010898 0.334366
v 0.375456 -0.000531 0.295536
v 0.375552 -0.012726 0.295535
v 0.635186 0.003542 0.305419
v 0.635292 -0.009863 0.305418
v 0.632933 0.003525 0.300903
v 0.633039 -0.009880 0.300902
v 0.283619 0.000753 0.566512
v 0.283724 -0.012652 0.566511
v 0.280940 0.000732 0.564422
v 0.281045 -0.012673 0.564421
v 0.539504 0.002778 0.433084
v 0.539609 -0.010627 0.433083
v 0.542530 0.002801 0.437428
v 0.542635 -0.010603 0.437427
v 0.253802 -0.012889 0.580246
v 0.253697 0.000516 0.580247
v 0.256375 0.000537 0.582337
v 0.256481 -0.012868 0.582336
v 0.383085 -0.011868 0.541322
v 0.386119 0.001561 0.546400
v 0.382980 0.001537 0.541324
v 0.386224 -0.011843 0.546399
v 0.614370 0.003377 0.317393
v 0.616881 -0.010009 0.321873
v 0.614475 -0.010028 0.317392
v 0.616775 0.003396 0.321874
v 0.475281 0.002266 0.506698
v 0.478467 -0.011114 0.511392
v 0.475387 -0.011138 0.506697
v 0.478362 0.002290 0.511393
v -0.199634 -0.021063 0.295205
v -0.199634 0.008105 0.295205
v -0.192861 -0.021063 0.295827
v -0.192861 0.008105 0.295827
v -0.186349 -0.021063 0.297670
v -0.186349 0.008105 0.297670
v -0.180347 -0.021063 0.300664
v -0.180347 0.008105 0.300664
v -0.175086 -0.021063 0.304692
v -0.175086 0.008105 0.304692
v -0.170769 -0.021063 0.309601
v -0.170769 0.008105 0.309601
v -0.167560 -0.021063 0.315201
v -0.167560 0.008105 0.315201
v -0.165585 -0.021063 0.321278
v -0.165585 0.008105 0.321278
v -0.164918 -0.021063 0.327598
v -0.164918 0.008105 0.327598
v -0.165585 -0.021063 0.333917
v -0.165585 0.008105 0.333917
v -0.167560 -0.021063 0.339994
v -0.167560 0.008105 0.339994
v -0.170769 -0.021063 0.345594
v -0.170769 0.008105 0.345594
v -0.175086 -0.021063 0.350503
v -0.175086 0.008105 0.350503
v -0.180347 -0.021063 0.354531
v -0.180347 0.008105 0.354531
v -0.186349 -0.021063 0.357525
v -0.186349 0.008105 0.357525
v -0.192861 -0.021063 0.359368
v -0.192861 0.008105 0.359368
v -0.199634 -0.021063 0.359991
v -0.199634 0.008105 0.359991
v -0.206407 -0.021063 0.359368
v -0.206407 0.008105 0.359368
v -0.212920 -0.021063 0.357525
v -0.212920 0.008105 0.357525
v -0.218922 -0.021063 0.354531
v -0.218922 0.008105 0.354531
v -0.224182 -0.021063 0.350503
v -0.224182 0.008105 0.350503
v -0.228500 -0.021063 0.345594
v -0.228500 0.008105 0.345594
v -0.231708 -0.021063 0.339994
v -0.231708 0.008105 0.339994
v -0.233683 -0.021063 0.333917
v -0.233683 0.008105 0.333917
v -0.234351 -0.021063 0.327598
v -0.234351 0.008105 0.327598
v -0.233683 -0.021063 0.321278
v -0.233683 0.008105 0.321278
v -0.231708 -0.021063 0.315201
v -0.231708 0.008105 0.315201
v -0.228500 -0.021063 0.309601
v -0.228500 0.008105 0.309601
v -0.224182 -0.021063 0.304692
v -0.224182 0.008105 0.304692
v -0.218922 -0.021063 0.300664
v -0.218922 0.008105 0.300664
v -0.212920 -0.021063 0.297670
v -0.212920 0.008105 0.297670
v -0.206407 -0.021063 0.295827
v -0.206407 0.008105 0.295827
v 0.377716 -0.017799 0.295452
v 0.377716 0.011370 0.295452
v 0.384489 -0.017799 0.296074
v 0.384489 0.011370 0.296074
v 0.391001 -0.017799 0.297918
v 0.391001 0.011370 0.297918
v 0.397003 -0.017799 0.300911
v 0.397003 0.011370 0.300911
v 0.402264 -0.017799 0.304940
v 0.402264 0.011370 0.304940
v 0.406582 -0.017799 0.309848
v 0.406582 0.011370 0.309848
v 0.409790 -0.017799 0.315449
v 0.409790 0.011370 0.315449
v 0.411765 -0.017799 0.321525
v 0.411765 0.011370 0.321525
v 0.412432 -0.017799 0.327845
v 0.412432 0.011370 0.327845
v 0.411765 -0.017799 0.334165
v 0.411765 0.011370 0.334165
v 0.409790 -0.017799 0.340241
v 0.409790 0.011370 0.340241
v 0.406582 -0.017799 0.345842
v 0.406582 0.011370 0.345842
v 0.402264 -0.017799 0.350750
v 0.402264 0.011370 0.350750
v 0.397003 -0.017799 0.354779
v 0.397003 0.011370 0.354779
v 0.391001 -0.017799 0.357772
v 0.391001 0.011370 0.357772
v 0.384489 -0.017799 0.359616
v 0.384489 0.011370 0.359616
v 0.377716 -0.017799 0.360238
v 0.377716 0.011370 0.360238
v 0.370943 -0.017799 0.359616
v 0.370943 0.011370 0.359616
v 0.364431 -0.017799 0.357772
v 0.364431 0.011370 0.357772
v 0.358429 -0.017799 0.354779
v 0.358429 0.011370 0.354779
v 0.353168 -0.017799 0.350750
v 0.353168 0.011370 0.350750
v 0.348850 -0.017799 0.345842
v 0.348850 0.011370 0.345842
v 0.345642 -0.017799 0.340241
v 0.345642 0.011370 0.340241
v 0.343667 -0.017799 0.334165
v 0.343667 0.011370 0.334165
v 0.343000 -0.017799 0.327845
v 0.343000 0.011370 0.327845
v 0.343667 -0.017799 0.321525
v 0.343667 0.011370 0.321525
v 0.345642 -0.017799 0.315449
v 0.345642 0.011370 0.315449
v 0.348850 -0.017799 0.309848
v 0.348850 0.011370 0.309848
v 0.353168 -0.017799 0.304940
v 0.353168 0.011370 0.304940
v 0.358429 -0.017799 0.300911
v 0.358429 0.011370 0.300911
v 0.364431 -0.017799 0.297918
v 0.364431 0.011370 0.297918
v 0.370943 -0.017799 0.296074
v 0.370943 0.011370 0.296074
v 0.297644 -0.003739 0.227349
v 0.312886 -0.004294 0.258448
v 0.297595 -0.004912 0.227352
v 0.312837 -0.005467 0.258451
v 0.297345 -0.006052 0.227454
v 0.312587 -0.006608 0.258553
v 0.296904 -0.007117 0.227651
v 0.312147 -0.007672 0.258750
v 0.296290 -0.008065 0.227935
v 0.311532 -0.008620 0.259034
v 0.295525 -0.008859 0.228296
v 0.310768 -0.009415 0.259395
v 0.294639 -0.009470 0.228719
v 0.309882 -0.010025 0.259818
v 0.293667 -0.009873 0.229188
v 0.308909 -0.010429 0.260287
v 0.292645 -0.010054 0.229686
v 0.307887 -0.010609 0.260785
v 0.291612 -0.010005 0.230193
v 0.306855 -0.010560 0.261292
v 0.290609 -0.009728 0.230689
v 0.305852 -0.010283 0.261789
v 0.289674 -0.009234 0.231156
v 0.304917 -0.009789 0.262256
v 0.288843 -0.008541 0.231576
v 0.304086 -0.009096 0.262675
v 0.288148 -0.007677 0.231932
v 0.303391 -0.008232 0.263031
v 0.287616 -0.006675 0.232211
v 0.302858 -0.007230 0.263310
v 0.287266 -0.005572 0.232402
v 0.302508 -0.006128 0.263501
v 0.287113 -0.004413 0.232498
v 0.302355 -0.004968 0.263597
v 0.287162 -0.003240 0.232495
v 0.302405 -0.003795 0.263594
v 0.287412 -0.002099 0.232393
v 0.302654 -0.002654 0.263492
v 0.287852 -0.001035 0.232196
v 0.303095 -0.001590 0.263295
v 0.288467 -0.000087 0.231912
v 0.303709 -0.000642 0.263011
v 0.289232 0.000708 0.231551
v 0.304474 0.000153 0.262650
v 0.290117 0.001318 0.231128
v 0.305360 0.000763 0.262227
v 0.291090 0.001722 0.230658
v 0.306332 0.001167 0.261757
v 0.292112 0.001902 0.230161
v 0.307355 0.001347 0.261260
v 0.293144 0.001853 0.229654
v 0.308387 0.001298 0.260753
v 0.294147 0.001576 0.229157
v 0.309390 0.001021 0.260256
v 0.295082 0.001082 0.228690
v 0.310325 0.000527 0.259789
v 0.295913 0.000389 0.228270
v 0.311156 -0.000166 0.259370
v 0.296609 -0.000475 0.227914
v 0.311851 -0.001030 0.259013
v 0.297141 -0.001477 0.227635
v 0.312384 -0.002032 0.258734
v 0.297491 -0.002579 0.227444
v 0.312733 -0.003134 0.258543
v 0.295183 -0.003966 0.228472
v 0.298393 -0.004083 0.235021
v 0.295138 -0.005180 0.228472
v 0.298348 -0.005297 0.235021
v 0.294897 -0.006359 0.228569
v 0.298107 -0.006476 0.235118
v 0.294470 -0.007459 0.228759
v 0.297680 -0.007576 0.235308
v 0.293873 -0.008437 0.229034
v 0.297082 -0.008554 0.235583
v 0.293128 -0.009257 0.229384
v 0.296338 -0.009373 0.235933
v 0.292265 -0.009885 0.229796
v 0.295475 -0.010002 0.236345
v 0.291317 -0.010299 0.230254
v 0.294526 -0.010416 0.236803
v 0.290319 -0.010482 0.230739
v 0.293529 -0.010599 0.237288
v 0.289311 -0.010427 0.231234
v 0.292521 -0.010544 0.237783
v 0.288332 -0.010137 0.231719
v 0.291542 -0.010253 0.238268
v 0.287418 -0.009622 0.232177
v 0.290628 -0.009739 0.238726
v 0.286605 -0.008902 0.232588
v 0.289815 -0.009019 0.239137
v 0.285924 -0.008005 0.232938
v 0.289134 -0.008122 0.239487
v 0.285401 -0.006966 0.233212
v 0.288611 -0.007083 0.239761
v 0.285057 -0.005824 0.233401
v 0.288267 -0.005941 0.239950
v 0.284905 -0.004624 0.233498
v 0.288114 -0.004741 0.240047
v 0.284950 -0.003410 0.233497
v 0.288159 -0.003527 0.240046
v 0.285190 -0.002231 0.233400
v 0.288400 -0.002348 0.239949
v 0.285618 -0.001131 0.233210
v 0.288827 -0.001248 0.239759
v 0.286215 -0.000153 0.232935
v 0.289425 -0.000270 0.239484
v 0.286959 0.000667 0.232585
v 0.290169 0.000550 0.239134
v 0.287822 0.001295 0.232173
v 0.291032 0.001178 0.238722
v 0.288771 0.001709 0.231716
v 0.291981 0.001592 0.238265
v 0.289768 0.001892 0.231230
v 0.292978 0.001775 0.237779
v 0.290776 0.001837 0.230735
v 0.293986 0.001720 0.237284
v 0.291756 0.001547 0.230250
v 0.294966 0.001430 0.236799
v 0.292670 0.001032 0.229793
v 0.295880 0.000915 0.236342
v 0.293483 0.000312 0.229381
v 0.296693 0.000195 0.235930
v 0.294164 -0.000585 0.229032
v 0.297374 -0.000701 0.235581
v 0.294686 -0.001624 0.228757
v 0.297896 -0.001741 0.235306
v 0.295030 -0.002766 0.228568
v 0.298240 -0.002883 0.235117
v -0.208353 0.040224 0.326315
v -0.309573 0.040224 0.389489
v -0.202868 0.038217 0.335311
v -0.300080 0.038217 0.399479
v -0.229158 0.040224 0.331789
v -0.208832 0.038217 0.351968
v -0.207396 0.038217 0.341103
v -0.218644 0.040224 0.329236
v -0.205610 0.040224 0.330813
v -0.304782 0.040224 0.394457
v -0.218995 0.040224 0.341879
v -0.213020 0.040224 0.335169
v -0.191220 0.040224 0.328979
v -0.088803 0.040224 0.267765
v -0.196531 0.038217 0.319878
v -0.098102 0.038217 0.257594
v -0.170313 0.040224 0.323906
v -0.190248 0.038217 0.303339
v -0.191892 0.038217 0.314175
v -0.180875 0.040224 0.326257
v -0.193876 0.040224 0.324428
v -0.093498 0.040224 0.262706
v -0.180280 0.040224 0.313623
v -0.186384 0.040224 0.320216
v -0.205797 0.040224 0.336857
v -0.188584 0.040224 0.326812
v -0.211132 0.040224 0.327714
v -0.193920 0.040224 0.317669
v -0.199139 0.040224 0.326601
v -0.199008 0.040224 0.327489
v -0.199876 0.040224 0.328230
v -0.200849 0.040224 0.327756
v -0.200939 0.040224 0.327038
v -0.200374 0.040224 0.326291
v -0.193283 0.040224 0.322856
v -0.193027 0.040224 0.323855
v -0.193952 0.040224 0.324485
v -0.195209 0.040224 0.324153
v -0.195292 0.040224 0.322591
v -0.194159 0.040224 0.322412
v -0.204357 0.040224 0.330253
v -0.204596 0.040224 0.331339
v -0.206137 0.040224 0.331270
v -0.206668 0.040224 0.330173
v -0.205285 0.040224 0.329322
v -0.199139 0.039303 0.326601
v -0.199008 0.039303 0.327489
v -0.199876 0.039303 0.328230
v -0.200849 0.039303 0.327756
v -0.200939 0.039303 0.327038
v -0.200374 0.039303 0.326291
v -0.193283 0.039303 0.322856
v -0.193027 0.039303 0.323855
v -0.193952 0.039303 0.324485
v -0.195209 0.039303 0.324153
v -0.195292 0.039303 0.322591
v -0.194159 0.039303 0.322412
v -0.204357 0.039303 0.330253
v -0.204596 0.039303 0.331339
v -0.206137 0.039303 0.331270
v -0.206668 0.039303 0.330173
v -0.205285 0.039303 0.329322
v -0.103165 -0.012579 0.559704
v -0.103165 -0.000383 0.559704
v -0.152394 -0.012579 0.261581
v -0.152394 -0.000383 0.261581
v -0.087000 -0.012579 0.568896
v -0.087000 -0.000383 0.568896
v -0.136229 -0.012579 0.254829
v -0.136229 -0.000383 0.254829
v -0.106164 -0.005292 0.485691
v -0.106250 -0.001166 0.485575
v -0.197177 -0.005635 0.541292
v -0.197263 -0.001508 0.541177
v -0.113175 -0.005649 0.478141
v -0.113261 -0.001523 0.478026
v -0.215197 -0.005992 0.538306
v -0.215283 -0.001865 0.538191
v -0.436341 -0.012579 0.317042
v -0.436341 -0.000383 0.317042
v -0.200583 -0.012579 0.276558
v -0.200583 -0.000383 0.276558
v -0.430025 -0.012579 0.334007
v -0.430025 -0.000383 0.334007
v -0.197753 -0.012579 0.292674
v -0.197753 -0.000383 0.292674
v -0.355712 -0.001682 0.311620
v -0.355636 -0.005810 0.311656
v -0.372218 -0.001086 0.416987
v -0.372142 -0.005214 0.417022
v -0.346049 -0.001473 0.315206
v -0.345973 -0.005601 0.315241
v -0.362556 -0.000877 0.432490
v -0.362479 -0.005005 0.432525
v -0.457359 -0.011165 0.305352
v -0.457359 0.002240 0.305352
v -0.455154 -0.011165 0.300812
v -0.455154 0.002240 0.300812
v -0.102991 -0.011165 0.562646
v -0.102991 0.002240 0.562646
v -0.100335 -0.011165 0.560528
v -0.100335 0.002240 0.560528
v -0.360305 -0.011165 0.431980
v -0.360305 0.002240 0.431980
v -0.363284 -0.011165 0.436356
v -0.363284 0.002240 0.436356
v -0.072922 0.002240 0.576059
v -0.072922 -0.011165 0.576059
v -0.075578 -0.011165 0.578177
v -0.075578 0.002240 0.578177
v -0.202621 0.002240 0.538528
v -0.205705 -0.011165 0.543638
v -0.202621 -0.011165 0.538528
v -0.205705 0.002240 0.543638
v -0.436414 -0.011165 0.317100
v -0.438771 0.002240 0.321608
v -0.436414 0.002240 0.317100
v -0.438771 -0.011165 0.321608
v -0.295292 -0.011165 0.504898
v -0.298322 0.002240 0.509626
v -0.295292 0.002240 0.504898
v -0.298322 -0.011165 0.509626
v 0.283750 -0.001276 0.563569
v 0.283846 -0.013471 0.563568
v 0.329766 -0.000889 0.264933
v 0.329862 -0.013083 0.264932
v 0.267685 -0.001403 0.572934
v 0.267781 -0.013598 0.572933
v 0.313530 -0.001016 0.258355
v 0.313626 -0.013211 0.258354
v -0.186403 -0.024906 0.091115
v -0.186403 0.017387 0.091115
v -0.191406 -0.024906 0.070450
v 0.197469 0.026367 0.066146
v -0.191406 0.022133 0.070450
v 0.197469 -0.026367 0.066146
v -0.185638 -0.024906 0.080782
v 0.197469 0.023005 0.079727
v -0.189036 0.020314 0.078370
v 0.197469 -0.026367 0.079727
v -0.013064 -0.026367 0.119495
v -0.013064 0.019643 0.119495
v 0.000000 0.026367 0.066146
v 0.010309 0.023005 0.080254
v 0.010309 -0.026367 0.080254
v -0.176851 -0.026367 0.080782
v -0.156233 -0.026367 0.095419
v -0.156233 0.019643 0.095419
v -0.176851 0.023005 0.080782
v -0.197469 0.026367 0.066146
v -0.197469 -0.026367 0.066146
v -0.187612 0.008172 0.078987
v -0.186421 -0.010022 0.079819
v -0.189157 -0.009433 0.074481
v -0.190534 -0.003189 0.072204
v -0.190094 0.005286 0.072927
v -0.187810 0.005947 0.084878
v -0.187354 -0.001680 0.086926
v -0.187186 -0.008440 0.085240
v -0.186284 -0.012366 0.080138
v -0.189263 -0.011485 0.073151
v -0.190668 -0.003562 0.070633
v -0.190229 0.007024 0.071421
v -0.188046 0.011074 0.078888
v -0.187579 0.007864 0.086301
v -0.187118 -0.001682 0.088536
v -0.186943 -0.010172 0.086690
v -0.180405 0.008477 0.077718
v -0.179214 -0.009717 0.078550
v -0.181950 -0.009128 0.073212
v -0.183327 -0.002884 0.070936
v -0.182887 0.005591 0.071659
v -0.180604 0.006252 0.083609
v -0.180147 -0.001375 0.085658
v -0.179979 -0.008135 0.083972
v 0.260619 -0.026367 0.059442
v 0.260619 0.026367 0.059442
v 0.001415 0.026367 0.066146
v 0.010377 0.023005 0.080251
v 0.000000 0.025558 0.066146
v 0.010309 0.022196 0.080254
v 0.001415 0.025558 0.066146
v 0.011650 0.022196 0.080251
v 0.197469 -0.026254 0.079727
v 0.010377 -0.026254 0.080251
v -0.013064 -0.026307 0.119495
v 0.010309 -0.026261 0.080254
v -0.051665 0.019643 0.113003
v -0.040153 -0.026367 0.080397
v -0.051665 -0.026367 0.113003
v -0.053242 0.026367 0.066146
v -0.040153 0.023005 0.080397
v -0.097004 0.019643 0.105379
v -0.099423 -0.026367 0.080564
v -0.097004 -0.026367 0.105379
v -0.115777 0.026367 0.066146
v -0.099423 0.023005 0.080564
v -0.156233 0.011658 0.095419
v -0.013064 0.011658 0.119495
v -0.186403 0.010047 0.091115
v -0.051665 0.011658 0.113003
v -0.094226 0.006802 0.105379
v -0.013064 -0.021840 0.119495
v -0.051665 -0.021840 0.113003
v -0.097004 -0.021840 0.105379
v -0.156233 -0.021840 0.095419
v -0.186403 -0.020745 0.091115
v -0.169447 0.011658 0.310575
v -0.212008 0.006802 0.302951
v -0.169447 -0.021840 0.310575
v -0.214786 -0.021840 0.302951
v -0.167614 -0.021840 0.223823
v -0.164836 0.006802 0.223823
v -0.122275 0.011658 0.231448
v -0.122275 -0.021840 0.231448
v -0.201262 -0.021840 0.280265
v -0.155923 -0.021840 0.287889
v -0.198484 0.006802 0.280265
v -0.155923 0.011658 0.287889
v -0.198484 0.008546 0.280265
v -0.164836 0.008546 0.223823
v -0.155923 0.013401 0.287889
v -0.122275 0.013401 0.231448
v -0.199824 0.006867 0.279570
v -0.166176 0.006867 0.223128
v -0.168955 -0.021775 0.223128
v -0.202602 -0.021775 0.279570
v -0.199824 0.008611 0.279570
v -0.166176 0.008611 0.223128
v 0.197469 0.012265 0.066146
v 0.197469 0.009802 0.079727
v 0.260619 0.012265 0.059442
v 0.197469 -0.021508 0.066146
v 0.197469 -0.021818 0.079727
v 0.260619 -0.021508 0.059442
v 0.213801 0.026367 0.064412
v 0.213801 -0.026367 0.064412
v 0.213801 0.012265 0.064412
v 0.213801 -0.021508 0.064412
v 0.346852 0.012265 0.309784
v 0.393670 0.012265 0.304814
v 0.393670 -0.021508 0.304814
v 0.346852 -0.021508 0.309784
v 0.293974 0.012265 0.212266
v 0.340792 0.012265 0.207296
v 0.340792 -0.021508 0.207296
v 0.293974 -0.021508 0.212266
v 0.328485 0.012265 0.275913
v 0.375304 -0.021508 0.270943
v 0.375304 0.012265 0.270943
v 0.328485 -0.021508 0.275913
v 0.375304 0.016600 0.270943
v 0.340792 0.016600 0.207296
v 0.293974 0.016600 0.212266
v 0.328485 0.016600 0.275913
v 0.325114 -0.021508 0.277504
v 0.290603 -0.021508 0.213858
v 0.290603 0.012265 0.213858
v 0.325114 0.012265 0.277504
v 0.290603 0.016600 0.213858
v 0.325114 0.016600 0.277504
v 0.271575 0.012265 0.079646
v 0.224757 -0.021508 0.084616
v 0.229601 0.012265 0.092775
v 0.271575 -0.021508 0.079646
v 0.213801 0.014099 0.064412
v 0.260619 0.014099 0.059442
v 0.271575 0.014099 0.079646
v 0.229601 0.014099 0.092775
v 0.211313 -0.021501 0.065612
v 0.211313 0.012271 0.065612
v 0.222268 -0.021501 0.085816
v 0.227112 0.012271 0.093976
v 0.211313 0.014106 0.065612
v 0.227112 0.014106 0.093976
v -0.213290 0.006927 0.302186
v -0.216068 -0.021716 0.302186
v -0.202544 -0.021716 0.279501
v -0.199766 0.006927 0.279501
v 0.343949 -0.021508 0.311358
v 0.343949 0.012265 0.311358
v 0.325583 0.012265 0.277487
v 0.325583 -0.021508 0.277487
v 0.351327 -0.021508 0.318037
v 0.351327 0.012265 0.318037
v 0.348424 -0.021508 0.319611
v 0.348424 0.012265 0.319611
v -0.155134 0.006802 0.207549
v -0.112574 0.011658 0.215174
v -0.157913 -0.021840 0.207549
v -0.112574 -0.021840 0.215174
v 0.197469 -0.038181 0.066146
v -0.197469 -0.038181 0.066146
v 0.197469 -0.038181 0.079727
v -0.115777 -0.038181 0.066146
v -0.176851 -0.038181 0.080782
v -0.099423 -0.038181 0.080564
v 0.000000 -0.038181 0.066146
v 0.010309 -0.038181 0.080254
v 0.260619 -0.038181 0.059442
v 0.213801 -0.038181 0.064412
v -0.053242 -0.038181 0.066146
v -0.040153 -0.038181 0.080397
v 0.377609 -0.028118 0.316541
v 0.377609 0.034648 0.304035
v 0.377682 -0.028118 0.316548
v 0.382572 0.034648 0.304491
v 0.378454 -0.028118 0.316766
v 0.387344 0.034648 0.305841
v 0.379876 -0.028118 0.317475
v 0.391742 0.034648 0.308035
v 0.381545 -0.028118 0.318754
v 0.395596 0.034648 0.310987
v 0.383117 -0.028118 0.320541
v 0.398760 0.034648 0.314584
v 0.384369 -0.028118 0.322726
v 0.401111 0.034648 0.318687
v 0.385167 -0.028118 0.325180
v 0.402558 0.034648 0.323140
v 0.385440 -0.028118 0.327770
v 0.403047 0.034648 0.327770
v 0.385167 -0.028118 0.330361
v 0.402558 0.034648 0.332401
v 0.384369 -0.028118 0.332815
v 0.401111 0.034648 0.336854
v 0.383117 -0.028118 0.335000
v 0.398760 0.034648 0.340957
v 0.381545 -0.028118 0.336787
v 0.395596 0.034648 0.344554
v 0.379876 -0.028118 0.338066
v 0.391742 0.034648 0.347506
v 0.378454 -0.028118 0.338775
v 0.387344 0.034648 0.349699
v 0.377682 -0.028118 0.338993
v 0.382572 0.034648 0.351050
v 0.377609 -0.028118 0.339000
v 0.377609 0.034648 0.351506
v 0.377535 -0.028118 0.338993
v 0.372646 0.034648 0.351050
v 0.376763 -0.028118 0.338775
v 0.367874 0.034648 0.349699
v 0.375342 -0.028118 0.338066
v 0.363476 0.034648 0.347506
v 0.373672 -0.028118 0.336787
v 0.359621 0.034648 0.344554
v 0.372101 -0.028118 0.335000
v 0.356458 0.034648 0.340957
v 0.370849 -0.028118 0.332815
v 0.354107 0.034648 0.336854
v 0.370051 -0.028118 0.330361
v 0.352659 0.034648 0.332401
v 0.369778 -0.028118 0.327770
v 0.352171 0.034648 0.327770
v 0.370051 -0.028118 0.325180
v 0.352659 0.034648 0.323140
v 0.370849 -0.028118 0.322726
v 0.354107 0.034648 0.318687
v 0.372101 -0.028118 0.320541
v 0.356458 0.034648 0.314583
v 0.373672 -0.028118 0.318754
v 0.359621 0.034648 0.310987
v 0.375342 -0.028118 0.317475
v 0.363476 0.034648 0.308035
v 0.376763 -0.028118 0.316766
v 0.367874 0.034648 0.305841
v 0.377535 -0.028118 0.316548
v 0.372646 0.034648 0.304491
v 0.377609 0.013481 0.298488
v 0.383731 0.013481 0.299051
v 0.389619 0.013481 0.300717
v 0.395044 0.013481 0.303423
v 0.399800 0.013481 0.307065
v 0.403703 0.013481 0.311502
v 0.406603 0.013481 0.316564
v 0.408389 0.013481 0.322058
v 0.408992 0.013481 0.327770
v 0.408389 0.013481 0.333483
v 0.406603 0.013481 0.338976
v 0.403703 0.013481 0.344039
v 0.399800 0.013481 0.348476
v 0.395044 0.013481 0.352118
v 0.389619 0.013481 0.354824
v 0.383731 0.013481 0.356490
v 0.377609 0.013481 0.357053
v 0.371486 0.013481 0.356490
v 0.365599 0.013481 0.354824
v 0.360173 0.013481 0.352118
v 0.355418 0.013481 0.348476
v 0.351515 0.013481 0.344039
v 0.348615 0.013481 0.338976
v 0.346829 0.013481 0.333483
v 0.346226 0.013481 0.327770
v 0.346829 0.013481 0.322058
v 0.348615 0.013481 0.316564
v 0.351515 0.013481 0.311502
v 0.355418 0.013481 0.307065
v 0.360173 0.013481 0.303423
v 0.365599 0.013481 0.300717
v 0.371486 0.013481 0.299050
v 0.383731 -0.020056 0.299051
v 0.389619 -0.020056 0.300717
v 0.395044 -0.020056 0.303423
v 0.399800 -0.020056 0.307065
v 0.403703 -0.020056 0.311502
v 0.406603 -0.020056 0.316564
v 0.408389 -0.020056 0.322058
v 0.408992 -0.020056 0.327770
v 0.408389 -0.020056 0.333483
v 0.406603 -0.020056 0.338976
v 0.403703 -0.020056 0.344039
v 0.399800 -0.020056 0.348476
v 0.395044 -0.020056 0.352118
v 0.389619 -0.020056 0.354824
v 0.383731 -0.020056 0.356490
v 0.377609 -0.020056 0.357053
v 0.371486 -0.020056 0.356490
v 0.365599 -0.020056 0.354824
v 0.360173 -0.020056 0.352118
v 0.355418 -0.020056 0.348476
v 0.351515 -0.020056 0.344039
v 0.348615 -0.020056 0.338976
v 0.346829 -0.020056 0.333483
v 0.346226 -0.020056 0.327770
v 0.346829 -0.020056 0.322058
v 0.348615 -0.020056 0.316564
v 0.351515 -0.020056 0.311502
v 0.355418 -0.020056 0.307065
v 0.360173 -0.020056 0.303423
v 0.365599 -0.020056 0.300717
v 0.371486 -0.020056 0.299050
v 0.377609 -0.020056 0.298488
v 0.383544 0.034648 0.299931
v 0.377609 0.034648 0.299385
v 0.389250 0.034648 0.301546
v 0.394510 0.034648 0.304169
v 0.399120 0.034648 0.307699
v 0.402903 0.034648 0.312000
v 0.405714 0.034648 0.316908
v 0.407445 0.034648 0.322233
v 0.408030 0.034648 0.327770
v 0.407445 0.034648 0.333308
v 0.405714 0.034648 0.338633
v 0.402903 0.034648 0.343540
v 0.399120 0.034648 0.347842
v 0.394510 0.034648 0.351372
v 0.389250 0.034648 0.353995
v 0.383544 0.034648 0.355610
v 0.377609 0.034648 0.356156
v 0.371674 0.034648 0.355610
v 0.365967 0.034648 0.353995
v 0.360708 0.034648 0.351372
v 0.356098 0.034648 0.347842
v 0.352315 0.034648 0.343540
v 0.349503 0.034648 0.338633
v 0.347772 0.034648 0.333308
v 0.347188 0.034648 0.327770
v 0.347772 0.034648 0.322233
v 0.349503 0.034648 0.316908
v 0.352315 0.034648 0.312000
v 0.356098 0.034648 0.307699
v 0.360708 0.034648 0.304169
v 0.365967 0.034648 0.301546
v 0.371674 0.034648 0.299931
v 0.382572 0.037419 0.304491
v 0.377609 0.037419 0.304035
v 0.387344 0.037419 0.305841
v 0.391742 0.037419 0.308035
v 0.395596 0.037419 0.310987
v 0.398760 0.037419 0.314584
v 0.401111 0.037419 0.318687
v 0.402558 0.037419 0.323140
v 0.403047 0.037419 0.327770
v 0.402558 0.037419 0.332401
v 0.401111 0.037419 0.336854
v 0.398760 0.037419 0.340957
v 0.395596 0.037419 0.344554
v 0.391742 0.037419 0.347506
v 0.387344 0.037419 0.349699
v 0.382572 0.037419 0.351050
v 0.377609 0.037419 0.351506
v 0.372646 0.037419 0.351050
v 0.367874 0.037419 0.349699
v 0.363476 0.037419 0.347506
v 0.359621 0.037419 0.344554
v 0.356458 0.037419 0.340957
v 0.354107 0.037419 0.336854
v 0.352659 0.037419 0.332401
v 0.352171 0.037419 0.327770
v 0.352659 0.037419 0.323140
v 0.354107 0.037419 0.318687
v 0.356458 0.037419 0.314583
v 0.359621 0.037419 0.310987
v 0.363476 0.037419 0.308035
v 0.367874 0.037419 0.305841
v 0.372646 0.037419 0.304491
v 0.377609 -0.028118 0.298488
v 0.383731 -0.028118 0.299051
v 0.389619 -0.028118 0.300717
v 0.395044 -0.028118 0.303423
v 0.399800 -0.028118 0.307065
v 0.403703 -0.028118 0.311502
v 0.406603 -0.028118 0.316564
v 0.408389 -0.028118 0.322058
v 0.408992 -0.028118 0.327770
v 0.408389 -0.028118 0.333483
v 0.406603 -0.028118 0.338976
v 0.403703 -0.028118 0.344039
v 0.399800 -0.028118 0.348476
v 0.395044 -0.028118 0.352118
v 0.389619 -0.028118 0.354824
v 0.383731 -0.028118 0.356490
v 0.377609 -0.028118 0.357053
v 0.371486 -0.028118 0.356490
v 0.365599 -0.028118 0.354824
v 0.360173 -0.028118 0.352118
v 0.355418 -0.028118 0.348476
v 0.351515 -0.028118 0.344039
v 0.348615 -0.028118 0.338976
v 0.346829 -0.028118 0.333483
v 0.346226 -0.028118 0.327770
v 0.346829 -0.028118 0.322058
v 0.348615 -0.028118 0.316564
v 0.351515 -0.028118 0.311502
v 0.355418 -0.028118 0.307065
v 0.360173 -0.028118 0.303423
v 0.365599 -0.028118 0.300717
v 0.371486 -0.028118 0.299050
v 0.377609 -0.097715 0.316541
v 0.377682 -0.097715 0.316548
v 0.378454 -0.097715 0.316766
v 0.379876 -0.097715 0.317475
v 0.381545 -0.097715 0.318754
v 0.383117 -0.097715 0.320541
v 0.384369 -0.097715 0.322726
v 0.385167 -0.097715 0.325180
v 0.385440 -0.097715 0.327770
v 0.385167 -0.097715 0.330361
v 0.384369 -0.097715 0.332815
v 0.383117 -0.097715 0.335000
v 0.381545 -0.097715 0.336787
v 0.379876 -0.097715 0.338066
v 0.378454 -0.097715 0.338775
v 0.377682 -0.097715 0.338993
v 0.377609 -0.097715 0.339000
v 0.377535 -0.097715 0.338993
v 0.376763 -0.097715 0.338775
v 0.375342 -0.097715 0.338066
v 0.373672 -0.097715 0.336787
v 0.372101 -0.097715 0.335000
v 0.370849 -0.097715 0.332815
v 0.370051 -0.097715 0.330361
v 0.369778 -0.097715 0.327770
v 0.370051 -0.097715 0.325180
v 0.370849 -0.097715 0.322726
v 0.372101 -0.097715 0.320541
v 0.373672 -0.097715 0.318754
v 0.375342 -0.097715 0.317475
v 0.376763 -0.097715 0.316766
v 0.377535 -0.097715 0.316548
v -0.199741 -0.031383 0.316896
v -0.199741 0.031383 0.303787
v -0.199624 -0.031383 0.316906
v -0.194779 0.031383 0.304243
v -0.198862 -0.031383 0.317122
v -0.190007 0.031383 0.305594
v -0.197503 -0.031383 0.317800
v -0.185609 0.031383 0.307787
v -0.195920 -0.031383 0.319012
v -0.181754 0.031383 0.310739
v -0.194434 -0.031383 0.320702
v -0.178590 0.031383 0.314336
v -0.193252 -0.031383 0.322764
v -0.176240 0.031383 0.318440
v -0.192499 -0.031383 0.325080
v -0.174792 0.031383 0.322892
v -0.192242 -0.031383 0.327523
v -0.174303 0.031383 0.327523
v -0.192499 -0.031383 0.329966
v -0.174792 0.031383 0.332154
v -0.193252 -0.031383 0.332282
v -0.176240 0.031383 0.336606
v -0.194434 -0.031383 0.334344
v -0.178590 0.031383 0.340710
v -0.195920 -0.031383 0.336034
v -0.181754 0.031383 0.344307
v -0.197503 -0.031383 0.337246
v -0.185609 0.031383 0.347259
v -0.198862 -0.031383 0.337924
v -0.190007 0.031383 0.349452
v -0.199624 -0.031383 0.338140
v -0.194779 0.031383 0.350803
v -0.199741 -0.031383 0.338150
v -0.199741 0.031383 0.351259
v -0.199859 -0.031383 0.338140
v -0.204704 0.031383 0.350803
v -0.200621 -0.031383 0.337924
v -0.209476 0.031383 0.349452
v -0.201980 -0.031383 0.337246
v -0.213874 0.031383 0.347259
v -0.203563 -0.031383 0.336034
v -0.217729 0.031383 0.344307
v -0.205049 -0.031383 0.334344
v -0.220893 0.031383 0.340710
v -0.206231 -0.031383 0.332282
v -0.223243 0.031383 0.336606
v -0.206983 -0.031383 0.329966
v -0.224691 0.031383 0.332154
v -0.207241 -0.031383 0.327523
v -0.225180 0.031383 0.327523
v -0.206983 -0.031383 0.325080
v -0.224691 0.031383 0.322892
v -0.206231 -0.031383 0.322764
v -0.223243 0.031383 0.318440
v -0.205049 -0.031383 0.320702
v -0.220893 0.031383 0.314336
v -0.203563 -0.031383 0.319012
v -0.217729 0.031383 0.310739
v -0.201980 -0.031383 0.317800
v -0.213874 0.031383 0.307787
v -0.200621 -0.031383 0.317122
v -0.209476 0.031383 0.305594
v -0.199859 -0.031383 0.316906
v -0.204704 0.031383 0.304243
v -0.199741 0.010216 0.298240
v -0.193619 0.010216 0.298803
v -0.187732 0.010216 0.300469
v -0.182306 0.010216 0.303175
v -0.177550 0.010216 0.306817
v -0.173648 0.010216 0.311255
v -0.170747 0.010216 0.316317
v -0.168962 0.010216 0.321810
v -0.168359 0.010216 0.327523
v -0.168962 0.010216 0.333236
v -0.170747 0.010216 0.338729
v -0.173648 0.010216 0.343792
v -0.177550 0.010216 0.348229
v -0.182306 0.010216 0.351871
v -0.187732 0.010216 0.354577
v -0.193619 0.010216 0.356243
v -0.199741 0.010216 0.356806
v -0.205864 0.010216 0.356243
v -0.211751 0.010216 0.354577
v -0.217177 0.010216 0.351871
v -0.221932 0.010216 0.348229
v -0.225835 0.010216 0.343792
v -0.228735 0.010216 0.338729
v -0.230521 0.010216 0.333236
v -0.231124 0.010216 0.327523
v -0.230521 0.010216 0.321810
v -0.228735 0.010216 0.316317
v -0.225835 0.010216 0.311254
v -0.221932 0.010216 0.306817
v -0.217177 0.010216 0.303175
v -0.211751 0.010216 0.300469
v -0.205864 0.010216 0.298803
v -0.193619 -0.023321 0.298803
v -0.187732 -0.023321 0.300469
v -0.182306 -0.023321 0.303175
v -0.177550 -0.023321 0.306817
v -0.173648 -0.023321 0.311255
v -0.170747 -0.023321 0.316317
v -0.168962 -0.023321 0.321810
v -0.168359 -0.023321 0.327523
v -0.168962 -0.023321 0.333236
v -0.170747 -0.023321 0.338729
v -0.173648 -0.023321 0.343792
v -0.177550 -0.023321 0.348229
v -0.182306 -0.023321 0.351871
v -0.187732 -0.023321 0.354577
v -0.193619 -0.023321 0.356243
v -0.199741 -0.023321 0.356806
v -0.205864 -0.023321 0.356243
v -0.211751 -0.023321 0.354577
v -0.217177 -0.023321 0.351871
v -0.221932 -0.023321 0.348229
v -0.225835 -0.023321 0.343792
v -0.228735 -0.023321 0.338729
v -0.230521 -0.023321 0.333236
v -0.231124 -0.023321 0.327523
v -0.230521 -0.023321 0.321810
v -0.228735 -0.023321 0.316317
v -0.225835 -0.023321 0.311254
v -0.221932 -0.023321 0.306817
v -0.217177 -0.023321 0.303175
v -0.211751 -0.023321 0.300469
v -0.205864 -0.023321 0.298803
v -0.199741 -0.023321 0.298240
v -0.193807 0.031383 0.299683
v -0.199741 0.031383 0.299138
v -0.188100 0.031383 0.301299
v -0.182840 0.031383 0.303922
v -0.178230 0.031383 0.307452
v -0.174447 0.031383 0.311753
v -0.171636 0.031383 0.316660
v -0.169905 0.031383 0.321985
v -0.169320 0.031383 0.327523
v -0.169905 0.031383 0.333061
v -0.171636 0.031383 0.338386
v -0.174447 0.031383 0.343293
v -0.178230 0.031383 0.347594
v -0.182840 0.031383 0.351124
v -0.188100 0.031383 0.353748
v -0.193807 0.031383 0.355363
v -0.199741 0.031383 0.355908
v -0.205676 0.031383 0.355363
v -0.211383 0.031383 0.353748
v -0.216642 0.031383 0.351124
v -0.221252 0.031383 0.347594
v -0.225036 0.031383 0.343293
v -0.227847 0.031383 0.338386
v -0.229578 0.031383 0.333061
v -0.230162 0.031383 0.327523
v -0.229578 0.031383 0.321985
v -0.227847 0.031383 0.316660
v -0.225036 0.031383 0.311753
v -0.221252 0.031383 0.307452
v -0.216642 0.031383 0.303922
v -0.211383 0.031383 0.301299
v -0.205676 0.031383 0.299683
v -0.194779 0.034154 0.304243
v -0.199741 0.034154 0.303787
v -0.190007 0.034154 0.305594
v -0.185609 0.034154 0.307787
v -0.181754 0.034154 0.310739
v -0.178590 0.034154 0.314336
v -0.176240 0.034154 0.318440
v -0.174792 0.034154 0.322892
v -0.174303 0.034154 0.327523
v -0.174792 0.034154 0.332154
v -0.176240 0.034154 0.336606
v -0.178590 0.034154 0.340710
v -0.181754 0.034154 0.344307
v -0.185609 0.034154 0.347259
v -0.190007 0.034154 0.349452
v -0.194779 0.034154 0.350803
v -0.199741 0.034154 0.351259
v -0.204704 0.034154 0.350803
v -0.209476 0.034154 0.349452
v -0.213874 0.034154 0.347259
v -0.217729 0.034154 0.344307
v -0.220893 0.034154 0.340710
v -0.223243 0.034154 0.336606
v -0.224691 0.034154 0.332154
v -0.225180 0.034154 0.327523
v -0.224691 0.034154 0.322892
v -0.223243 0.034154 0.318440
v -0.220893 0.034154 0.314336
v -0.217729 0.034154 0.310739
v -0.213874 0.034154 0.307787
v -0.209476 0.034154 0.305594
v -0.204704 0.034154 0.304243
v -0.199741 -0.031383 0.298240
v -0.193619 -0.031383 0.298803
v -0.187732 -0.031383 0.300469
v -0.182306 -0.031383 0.303175
v -0.177550 -0.031383 0.306817
v -0.173648 -0.031383 0.311255
v -0.170747 -0.031383 0.316317
v -0.168962 -0.031383 0.321810
v -0.168359 -0.031383 0.327523
v -0.168962 -0.031383 0.333236
v -0.170747 -0.031383 0.338729
v -0.173648 -0.031383 0.343792
v -0.177550 -0.031383 0.348229
v -0.182306 -0.031383 0.351871
v -0.187732 -0.031383 0.354577
v -0.193619 -0.031383 0.356243
v -0.199741 -0.031383 0.356806
v -0.205864 -0.031383 0.356243
v -0.211751 -0.031383 0.354577
v -0.217177 -0.031383 0.351871
v -0.221932 -0.031383 0.348229
v -0.225835 -0.031383 0.343792
v -0.228735 -0.031383 0.338729
v -0.230521 -0.031383 0.333236
v -0.231124 -0.031383 0.327523
v -0.230521 -0.031383 0.321810
v -0.228735 -0.031383 0.316317
v -0.225835 -0.031383 0.311254
v -0.221932 -0.031383 0.306817
v -0.217177 -0.031383 0.303175
v -0.211751 -0.031383 0.300469
v -0.205864 -0.031383 0.298803
v -0.199741 -0.097846 0.316896
v -0.199624 -0.097846 0.316906
v -0.198862 -0.097846 0.317122
v -0.197503 -0.097846 0.317800
v -0.195920 -0.097846 0.319012
v -0.194434 -0.097846 0.320702
v -0.193252 -0.097846 0.322764
v -0.192499 -0.097846 0.325080
v -0.192242 -0.097846 0.327523
v -0.192499 -0.097846 0.329966
v -0.193252 -0.097846 0.332282
v -0.194434 -0.097846 0.334344
v -0.195920 -0.097846 0.336034
v -0.197503 -0.097846 0.337246
v -0.198862 -0.097846 0.337924
v -0.199624 -0.097846 0.338140
v -0.199741 -0.097846 0.338150
v -0.199859 -0.097846 0.338140
v -0.200621 -0.097846 0.337924
v -0.201980 -0.097846 0.337246
v -0.203563 -0.097846 0.336034
v -0.205049 -0.097846 0.334344
v -0.206231 -0.097846 0.332282
v -0.206983 -0.097846 0.329966
v -0.207241 -0.097846 0.327523
v -0.206983 -0.097846 0.325080
v -0.206231 -0.097846 0.322764
v -0.205049 -0.097846 0.320702
v -0.203563 -0.097846 0.319012
v -0.201980 -0.097846 0.317800
v -0.200621 -0.097846 0.317122
v -0.199859 -0.097846 0.316906
v -0.206475 -0.023321 0.356243
v -0.212363 -0.023321 0.354577
v -0.217788 -0.023321 0.351871
v -0.222544 -0.023321 0.348229
v -0.226447 -0.023321 0.343792
v -0.229347 -0.023321 0.338729
v -0.231133 -0.023321 0.333236
v -0.231736 -0.023321 0.327523
v -0.231133 -0.023321 0.321810
v -0.229347 -0.023321 0.316317
v -0.226447 -0.023321 0.311254
v -0.222544 -0.023321 0.306817
v -0.217788 -0.023321 0.303175
v -0.212362 -0.023321 0.300469
v -0.206475 -0.031383 0.356243
v -0.212363 -0.031383 0.354577
v -0.217788 -0.031383 0.351871
v -0.222544 -0.031383 0.348229
v -0.226447 -0.031383 0.343792
v -0.229347 -0.031383 0.338729
v -0.231133 -0.031383 0.333236
v -0.231736 -0.031383 0.327523
v -0.231133 -0.031383 0.321810
v -0.229347 -0.031383 0.316317
v -0.226447 -0.031383 0.311254
v -0.222544 -0.031383 0.306817
v -0.217788 -0.031383 0.303175
v -0.212362 -0.031383 0.300469
v -0.168761 -0.021840 0.223823
v -0.165983 0.006802 0.223823
v -0.123422 0.011658 0.231448
v -0.156281 0.006802 0.207549
v -0.113721 0.011658 0.215174
v -0.159060 -0.021840 0.207549
v -0.186891 0.008477 0.077718
v -0.185700 -0.009717 0.078550
v -0.188436 -0.009128 0.073212
v -0.189813 -0.002884 0.070936
v -0.189373 0.005591 0.071659
v -0.187090 0.006252 0.083609
v -0.186633 -0.001375 0.085658
v -0.186465 -0.008135 0.083972
v -0.194068 -0.003913 0.258969
v -0.197905 -0.004030 0.265172
v -0.194093 -0.005127 0.258931
v -0.197929 -0.005244 0.265134
v -0.194303 -0.006306 0.258779
v -0.198140 -0.006423 0.264982
v -0.194691 -0.007406 0.258518
v -0.198528 -0.007523 0.264721
v -0.195242 -0.008384 0.258159
v -0.199079 -0.008501 0.264362
v -0.195935 -0.009204 0.257715
v -0.199771 -0.009320 0.263918
v -0.196743 -0.009832 0.257203
v -0.200579 -0.009949 0.263406
v -0.197635 -0.010246 0.256644
v -0.201471 -0.010363 0.262847
v -0.198576 -0.010429 0.256058
v -0.202413 -0.010546 0.262261
v -0.199532 -0.010374 0.255468
v -0.203368 -0.010491 0.261671
v -0.200464 -0.010084 0.254897
v -0.204301 -0.010201 0.261100
v -0.201337 -0.009569 0.254366
v -0.205174 -0.009686 0.260569
v -0.202118 -0.008849 0.253897
v -0.205955 -0.008966 0.260100
v -0.202777 -0.007952 0.253506
v -0.206613 -0.008069 0.259709
v -0.203287 -0.006913 0.253210
v -0.207124 -0.007030 0.259413
v -0.203631 -0.005771 0.253019
v -0.207467 -0.005888 0.259222
v -0.203793 -0.004571 0.252941
v -0.207630 -0.004688 0.259144
v -0.203769 -0.003357 0.252979
v -0.207606 -0.003474 0.259182
v -0.203559 -0.002178 0.253132
v -0.207395 -0.002295 0.259334
v -0.203171 -0.001078 0.253392
v -0.207007 -0.001195 0.259595
v -0.202620 -0.000100 0.253752
v -0.206456 -0.000217 0.259954
v -0.201927 0.000720 0.254196
v -0.205764 0.000603 0.260398
v -0.201119 0.001348 0.254707
v -0.204956 0.001231 0.260910
v -0.200227 0.001762 0.255267
v -0.204064 0.001645 0.261469
v -0.199285 0.001945 0.255853
v -0.203122 0.001828 0.262055
v -0.198330 0.001890 0.256443
v -0.202167 0.001773 0.262645
v -0.197398 0.001600 0.257014
v -0.201234 0.001483 0.263216
v -0.196524 0.001085 0.257544
v -0.200361 0.000968 0.263747
v -0.195743 0.000365 0.258014
v -0.199580 0.000248 0.264216
v -0.195085 -0.000532 0.258404
v -0.198921 -0.000648 0.264607
v -0.194574 -0.001571 0.258700
v -0.198411 -0.001688 0.264903
v -0.194231 -0.002713 0.258891
v -0.198068 -0.002830 0.265094
v -0.176884 -0.003739 0.237600
v -0.195103 -0.004294 0.267055
v -0.176913 -0.004912 0.237560
v -0.195132 -0.005467 0.267015
v -0.177132 -0.006052 0.237403
v -0.195351 -0.006608 0.266857
v -0.177533 -0.007117 0.237135
v -0.195752 -0.007672 0.266589
v -0.178101 -0.008065 0.236766
v -0.196320 -0.008620 0.266220
v -0.178813 -0.008859 0.236310
v -0.197032 -0.009415 0.265765
v -0.179643 -0.009470 0.235786
v -0.197862 -0.010025 0.265240
v -0.180558 -0.009873 0.235212
v -0.198777 -0.010429 0.264666
v -0.181524 -0.010054 0.234611
v -0.199742 -0.010609 0.264066
v -0.182502 -0.010005 0.234007
v -0.200721 -0.010560 0.263462
v -0.183456 -0.009728 0.233422
v -0.201675 -0.010283 0.262877
v -0.184349 -0.009234 0.232879
v -0.202568 -0.009789 0.262334
v -0.185147 -0.008541 0.232399
v -0.203365 -0.009096 0.261853
v -0.185818 -0.007677 0.232000
v -0.204037 -0.008232 0.261454
v -0.186338 -0.006675 0.231697
v -0.204556 -0.007230 0.261152
v -0.186686 -0.005572 0.231503
v -0.204904 -0.006128 0.260958
v -0.186848 -0.004413 0.231424
v -0.205067 -0.004968 0.260879
v -0.186819 -0.003240 0.231464
v -0.205038 -0.003795 0.260919
v -0.186600 -0.002099 0.231621
v -0.204819 -0.002654 0.261076
v -0.186199 -0.001035 0.231890
v -0.204418 -0.001590 0.261344
v -0.185631 -0.000087 0.232259
v -0.203850 -0.000642 0.261713
v -0.184919 0.000708 0.232714
v -0.203138 0.000153 0.262169
v -0.184089 0.001318 0.233239
v -0.202308 0.000763 0.262693
v -0.183174 0.001722 0.233812
v -0.201393 0.001167 0.263267
v -0.182209 0.001902 0.234413
v -0.200427 0.001347 0.263867
v -0.181230 0.001853 0.235017
v -0.199449 0.001298 0.264472
v -0.180276 0.001576 0.235602
v -0.198495 0.001021 0.265057
v -0.179383 0.001082 0.236145
v -0.197602 0.000527 0.265600
v -0.178586 0.000389 0.236625
v -0.196804 -0.000166 0.266080
v -0.177914 -0.000475 0.237025
v -0.196133 -0.001030 0.266479
v -0.177395 -0.001477 0.237327
v -0.195613 -0.002032 0.266782
v -0.177047 -0.002579 0.237521
v -0.195265 -0.003134 0.266976
v -0.171548 -0.003966 0.240579
v -0.175385 -0.004083 0.246781
v -0.171572 -0.005180 0.240541
v -0.175409 -0.005297 0.246743
v -0.171782 -0.006359 0.240388
v -0.175619 -0.006476 0.246591
v -0.172170 -0.007459 0.240128
v -0.176007 -0.007576 0.246330
v -0.172721 -0.008437 0.239768
v -0.176558 -0.008554 0.245971
v -0.173414 -0.009257 0.239325
v -0.177251 -0.009373 0.245527
v -0.174222 -0.009885 0.238813
v -0.178059 -0.010002 0.245016
v -0.175114 -0.010299 0.238253
v -0.178951 -0.010416 0.244456
v -0.176056 -0.010482 0.237667
v -0.179892 -0.010599 0.243870
v -0.177011 -0.010427 0.237078
v -0.180848 -0.010544 0.243280
v -0.177944 -0.010137 0.236506
v -0.181780 -0.010253 0.242709
v -0.178817 -0.009622 0.235976
v -0.182654 -0.009739 0.242178
v -0.179598 -0.008902 0.235506
v -0.183435 -0.009019 0.241709
v -0.180256 -0.008005 0.235116
v -0.184093 -0.008122 0.241319
v -0.180767 -0.006966 0.234820
v -0.184604 -0.007083 0.241022
v -0.181110 -0.005824 0.234629
v -0.184947 -0.005941 0.240832
v -0.181273 -0.004624 0.234551
v -0.185109 -0.004741 0.240754
v -0.181249 -0.003410 0.234589
v -0.185085 -0.003527 0.240792
v -0.181038 -0.002231 0.234741
v -0.184875 -0.002348 0.240944
v -0.180650 -0.001131 0.235002
v -0.184487 -0.001248 0.241205
v -0.180099 -0.000153 0.235361
v -0.183936 -0.000270 0.241564
v -0.179407 0.000667 0.235805
v -0.183243 0.000550 0.242008
v -0.178599 0.001295 0.236317
v -0.182435 0.001178 0.242519
v -0.177707 0.001709 0.236876
v -0.181543 0.001592 0.243079
v -0.176765 0.001892 0.237462
v -0.180602 0.001775 0.243665
v -0.175809 0.001837 0.238052
v -0.179646 0.001720 0.244255
v -0.174877 0.001547 0.238623
v -0.178714 0.001430 0.244826
v -0.174004 0.001032 0.239154
v -0.177840 0.000915 0.245356
v -0.173223 0.000312 0.239623
v -0.177059 0.000195 0.245826
v -0.172564 -0.000585 0.240014
v -0.176401 -0.000701 0.246216
v -0.172054 -0.001624 0.240310
v -0.175890 -0.001741 0.246513
v -0.171711 -0.002766 0.240501
v -0.175547 -0.002883 0.246703
v -0.184072 -0.004710 0.264989
v -0.187908 -0.004827 0.271191
v -0.184096 -0.005923 0.264951
v -0.187933 -0.006040 0.271153
v -0.184306 -0.007103 0.264798
v -0.188143 -0.007220 0.271001
v -0.184694 -0.008203 0.264538
v -0.188531 -0.008320 0.270740
v -0.185245 -0.009181 0.264178
v -0.189082 -0.009298 0.270381
v -0.185938 -0.010000 0.263735
v -0.189775 -0.010117 0.269937
v -0.186746 -0.010629 0.263223
v -0.190583 -0.010746 0.269426
v -0.187638 -0.011042 0.262663
v -0.191475 -0.011159 0.268866
v -0.188580 -0.011225 0.262078
v -0.192416 -0.011342 0.268280
v -0.189535 -0.011171 0.261488
v -0.193372 -0.011288 0.267690
v -0.190467 -0.010880 0.260916
v -0.194304 -0.010997 0.267119
v -0.191341 -0.010365 0.260386
v -0.195178 -0.010482 0.266589
v -0.192122 -0.009646 0.259916
v -0.195958 -0.009763 0.266119
v -0.192780 -0.008749 0.259526
v -0.196617 -0.008866 0.265729
v -0.193291 -0.007710 0.259230
v -0.197127 -0.007827 0.265432
v -0.193634 -0.006568 0.259039
v -0.197471 -0.006685 0.265242
v -0.193797 -0.005367 0.258961
v -0.197633 -0.005484 0.265164
v -0.193772 -0.004154 0.258999
v -0.197609 -0.004271 0.265202
v -0.193562 -0.002975 0.259151
v -0.197399 -0.003092 0.265354
v -0.193174 -0.001875 0.259412
v -0.197011 -0.001992 0.265615
v -0.192623 -0.000896 0.259771
v -0.196460 -0.001013 0.265974
v -0.191930 -0.000077 0.260215
v -0.195767 -0.000194 0.266418
v -0.191123 0.000551 0.260727
v -0.194959 0.000435 0.266929
v -0.190231 0.000965 0.261286
v -0.194067 0.000848 0.267489
v -0.189289 0.001148 0.261872
v -0.193125 0.001031 0.268075
v -0.188333 0.001093 0.262462
v -0.192170 0.000976 0.268665
v -0.187401 0.000803 0.263033
v -0.191238 0.000686 0.269236
v -0.186528 0.000288 0.263564
v -0.190364 0.000171 0.269767
v -0.185747 -0.000432 0.264033
v -0.189583 -0.000548 0.270236
v -0.185088 -0.001328 0.264424
v -0.188925 -0.001445 0.270626
v -0.184578 -0.002367 0.264720
v -0.188414 -0.002484 0.270923
v -0.184234 -0.003509 0.264911
v -0.188071 -0.003626 0.271113
v -0.179145 -0.003966 0.236114
v -0.182981 -0.004083 0.242317
v -0.179169 -0.005180 0.236076
v -0.183006 -0.005297 0.242279
v -0.179379 -0.006359 0.235924
v -0.183216 -0.006476 0.242127
v -0.179767 -0.007459 0.235663
v -0.183604 -0.007576 0.241866
v -0.180318 -0.008437 0.235304
v -0.184155 -0.008554 0.241507
v -0.181011 -0.009257 0.234860
v -0.184847 -0.009373 0.241063
v -0.181819 -0.009885 0.234349
v -0.185655 -0.010002 0.240551
v -0.182711 -0.010299 0.233789
v -0.186547 -0.010416 0.239992
v -0.183653 -0.010482 0.233203
v -0.187489 -0.010599 0.239406
v -0.184608 -0.010427 0.232613
v -0.188445 -0.010544 0.238816
v -0.185540 -0.010137 0.232042
v -0.189377 -0.010253 0.238245
v -0.186414 -0.009622 0.231511
v -0.190250 -0.009739 0.237714
v -0.187195 -0.008902 0.231042
v -0.191031 -0.009019 0.237245
v -0.187853 -0.008005 0.230652
v -0.191690 -0.008122 0.236854
v -0.188364 -0.006966 0.230355
v -0.192200 -0.007083 0.236558
v -0.188707 -0.005824 0.230165
v -0.192543 -0.005941 0.236367
v -0.188869 -0.004624 0.230087
v -0.192706 -0.004741 0.236289
v -0.188845 -0.003410 0.230124
v -0.192682 -0.003527 0.236327
v -0.188635 -0.002231 0.230277
v -0.192472 -0.002348 0.236479
v -0.188247 -0.001131 0.230537
v -0.192084 -0.001248 0.236740
v -0.187696 -0.000153 0.230897
v -0.191533 -0.000270 0.237099
v -0.187003 0.000667 0.231341
v -0.190840 0.000550 0.237543
v -0.186195 0.001295 0.231852
v -0.190032 0.001178 0.238055
v -0.185303 0.001709 0.232412
v -0.189140 0.001592 0.238614
v -0.184362 0.001892 0.232998
v -0.188198 0.001775 0.239200
v -0.183406 0.001837 0.233588
v -0.187243 0.001720 0.239790
v -0.182474 0.001547 0.234159
v -0.186310 0.001430 0.240362
v -0.181600 0.001032 0.234689
v -0.185437 0.000915 0.240892
v -0.180819 0.000312 0.235159
v -0.184656 0.000195 0.241362
v -0.180161 -0.000585 0.235549
v -0.183998 -0.000701 0.241752
v -0.179650 -0.001624 0.235845
v -0.183487 -0.001741 0.242048
v -0.179307 -0.002766 0.236036
v -0.183144 -0.002883 0.242239
v -0.201287 0.031871 0.325319
v -0.201287 0.039731 0.325319
v -0.200587 0.031871 0.324998
v -0.200587 0.039731 0.324998
v -0.199837 0.031871 0.324819
v -0.199837 0.039731 0.324819
v -0.199068 0.031871 0.324791
v -0.199068 0.039731 0.324791
v -0.198307 0.031871 0.324913
v -0.198307 0.039731 0.324913
v -0.197585 0.031871 0.325181
v -0.197585 0.039731 0.325181
v -0.196928 0.031871 0.325584
v -0.196928 0.039731 0.325584
v -0.196364 0.031871 0.326108
v -0.196364 0.039731 0.326108
v -0.195912 0.031871 0.326733
v -0.195912 0.039731 0.326733
v -0.195591 0.031871 0.327433
v -0.195591 0.039731 0.327433
v -0.195412 0.031871 0.328182
v -0.195412 0.039731 0.328182
v -0.195384 0.031871 0.328952
v -0.195384 0.039731 0.328952
v -0.195505 0.031871 0.329713
v -0.195505 0.039731 0.329713
v -0.195773 0.031871 0.330435
v -0.195773 0.039731 0.330435
v -0.196177 0.031871 0.331091
v -0.196177 0.039731 0.331091
v -0.196701 0.031871 0.331656
v -0.196701 0.039731 0.331656
v -0.197325 0.031871 0.332108
v -0.197325 0.039731 0.332108
v -0.198026 0.031871 0.332429
v -0.198026 0.039731 0.332429
v -0.198775 0.031871 0.332607
v -0.198775 0.039731 0.332607
v -0.199545 0.031871 0.332636
v -0.199545 0.039731 0.332636
v -0.200306 0.031871 0.332514
v -0.200306 0.039731 0.332514
v -0.201028 0.031871 0.332246
v -0.201028 0.039731 0.332246
v -0.201684 0.031871 0.331842
v -0.201684 0.039731 0.331842
v -0.202249 0.031871 0.331318
v -0.202249 0.039731 0.331318
v -0.202700 0.031871 0.330694
v -0.202700 0.039731 0.330694
v -0.203022 0.031871 0.329994
v -0.203022 0.039731 0.329994
v -0.203200 0.031871 0.329245
v -0.203200 0.039731 0.329245
v -0.203229 0.031871 0.328475
v -0.203229 0.039731 0.328475
v -0.203107 0.031871 0.327714
v -0.203107 0.039731 0.327714
v -0.202839 0.031871 0.326992
v -0.202839 0.039731 0.326992
v -0.202435 0.031871 0.326336
v -0.202435 0.039731 0.326336
v -0.201911 0.031871 0.325771
v -0.201911 0.039731 0.325771
v 0.389437 -0.020056 0.354824
v 0.383550 -0.020056 0.356490
v 0.377427 -0.020056 0.357053
v 0.371305 -0.020056 0.356490
v 0.365417 -0.020056 0.354824
v 0.359992 -0.020056 0.352118
v 0.355236 -0.020056 0.348476
v 0.351333 -0.020056 0.344039
v 0.348433 -0.020056 0.338976
v 0.346647 -0.020056 0.333483
v 0.346044 -0.020056 0.327770
v 0.346647 -0.020056 0.322058
v 0.389437 -0.028118 0.354824
v 0.383550 -0.028118 0.356490
v 0.377427 -0.028118 0.357053
v 0.371305 -0.028118 0.356490
v 0.365417 -0.028118 0.354824
v 0.359992 -0.028118 0.352118
v 0.355236 -0.028118 0.348476
v 0.351333 -0.028118 0.344039
v 0.348433 -0.028118 0.338976
v 0.346647 -0.028118 0.333483
v 0.346044 -0.028118 0.327770
v 0.346647 -0.028118 0.322058
v 0.306591 -0.003913 0.253269
v 0.309801 -0.004030 0.259818
v 0.306546 -0.005127 0.253270
v 0.309756 -0.005244 0.259819
v 0.306305 -0.006306 0.253366
v 0.309515 -0.006423 0.259916
v 0.305878 -0.007406 0.253556
v 0.309088 -0.007523 0.260105
v 0.305281 -0.008384 0.253832
v 0.308491 -0.008501 0.260381
v 0.304536 -0.009204 0.254182
v 0.307746 -0.009320 0.260731
v 0.303673 -0.009832 0.254594
v 0.306883 -0.009949 0.261143
v 0.302725 -0.010246 0.255051
v 0.305935 -0.010363 0.261600
v 0.301728 -0.010429 0.255537
v 0.304938 -0.010546 0.262086
v 0.300720 -0.010374 0.256032
v 0.303930 -0.010491 0.262581
v 0.299740 -0.010084 0.256517
v 0.302950 -0.010201 0.263066
v 0.298826 -0.009569 0.256974
v 0.302036 -0.009686 0.263523
v 0.298013 -0.008849 0.257385
v 0.301223 -0.008966 0.263934
v 0.297332 -0.007952 0.257735
v 0.300542 -0.008069 0.264284
v 0.296810 -0.006913 0.258010
v 0.300019 -0.007030 0.264559
v 0.296465 -0.005771 0.258199
v 0.299675 -0.005888 0.264748
v 0.296313 -0.004571 0.258295
v 0.299523 -0.004688 0.264844
v 0.296358 -0.003357 0.258295
v 0.299568 -0.003474 0.264844
v 0.296599 -0.002178 0.258198
v 0.299809 -0.002295 0.264747
v 0.297026 -0.001078 0.258008
v 0.300236 -0.001195 0.264557
v 0.297623 -0.000100 0.257733
v 0.300833 -0.000217 0.264282
v 0.298368 0.000720 0.257382
v 0.301578 0.000603 0.263931
v 0.299231 0.001348 0.256971
v 0.302441 0.001231 0.263520
v 0.300179 0.001762 0.256513
v 0.303389 0.001645 0.263062
v 0.301176 0.001945 0.256028
v 0.304386 0.001828 0.262577
v 0.302184 0.001890 0.255533
v 0.305394 0.001773 0.262082
v 0.303164 0.001600 0.255047
v 0.306374 0.001483 0.261596
v 0.304078 0.001085 0.254590
v 0.307288 0.000968 0.261139
v 0.304891 0.000365 0.254179
v 0.308101 0.000248 0.260728
v 0.305572 -0.000532 0.253829
v 0.308782 -0.000648 0.260378
v 0.306095 -0.001571 0.253554
v 0.309304 -0.001688 0.260103
v 0.306439 -0.002713 0.253365
v 0.309649 -0.002830 0.259914
v 0.303005 -0.003966 0.224416
v 0.306215 -0.004083 0.230965
v 0.302960 -0.005180 0.224416
v 0.306170 -0.005297 0.230965
v 0.302720 -0.006359 0.224513
v 0.305929 -0.006476 0.231062
v 0.302292 -0.007459 0.224703
v 0.305502 -0.007576 0.231252
v 0.301695 -0.008437 0.224978
v 0.304905 -0.008554 0.231527
v 0.300950 -0.009257 0.225328
v 0.304160 -0.009373 0.231877
v 0.300087 -0.009885 0.225740
v 0.303297 -0.010002 0.232289
v 0.299139 -0.010299 0.226198
v 0.302349 -0.010416 0.232747
v 0.298142 -0.010482 0.226683
v 0.301352 -0.010599 0.233232
v 0.297134 -0.010427 0.227178
v 0.300344 -0.010544 0.233727
v 0.296154 -0.010137 0.227663
v 0.299364 -0.010253 0.234213
v 0.295240 -0.009622 0.228121
v 0.298450 -0.009739 0.234670
v 0.294427 -0.008902 0.228532
v 0.297637 -0.009019 0.235081
v 0.293746 -0.008005 0.228882
v 0.296956 -0.008122 0.235431
v 0.293224 -0.006966 0.229156
v 0.296434 -0.007083 0.235705
v 0.292880 -0.005824 0.229345
v 0.296089 -0.005941 0.235894
v 0.292727 -0.004624 0.229442
v 0.295937 -0.004741 0.235991
v 0.292772 -0.003410 0.229441
v 0.295982 -0.003527 0.235990
v 0.293013 -0.002231 0.229344
v 0.296223 -0.002348 0.235893
v 0.293440 -0.001131 0.229154
v 0.296650 -0.001248 0.235704
v 0.294037 -0.000153 0.228879
v 0.297247 -0.000270 0.235428
v 0.294782 0.000667 0.228529
v 0.297992 0.000550 0.235078
v 0.295645 0.001295 0.228117
v 0.298855 0.001178 0.234666
v 0.296593 0.001709 0.227660
v 0.299803 0.001592 0.234209
v 0.297591 0.001892 0.227174
v 0.300800 0.001775 0.233723
v 0.298598 0.001837 0.226679
v 0.301808 0.001720 0.233228
v 0.299578 0.001547 0.226194
v 0.302788 0.001430 0.232743
v 0.300492 0.001032 0.225737
v 0.303702 0.000915 0.232286
v 0.301305 0.000312 0.225325
v 0.304515 0.000195 0.231874
v 0.301986 -0.000585 0.224976
v 0.305196 -0.000701 0.231525
v 0.302509 -0.001624 0.224701
v 0.305718 -0.001741 0.231250
v 0.302853 -0.002766 0.224512
v 0.306063 -0.002883 0.231061
v 0.317007 -0.004710 0.248009
v 0.320217 -0.004827 0.254558
v 0.316962 -0.005923 0.248009
v 0.320172 -0.006040 0.254558
v 0.316722 -0.007103 0.248106
v 0.319932 -0.007220 0.254655
v 0.316294 -0.008203 0.248296
v 0.319504 -0.008320 0.254845
v 0.315697 -0.009181 0.248571
v 0.318907 -0.009298 0.255120
v 0.314953 -0.010000 0.248922
v 0.318162 -0.010117 0.255471
v 0.314090 -0.010629 0.249333
v 0.317299 -0.010746 0.255882
v 0.313141 -0.011042 0.249791
v 0.316351 -0.011159 0.256340
v 0.312144 -0.011225 0.250276
v 0.315354 -0.011342 0.256825
v 0.311136 -0.011171 0.250771
v 0.314346 -0.011288 0.257320
v 0.310156 -0.010880 0.251257
v 0.313366 -0.010997 0.257806
v 0.309242 -0.010365 0.251714
v 0.312452 -0.010482 0.258263
v 0.308429 -0.009646 0.252125
v 0.311639 -0.009763 0.258674
v 0.307748 -0.008749 0.252475
v 0.310958 -0.008866 0.259024
v 0.307226 -0.007710 0.252750
v 0.310436 -0.007827 0.259299
v 0.306882 -0.006568 0.252939
v 0.310091 -0.006685 0.259488
v 0.306729 -0.005367 0.253035
v 0.309939 -0.005484 0.259584
v 0.306774 -0.004154 0.253034
v 0.309984 -0.004271 0.259583
v 0.307015 -0.002975 0.252937
v 0.310225 -0.003092 0.259487
v 0.307442 -0.001875 0.252748
v 0.310652 -0.001992 0.259297
v 0.308039 -0.000896 0.252472
v 0.311249 -0.001013 0.259021
v 0.308784 -0.000077 0.252122
v 0.311994 -0.000194 0.258671
v 0.309647 0.000551 0.251710
v 0.312857 0.000435 0.258259
v 0.310595 0.000965 0.251253
v 0.313805 0.000848 0.257802
v 0.311593 0.001148 0.250767
v 0.314803 0.001031 0.257316
v 0.312601 0.001093 0.250272
v 0.315810 0.000976 0.256821
v 0.313580 0.000803 0.249787
v 0.316790 0.000686 0.256336
v 0.314494 0.000288 0.249330
v 0.317704 0.000171 0.255879
v 0.315307 -0.000432 0.248919
v 0.318517 -0.000548 0.255468
v 0.315988 -0.001328 0.248569
v 0.319198 -0.001445 0.255118
v 0.316511 -0.002367 0.248294
v 0.319721 -0.002484 0.254843
v 0.316855 -0.003509 0.248105
v 0.320065 -0.003626 0.254654
v 0.374512 0.031871 0.327717
v 0.374512 0.039731 0.327717
v 0.374779 0.031871 0.326995
v 0.374779 0.039731 0.326995
v 0.375182 0.031871 0.326338
v 0.375182 0.039731 0.326338
v 0.375706 0.031871 0.325773
v 0.375706 0.039731 0.325773
v 0.376329 0.031871 0.325321
v 0.376329 0.039731 0.325321
v 0.377029 0.031871 0.324999
v 0.377029 0.039731 0.324999
v 0.377779 0.031871 0.324820
v 0.377779 0.039731 0.324820
v 0.378549 0.031871 0.324790
v 0.378549 0.039731 0.324790
v 0.379309 0.031871 0.324912
v 0.379309 0.039731 0.324912
v 0.380032 0.031871 0.325179
v 0.380032 0.039731 0.325179
v 0.380688 0.031871 0.325582
v 0.380688 0.039731 0.325582
v 0.381254 0.031871 0.326106
v 0.381254 0.039731 0.326106
v 0.381706 0.031871 0.326730
v 0.381706 0.039731 0.326730
v 0.382028 0.031871 0.327430
v 0.382028 0.039731 0.327430
v 0.382207 0.031871 0.328179
v 0.382207 0.039731 0.328179
v 0.382236 0.031871 0.328949
v 0.382236 0.039731 0.328949
v 0.382115 0.031871 0.329710
v 0.382115 0.039731 0.329710
v 0.381847 0.031871 0.330432
v 0.381847 0.039731 0.330432
v 0.381444 0.031871 0.331089
v 0.381444 0.039731 0.331089
v 0.380921 0.031871 0.331654
v 0.380921 0.039731 0.331654
v 0.380297 0.031871 0.332106
v 0.380297 0.039731 0.332106
v 0.379597 0.031871 0.332428
v 0.379597 0.039731 0.332428
v 0.378848 0.031871 0.332607
v 0.378848 0.039731 0.332607
v 0.378078 0.031871 0.332636
v 0.378078 0.039731 0.332636
v 0.377317 0.031871 0.332515
v 0.377317 0.039731 0.332515
v 0.376595 0.031871 0.332248
v 0.376595 0.039731 0.332248
v 0.375938 0.031871 0.331844
v 0.375938 0.039731 0.331844
v 0.375373 0.031871 0.331321
v 0.375373 0.039731 0.331321
v 0.374921 0.031871 0.330697
v 0.374921 0.039731 0.330697
v 0.374599 0.031871 0.329997
v 0.374599 0.039731 0.329997
v 0.374420 0.031871 0.329248
v 0.374420 0.039731 0.329248
v 0.374390 0.031871 0.328478
v 0.374390 0.039731 0.328478
v 0.370224 0.040224 0.333421
v 0.343420 0.040224 0.449688
v 0.380466 0.038217 0.335895
v 0.357197 0.038217 0.450028
v 0.359399 0.040224 0.352013
v 0.388041 0.038217 0.351884
v 0.381366 0.038217 0.343192
v 0.365021 0.040224 0.342768
v 0.375345 0.040224 0.334658
v 0.350321 0.040224 0.449807
v 0.373720 0.040224 0.351949
v 0.373193 0.040224 0.342980
v 0.384214 0.040224 0.323178
v 0.413251 0.040224 0.207449
v 0.374021 0.038217 0.320507
v 0.399483 0.038217 0.206844
v 0.395395 0.040224 0.304798
v 0.366756 0.038217 0.304376
v 0.373262 0.038217 0.313195
v 0.389596 0.040224 0.313934
v 0.379117 0.040224 0.321843
v 0.406353 0.040224 0.207197
v 0.381075 0.040224 0.304587
v 0.381429 0.040224 0.313564
v 0.379491 0.040224 0.339060
v 0.384542 0.040224 0.319782
v 0.369251 0.040224 0.336377
v 0.374303 0.040224 0.317099
v 0.376937 0.040224 0.327103
v 0.377657 0.040224 0.327637
v 0.377568 0.040224 0.328775
v 0.376546 0.040224 0.329128
v 0.375974 0.040224 0.328685
v 0.375845 0.040224 0.327757
v 0.378424 0.040224 0.320313
v 0.379311 0.040224 0.320837
v 0.379104 0.040224 0.321936
v 0.377981 0.040224 0.322591
v 0.376817 0.040224 0.321547
v 0.377490 0.040224 0.320619
v 0.375834 0.040224 0.333375
v 0.376434 0.040224 0.334312
v 0.375296 0.040224 0.335354
v 0.374145 0.040224 0.334955
v 0.374520 0.040224 0.333375
v 0.376937 0.039303 0.327103
v 0.377657 0.039303 0.327637
v 0.377568 0.039303 0.328775
v 0.376546 0.039303 0.329128
v 0.375974 0.039303 0.328685
v 0.375845 0.039303 0.327757
v 0.378424 0.039303 0.320313
v 0.379311 0.039303 0.320837
v 0.379104 0.039303 0.321936
v 0.377981 0.039303 0.322591
v 0.376817 0.039303 0.321547
v 0.377490 0.039303 0.320619
v 0.375834 0.039303 0.333375
v 0.376434 0.039303 0.334312
v 0.375296 0.039303 0.335354
v 0.374145 0.039303 0.334955
v 0.374520 0.039303 0.333375
v 0.285942 -0.002902 0.489527
v 0.286060 -0.007027 0.489410
v 0.377542 -0.001843 0.544146
v 0.377660 -0.005968 0.544029
v 0.292868 -0.002489 0.481903
v 0.292986 -0.006615 0.481786
v 0.395526 -0.001344 0.540966
v 0.395643 -0.005469 0.540850
v 0.533691 -0.004367 0.312781
v 0.533582 -0.000240 0.312817
v 0.551334 -0.004833 0.417963
v 0.551226 -0.000706 0.418000
v 0.524069 -0.004653 0.316470
v 0.523960 -0.000525 0.316506
v 0.541840 -0.005118 0.433569
v 0.541732 -0.000991 0.433606
v 0.039286 0.000280 -0.013574
v 0.039286 0.026903 -0.010747
v 0.041934 0.000280 -0.013313
v 0.041382 0.026903 -0.010541
v 0.044480 0.000280 -0.012541
v 0.043399 0.026903 -0.009929
v 0.046827 0.000280 -0.011286
v 0.045257 0.026903 -0.008936
v 0.048884 0.000280 -0.009598
v 0.046885 0.026903 -0.007600
v 0.050572 0.000280 -0.007541
v 0.048222 0.026903 -0.005971
v 0.051827 0.000280 -0.005195
v 0.049215 0.026903 -0.004113
v 0.052599 0.000280 -0.002648
v 0.049827 0.026903 -0.002097
v 0.052599 0.000280 0.002648
v 0.049827 0.026903 0.002097
v 0.051827 0.000280 0.005195
v 0.049215 0.026903 0.004113
v 0.050572 0.000280 0.007541
v 0.048222 0.026903 0.005971
v 0.048884 0.000280 0.009598
v 0.046885 0.026903 0.007600
v 0.046827 0.000280 0.011286
v 0.045257 0.026903 0.008936
v 0.044480 0.000280 0.012541
v 0.043399 0.026903 0.009929
v 0.041934 0.000280 0.013313
v 0.041382 0.026903 0.010541
v 0.039286 0.000280 0.013574
v 0.039286 0.026903 0.010747
v 0.036638 0.000280 0.013313
v 0.037189 0.026903 0.010541
v 0.034091 0.000280 0.012541
v 0.035173 0.026903 0.009929
v 0.031744 0.000280 0.011286
v 0.033315 0.026903 0.008936
v 0.029687 0.000280 0.009598
v 0.031686 0.026903 0.007600
v 0.027999 0.000280 0.007541
v 0.030350 0.026903 0.005971
v 0.026745 0.000280 0.005195
v 0.029356 0.026903 0.004113
v 0.025972 0.000280 0.002648
v 0.028745 0.026903 0.002097
v 0.025972 0.000280 -0.002648
v 0.028745 0.026903 -0.002097
v 0.026745 0.000280 -0.005195
v 0.029356 0.026903 -0.004113
v 0.027999 0.000280 -0.007541
v 0.030350 0.026903 -0.005971
v 0.029687 0.000280 -0.009598
v 0.031686 0.026903 -0.007600
v 0.031744 0.000280 -0.011286
v 0.033315 0.026903 -0.008936
v 0.034091 0.000280 -0.012541
v 0.035173 0.026903 -0.009929
v 0.036638 0.000280 -0.013313
v 0.037189 0.026903 -0.010541
v 0.041731 0.027428 -0.012294
v 0.039286 0.027428 -0.012535
v 0.044083 0.027428 -0.011581
v 0.046250 0.027428 -0.010422
v 0.048149 0.027428 -0.008864
v 0.049708 0.027428 -0.006964
v 0.050866 0.027428 -0.004797
v 0.051580 0.027428 -0.002445
v 0.051580 0.027428 0.002445
v 0.050866 0.027428 0.004797
v 0.049708 0.027428 0.006964
v 0.048149 0.027428 0.008864
v 0.046250 0.027428 0.010422
v 0.044083 0.027428 0.011581
v 0.041731 0.027428 0.012294
v 0.039286 0.027428 0.012535
v 0.036840 0.027428 0.012294
v 0.034489 0.027428 0.011581
v 0.032322 0.027428 0.010422
v 0.030422 0.027428 0.008864
v 0.028863 0.027428 0.006964
v 0.027705 0.027428 0.004797
v 0.026992 0.027428 0.002445
v 0.026992 0.027428 -0.002445
v 0.027705 0.027428 -0.004797
v 0.028863 0.027428 -0.006964
v 0.030422 0.027428 -0.008864
v 0.032322 0.027428 -0.010422
v 0.034489 0.027428 -0.011581
v 0.036840 0.027428 -0.012294
v 0.064077 0.023521 -0.001921
v 0.064077 0.026806 -0.001572
v 0.064404 0.023521 -0.001889
v 0.064336 0.026806 -0.001546
v 0.064718 0.023521 -0.001793
v 0.064584 0.026806 -0.001471
v 0.065007 0.023521 -0.001638
v 0.064814 0.026806 -0.001348
v 0.084751 0.000280 -0.009598
v 0.065015 0.026806 -0.001184
v 0.086439 0.000280 -0.007541
v 0.065180 0.026806 -0.000983
v 0.087693 0.000280 -0.005195
v 0.065302 0.026806 -0.000753
v 0.088466 0.000280 -0.002648
v 0.065378 0.026806 -0.000504
v 0.065403 0.026806 -0.000246
v 0.088466 0.000280 0.002648
v 0.087693 0.000280 0.005195
v 0.065302 0.026806 0.000262
v 0.086439 0.000280 0.007541
v 0.065180 0.026806 0.000491
v 0.084751 0.000280 0.009598
v 0.065015 0.026806 0.000692
v 0.082694 0.000280 0.011286
v 0.064814 0.026806 0.000857
v 0.080347 0.000280 0.012541
v 0.064584 0.026806 0.000980
v 0.064404 0.023521 0.001397
v 0.064336 0.026806 0.001055
v 0.064077 0.023521 0.001429
v 0.064077 0.026806 0.001081
v 0.063750 0.023521 0.001397
v 0.063818 0.026806 0.001055
v 0.063436 0.023521 0.001302
v 0.063569 0.026806 0.000980
v 0.063146 0.023521 0.001147
v 0.063340 0.026806 0.000857
v 0.062892 0.023521 0.000939
v 0.063139 0.026806 0.000692
v 0.062684 0.023521 0.000685
v 0.062974 0.026806 0.000491
v 0.062529 0.023521 0.000395
v 0.062852 0.026806 0.000262
v 0.062434 0.023521 0.000081
v 0.062402 0.023521 -0.000246
v 0.062751 0.026806 -0.000246
v 0.062434 0.023521 -0.000573
v 0.062776 0.026806 -0.000504
v 0.062529 0.023521 -0.000887
v 0.062852 0.026806 -0.000753
v 0.062684 0.023521 -0.001176
v 0.062974 0.026806 -0.000983
v 0.062892 0.023521 -0.001430
v 0.063139 0.026806 -0.001184
v 0.063146 0.023521 -0.001638
v 0.063340 0.026806 -0.001348
v 0.063436 0.023521 -0.001793
v 0.063569 0.026806 -0.001471
v 0.063750 0.023521 -0.001889
v 0.063818 0.026806 -0.001546
v 0.064379 0.026871 -0.001763
v 0.064077 0.026871 -0.001793
v 0.064669 0.026871 -0.001675
v 0.064936 0.026871 -0.001532
v 0.065171 0.026871 -0.001339
v 0.065363 0.026871 -0.001105
v 0.065506 0.026871 -0.000838
v 0.065594 0.026871 -0.000548
v 0.065624 0.026871 -0.000246
v 0.065594 0.026871 0.000056
v 0.065506 0.026871 0.000346
v 0.065363 0.026871 0.000614
v 0.065171 0.026871 0.000848
v 0.064936 0.026871 0.001040
v 0.064669 0.026871 0.001183
v 0.064379 0.026871 0.001271
v 0.064077 0.026871 0.001301
v 0.063775 0.026871 0.001271
v 0.063485 0.026871 0.001183
v 0.063218 0.026871 0.001040
v 0.062983 0.026871 0.000848
v 0.062791 0.026871 0.000614
v 0.062648 0.026871 0.000346
v 0.062560 0.026871 0.000056
v 0.062530 0.026871 -0.000246
v 0.062560 0.026871 -0.000548
v 0.062648 0.026871 -0.000838
v 0.062791 0.026871 -0.001105
v 0.062983 0.026871 -0.001339
v 0.063218 0.026871 -0.001532
v 0.063485 0.026871 -0.001675
v 0.063775 0.026871 -0.001763
v 0.069705 0.023521 -0.001921
v 0.069705 0.026806 -0.001572
v 0.070032 0.023521 -0.001889
v 0.069964 0.026806 -0.001546
v 0.070346 0.023521 -0.001793
v 0.070213 0.026806 -0.001471
v 0.070636 0.023521 -0.001638
v 0.070442 0.026806 -0.001348
v 0.070643 0.026806 -0.001184
v 0.070808 0.026806 -0.000983
v 0.070931 0.026806 -0.000753
v 0.071006 0.026806 -0.000504
v 0.071032 0.026806 -0.000246
v 0.070931 0.026806 0.000262
v 0.070808 0.026806 0.000491
v 0.070643 0.026806 0.000692
v 0.070442 0.026806 0.000857
v 0.070213 0.026806 0.000980
v 0.070032 0.023521 0.001397
v 0.069964 0.026806 0.001055
v 0.069705 0.023521 0.001429
v 0.069705 0.026806 0.001081
v 0.069379 0.023521 0.001397
v 0.069447 0.026806 0.001055
v 0.069064 0.023521 0.001302
v 0.069198 0.026806 0.000980
v 0.068775 0.023521 0.001147
v 0.068969 0.026806 0.000857
v 0.068521 0.023521 0.000939
v 0.068768 0.026806 0.000692
v 0.068313 0.023521 0.000685
v 0.068603 0.026806 0.000491
v 0.068158 0.023521 0.000395
v 0.068480 0.026806 0.000262
v 0.068062 0.023521 0.000081
v 0.068030 0.023521 -0.000246
v 0.068379 0.026806 -0.000246
v 0.068062 0.023521 -0.000573
v 0.068405 0.026806 -0.000504
v 0.068158 0.023521 -0.000887
v 0.068480 0.026806 -0.000753
v 0.068313 0.023521 -0.001176
v 0.068603 0.026806 -0.000983
v 0.068521 0.023521 -0.001430
v 0.068768 0.026806 -0.001184
v 0.068775 0.023521 -0.001638
v 0.068969 0.026806 -0.001348
v 0.069064 0.023521 -0.001793
v 0.069198 0.026806 -0.001471
v 0.069379 0.023521 -0.001889
v 0.069447 0.026806 -0.001546
v 0.070007 0.026871 -0.001763
v 0.069705 0.026871 -0.001793
v 0.070297 0.026871 -0.001675
v 0.070565 0.026871 -0.001532
v 0.070799 0.026871 -0.001339
v 0.070991 0.026871 -0.001105
v 0.071134 0.026871 -0.000838
v 0.071222 0.026871 -0.000548
v 0.071252 0.026871 -0.000246
v 0.071222 0.026871 0.000056
v 0.071134 0.026871 0.000346
v 0.070991 0.026871 0.000614
v 0.070799 0.026871 0.000848
v 0.070565 0.026871 0.001040
v 0.070297 0.026871 0.001183
v 0.070007 0.026871 0.001271
v 0.069705 0.026871 0.001301
v 0.069404 0.026871 0.001271
v 0.069113 0.026871 0.001183
v 0.068846 0.026871 0.001040
v 0.068612 0.026871 0.000848
v 0.068419 0.026871 0.000614
v 0.068276 0.026871 0.000346
v 0.068188 0.026871 0.000056
v 0.068159 0.026871 -0.000246
v 0.068188 0.026871 -0.000548
v 0.068276 0.026871 -0.000838
v 0.068419 0.026871 -0.001105
v 0.068612 0.026871 -0.001339
v 0.068846 0.026871 -0.001532
v 0.069113 0.026871 -0.001675
v 0.069404 0.026871 -0.001763
v 0.075498 0.023521 -0.001921
v 0.075498 0.026806 -0.001572
v 0.075824 0.023521 -0.001889
v 0.075756 0.026806 -0.001546
v 0.076139 0.023521 -0.001793
v 0.076005 0.026806 -0.001471
v 0.076428 0.023521 -0.001638
v 0.076234 0.026806 -0.001348
v 0.076435 0.026806 -0.001184
v 0.076600 0.026806 -0.000983
v 0.076723 0.026806 -0.000753
v 0.076798 0.026806 -0.000504
v 0.076824 0.026806 -0.000246
v 0.076723 0.026806 0.000262
v 0.076600 0.026806 0.000491
v 0.076435 0.026806 0.000692
v 0.076234 0.026806 0.000857
v 0.076005 0.026806 0.000980
v 0.075824 0.023521 0.001397
v 0.075756 0.026806 0.001055
v 0.075498 0.023521 0.001429
v 0.075498 0.026806 0.001081
v 0.075171 0.023521 0.001397
v 0.075239 0.026806 0.001055
v 0.074857 0.023521 0.001302
v 0.074990 0.026806 0.000980
v 0.074567 0.023521 0.001147
v 0.074761 0.026806 0.000857
v 0.074313 0.023521 0.000939
v 0.074560 0.026806 0.000692
v 0.074105 0.023521 0.000685
v 0.074395 0.026806 0.000491
v 0.073950 0.023521 0.000395
v 0.074272 0.026806 0.000262
v 0.073855 0.023521 0.000081
v 0.073823 0.023521 -0.000246
v 0.074171 0.026806 -0.000246
v 0.073855 0.023521 -0.000573
v 0.074197 0.026806 -0.000504
v 0.073950 0.023521 -0.000887
v 0.074272 0.026806 -0.000753
v 0.074105 0.023521 -0.001176
v 0.074395 0.026806 -0.000983
v 0.074313 0.023521 -0.001430
v 0.074560 0.026806 -0.001184
v 0.074567 0.023521 -0.001638
v 0.074761 0.026806 -0.001348
v 0.074857 0.023521 -0.001793
v 0.074990 0.026806 -0.001471
v 0.075171 0.023521 -0.001889
v 0.075239 0.026806 -0.001546
v 0.075799 0.026871 -0.001763
v 0.075498 0.026871 -0.001793
v 0.076090 0.026871 -0.001675
v 0.076357 0.026871 -0.001532
v 0.076591 0.026871 -0.001339
v 0.076784 0.026871 -0.001105
v 0.076927 0.026871 -0.000838
v 0.077015 0.026871 -0.000548
v 0.077044 0.026871 -0.000246
v 0.077015 0.026871 0.000056
v 0.076927 0.026871 0.000346
v 0.076784 0.026871 0.000614
v 0.076591 0.026871 0.000848
v 0.076357 0.026871 0.001040
v 0.076090 0.026871 0.001183
v 0.075799 0.026871 0.001271
v 0.075498 0.026871 0.001301
v 0.075196 0.026871 0.001271
v 0.074906 0.026871 0.001183
v 0.074638 0.026871 0.001040
v 0.074404 0.026871 0.000848
v 0.074211 0.026871 0.000614
v 0.074069 0.026871 0.000346
v 0.073981 0.026871 0.000056
v 0.073951 0.026871 -0.000246
v 0.073981 0.026871 -0.000548
v 0.074069 0.026871 -0.000838
v 0.074211 0.026871 -0.001105
v 0.074404 0.026871 -0.001339
v 0.074638 0.026871 -0.001532
v 0.074906 0.026871 -0.001675
v 0.075196 0.026871 -0.001763
v 0.081747 0.023521 -0.001921
v 0.081747 0.026806 -0.001572
v 0.082074 0.023521 -0.001889
v 0.082006 0.026806 -0.001546
v 0.082388 0.023521 -0.001793
v 0.082255 0.026806 -0.001471
v 0.082678 0.023521 -0.001638
v 0.082484 0.026806 -0.001348
v 0.082685 0.026806 -0.001184
v 0.082850 0.026806 -0.000983
v 0.082972 0.026806 -0.000753
v 0.083048 0.026806 -0.000504
v 0.083073 0.026806 -0.000246
v 0.082972 0.026806 0.000262
v 0.082850 0.026806 0.000491
v 0.082685 0.026806 0.000692
v 0.082484 0.026806 0.000857
v 0.082255 0.026806 0.000980
v 0.082074 0.023521 0.001397
v 0.082006 0.026806 0.001055
v 0.081747 0.023521 0.001429
v 0.081747 0.026806 0.001081
v 0.081420 0.023521 0.001397
v 0.081488 0.026806 0.001055
v 0.081106 0.023521 0.001302
v 0.081239 0.026806 0.000980
v 0.080816 0.023521 0.001147
v 0.081010 0.026806 0.000857
v 0.080563 0.023521 0.000939
v 0.080809 0.026806 0.000692
v 0.080354 0.023521 0.000685
v 0.080644 0.026806 0.000491
v 0.080199 0.023521 0.000395
v 0.080522 0.026806 0.000262
v 0.080104 0.023521 0.000081
v 0.080072 0.023521 -0.000246
v 0.080421 0.026806 -0.000246
v 0.080104 0.023521 -0.000573
v 0.080446 0.026806 -0.000504
v 0.080199 0.023521 -0.000887
v 0.080522 0.026806 -0.000753
v 0.080354 0.023521 -0.001176
v 0.080644 0.026806 -0.000983
v 0.080563 0.023521 -0.001430
v 0.080809 0.026806 -0.001184
v 0.080816 0.023521 -0.001638
v 0.081010 0.026806 -0.001348
v 0.081106 0.023521 -0.001793
v 0.081240 0.026806 -0.001471
v 0.081420 0.023521 -0.001889
v 0.081488 0.026806 -0.001546
v 0.082049 0.026871 -0.001763
v 0.081747 0.026871 -0.001793
v 0.082339 0.026871 -0.001675
v 0.082606 0.026871 -0.001532
v 0.082841 0.026871 -0.001339
v 0.083033 0.026871 -0.001105
v 0.083176 0.026871 -0.000838
v 0.083264 0.026871 -0.000548
v 0.083294 0.026871 -0.000246
v 0.083264 0.026871 0.000056
v 0.083176 0.026871 0.000346
v 0.083033 0.026871 0.000614
v 0.082841 0.026871 0.000848
v 0.082606 0.026871 0.001040
v 0.082339 0.026871 0.001183
v 0.082049 0.026871 0.001271
v 0.081747 0.026871 0.001301
v 0.081445 0.026871 0.001271
v 0.081155 0.026871 0.001183
v 0.080888 0.026871 0.001040
v 0.080653 0.026871 0.000848
v 0.080461 0.026871 0.000614
v 0.080318 0.026871 0.000346
v 0.080230 0.026871 0.000056
v 0.080200 0.026871 -0.000246
v 0.080230 0.026871 -0.000548
v 0.080318 0.026871 -0.000838
v 0.080461 0.026871 -0.001105
v 0.080653 0.026871 -0.001339
v 0.080888 0.026871 -0.001532
v 0.081155 0.026871 -0.001675
v 0.081445 0.026871 -0.001763
v 0.087788 0.023521 -0.001921
v 0.087788 0.026806 -0.001572
v 0.088115 0.023521 -0.001889
v 0.088047 0.026806 -0.001546
v 0.088429 0.023521 -0.001793
v 0.088295 0.026806 -0.001471
v 0.088719 0.023521 -0.001638
v 0.088525 0.026806 -0.001348
v 0.088726 0.026806 -0.001184
v 0.088891 0.026806 -0.000983
v 0.089013 0.026806 -0.000753
v 0.089089 0.026806 -0.000504
v 0.089114 0.026806 -0.000246
v 0.089013 0.026806 0.000262
v 0.088891 0.026806 0.000491
v 0.088726 0.026806 0.000692
v 0.088525 0.026806 0.000857
v 0.088295 0.026806 0.000980
v 0.088115 0.023521 0.001397
v 0.088047 0.026806 0.001055
v 0.087788 0.023521 0.001429
v 0.087788 0.026806 0.001081
v 0.087461 0.023521 0.001397
v 0.087529 0.026806 0.001055
v 0.087147 0.023521 0.001302
v 0.087280 0.026806 0.000980
v 0.086857 0.023521 0.001147
v 0.087051 0.026806 0.000857
v 0.086604 0.023521 0.000939
v 0.086850 0.026806 0.000692
v 0.086395 0.023521 0.000685
v 0.086685 0.026806 0.000491
v 0.086240 0.023521 0.000395
v 0.086563 0.026806 0.000262
v 0.086145 0.023521 0.000081
v 0.086113 0.023521 -0.000246
v 0.086462 0.026806 -0.000246
v 0.086145 0.023521 -0.000573
v 0.086487 0.026806 -0.000504
v 0.086240 0.023521 -0.000887
v 0.086563 0.026806 -0.000753
v 0.086395 0.023521 -0.001176
v 0.086685 0.026806 -0.000983
v 0.086604 0.023521 -0.001430
v 0.086850 0.026806 -0.001184
v 0.086857 0.023521 -0.001638
v 0.087051 0.026806 -0.001348
v 0.087147 0.023521 -0.001793
v 0.087280 0.026806 -0.001471
v 0.087461 0.023521 -0.001889
v 0.087529 0.026806 -0.001546
v 0.088090 0.026871 -0.001763
v 0.087788 0.026871 -0.001793
v 0.088380 0.026871 -0.001675
v 0.088647 0.026871 -0.001532
v 0.088882 0.026871 -0.001339
v 0.089074 0.026871 -0.001105
v 0.089217 0.026871 -0.000838
v 0.089305 0.026871 -0.000548
v 0.089335 0.026871 -0.000246
v 0.089305 0.026871 0.000056
v 0.089217 0.026871 0.000346
v 0.089074 0.026871 0.000614
v 0.088882 0.026871 0.000848
v 0.088647 0.026871 0.001040
v 0.088380 0.026871 0.001183
v 0.088090 0.026871 0.001271
v 0.087788 0.026871 0.001301
v 0.087486 0.026871 0.001271
v 0.087196 0.026871 0.001183
v 0.086929 0.026871 0.001040
v 0.086694 0.026871 0.000848
v 0.086502 0.026871 0.000614
v 0.086359 0.026871 0.000346
v 0.086271 0.026871 0.000056
v 0.086241 0.026871 -0.000246
v 0.086271 0.026871 -0.000548
v 0.086359 0.026871 -0.000838
v 0.086502 0.026871 -0.001105
v 0.086694 0.026871 -0.001339
v 0.086929 0.026871 -0.001532
v 0.087196 0.026871 -0.001675
v 0.087486 0.026871 -0.001763
v 0.614285 0.001346 -0.317335
v 0.614381 -0.010848 -0.317334
v 0.378112 -0.000509 -0.279390
v 0.378208 -0.012704 -0.279389
v 0.608152 0.001297 -0.334367
v 0.608248 -0.010898 -0.334366
v 0.375456 -0.000531 -0.295536
v 0.375552 -0.012726 -0.295535
v 0.635186 0.003542 -0.305419
v 0.635292 -0.009863 -0.305418
v 0.632933 0.003525 -0.300903
v 0.633039 -0.009880 -0.300902
v 0.283619 0.000753 -0.566512
v 0.283724 -0.012652 -0.566511
v 0.280940 0.000732 -0.564422
v 0.281045 -0.012673 -0.564421
v 0.539504 0.002778 -0.433084
v 0.539609 -0.010627 -0.433083
v 0.542530 0.002801 -0.437428
v 0.542635 -0.010603 -0.437427
v 0.253802 -0.012889 -0.580246
v 0.253697 0.000516 -0.580247
v 0.256375 0.000537 -0.582337
v 0.256481 -0.012868 -0.582336
v 0.383085 -0.011868 -0.541322
v 0.386119 0.001561 -0.546400
v 0.382980 0.001537 -0.541324
v 0.386224 -0.011843 -0.546399
v 0.614370 0.003377 -0.317393
v 0.616881 -0.010009 -0.321873
v 0.614475 -0.010028 -0.317392
v 0.616775 0.003396 -0.321874
v 0.475281 0.002266 -0.506698
v 0.478467 -0.011114 -0.511392
v 0.475387 -0.011138 -0.506697
v 0.478362 0.002290 -0.511393
v -0.199634 -0.021063 -0.295205
v -0.199634 0.008105 -0.295205
v -0.192861 -0.021063 -0.295827
v -0.192861 0.008105 -0.295827
v -0.186349 -0.021063 -0.297670
v -0.186349 0.008105 -0.297670
v -0.180347 -0.021063 -0.300664
v -0.180347 0.008105 -0.300664
v -0.175086 -0.021063 -0.304692
v -0.175086 0.008105 -0.304692
v -0.170769 -0.021063 -0.309601
v -0.170769 0.008105 -0.309601
v -0.167560 -0.021063 -0.315201
v -0.167560 0.008105 -0.315201
v -0.165585 -0.021063 -0.321278
v -0.165585 0.008105 -0.321278
v -0.164918 -0.021063 -0.327598
v -0.164918 0.008105 -0.327598
v -0.165585 -0.021063 -0.333917
v -0.165585 0.008105 -0.333917
v -0.167560 -0.021063 -0.339994
v -0.167560 0.008105 -0.339994
v -0.170769 -0.021063 -0.345594
v -0.170769 0.008105 -0.345594
v -0.175086 -0.021063 -0.350503
v -0.175086 0.008105 -0.350503
v -0.180347 -0.021063 -0.354531
v -0.180347 0.008105 -0.354531
v -0.186349 -0.021063 -0.357525
v -0.186349 0.008105 -0.357525
v -0.192861 -0.021063 -0.359368
v -0.192861 0.008105 -0.359368
v -0.199634 -0.021063 -0.359991
v -0.199634 0.008105 -0.359991
v -0.206407 -0.021063 -0.359368
v -0.206407 0.008105 -0.359368
v -0.212920 -0.021063 -0.357525
v -0.212920 0.008105 -0.357525
v -0.218922 -0.021063 -0.354531
v -0.218922 0.008105 -0.354531
v -0.224182 -0.021063 -0.350503
v -0.224182 0.008105 -0.350503
v -0.228500 -0.021063 -0.345594
v -0.228500 0.008105 -0.345594
v -0.231708 -0.021063 -0.339994
v -0.231708 0.008105 -0.339994
v -0.233683 -0.021063 -0.333917
v -0.233683 0.008105 -0.333917
v -0.234351 -0.021063 -0.327598
v -0.234351 0.008105 -0.327598
v -0.233683 -0.021063 -0.321278
v -0.233683 0.008105 -0.321278
v -0.231708 -0.021063 -0.315201
v -0.231708 0.008105 -0.315201
v -0.228500 -0.021063 -0.309601
v -0.228500 0.008105 -0.309601
v -0.224182 -0.021063 -0.304692
v -0.224182 0.008105 -0.304692
v -0.218922 -0.021063 -0.300664
v -0.218922 0.008105 -0.300664
v -0.212920 -0.021063 -0.297670
v -0.212920 0.008105 -0.297670
v -0.206407 -0.021063 -0.295827
v -0.206407 0.008105 -0.295827
v 0.377716 -0.017799 -0.295452
v 0.377716 0.011370 -0.295452
v 0.384489 -0.017799 -0.296074
v 0.384489 0.011370 -0.296074
v 0.391001 -0.017799 -0.297918
v 0.391001 0.011370 -0.297918
v 0.397003 -0.017799 -0.300911
v 0.397003 0.011370 -0.300911
v 0.402264 -0.017799 -0.304940
v 0.402264 0.011370 -0.304940
v 0.406582 -0.017799 -0.309848
v 0.406582 0.011370 -0.309848
v 0.409790 -0.017799 -0.315449
v 0.409790 0.011370 -0.315449
v 0.411765 -0.017799 -0.321525
v 0.411765 0.011370 -0.321525
v 0.412432 -0.017799 -0.327845
v 0.412432 0.011370 -0.327845
v 0.411765 -0.017799 -0.334165
v 0.411765 0.011370 -0.334165
v 0.409790 -0.017799 -0.340241
v 0.409790 0.011370 -0.340241
v 0.406582 -0.017799 -0.345842
v 0.406582 0.011370 -0.345842
v 0.402264 -0.017799 -0.350750
v 0.402264 0.011370 -0.350750
v 0.397003 -0.017799 -0.354779
v 0.397003 0.011370 -0.354779
v 0.391001 -0.017799 -0.357772
v 0.391001 0.011370 -0.357772
v 0.384489 -0.017799 -0.359616
v 0.384489 0.011370 -0.359616
v 0.377716 -0.017799 -0.360238
v 0.377716 0.011370 -0.360238
v 0.370943 -0.017799 -0.359616
v 0.370943 0.011370 -0.359616
v 0.364431 -0.017799 -0.357772
v 0.364431 0.011370 -0.357772
v 0.358429 -0.017799 -0.354779
v 0.358429 0.011370 -0.354779
v 0.353168 -0.017799 -0.350750
v 0.353168 0.011370 -0.350750
v 0.348850 -0.017799 -0.345842
v 0.348850 0.011370 -0.345842
v 0.345642 -0.017799 -0.340241
v 0.345642 0.011370 -0.340241
v 0.343667 -0.017799 -0.334165
v 0.343667 0.011370 -0.334165
v 0.343000 -0.017799 -0.327845
v 0.343000 0.011370 -0.327845
v 0.343667 -0.017799 -0.321525
v 0.343667 0.011370 -0.321525
v 0.345642 -0.017799 -0.315449
v 0.345642 0.011370 -0.315449
v 0.348850 -0.017799 -0.309848
v 0.348850 0.011370 -0.309848
v 0.353168 -0.017799 -0.304940
v 0.353168 0.011370 -0.304940
v 0.358429 -0.017799 -0.300911
v 0.358429 0.011370 -0.300911
v 0.364431 -0.017799 -0.297918
v 0.364431 0.011370 -0.297918
v 0.370943 -0.017799 -0.296074
v 0.370943 0.011370 -0.296074
v 0.297644 -0.003739 -0.227349
v 0.312886 -0.004294 -0.258448
v 0.297595 -0.004912 -0.227352
v 0.312837 -0.005467 -0.258451
v 0.297345 -0.006052 -0.227454
v 0.312587 -0.006608 -0.258553
v 0.296904 -0.007117 -0.227651
v 0.312147 -0.007672 -0.258750
v 0.296290 -0.008065 -0.227935
v 0.311532 -0.008620 -0.259034
v 0.295525 -0.008859 -0.228296
v 0.310768 -0.009415 -0.259395
v 0.294639 -0.009470 -0.228719
v 0.309882 -0.010025 -0.259818
v 0.293667 -0.009873 -0.229188
v 0.308909 -0.010429 -0.260287
v 0.292645 -0.010054 -0.229686
v 0.307887 -0.010609 -0.260785
v 0.291612 -0.010005 -0.230193
v 0.306855 -0.010560 -0.261292
v 0.290609 -0.009728 -0.230689
v 0.305852 -0.010283 -0.261789
v 0.289674 -0.009234 -0.231156
v 0.304917 -0.009789 -0.262256
v 0.288843 -0.008541 -0.231576
v 0.304086 -0.009096 -0.262675
v 0.288148 -0.007677 -0.231932
v 0.303391 -0.008232 -0.263031
v 0.287616 -0.006675 -0.232211
v 0.302858 -0.007230 -0.263310
v 0.287266 -0.005572 -0.232402
v 0.302508 -0.006128 -0.263501
v 0.287113 -0.004413 -0.232498
v 0.302355 -0.004968 -0.263597
v 0.287162 -0.003240 -0.232495
v 0.302405 -0.003795 -0.263594
v 0.287412 -0.002099 -0.232393
v 0.302654 -0.002654 -0.263492
v 0.287852 -0.001035 -0.232196
v 0.303095 -0.001590 -0.263295
v 0.288467 -0.000087 -0.231912
v 0.303709 -0.000642 -0.263011
v 0.289232 0.000708 -0.231551
v 0.304474 0.000153 -0.262650
v 0.290117 0.001318 -0.231128
v 0.305360 0.000763 -0.262227
v 0.291090 0.001722 -0.230658
v 0.306332 0.001167 -0.261757
v 0.292112 0.001902 -0.230161
v 0.307355 0.001347 -0.261260
v 0.293144 0.001853 -0.229654
v 0.308387 0.001298 -0.260753
v 0.294147 0.001576 -0.229157
v 0.309390 0.001021 -0.260256
v 0.295082 0.001082 -0.228690
v 0.310325 0.000527 -0.259789
v 0.295913 0.000389 -0.228270
v 0.311156 -0.000166 -0.259370
v 0.296609 -0.000475 -0.227914
v 0.311851 -0.001030 -0.259013
v 0.297141 -0.001477 -0.227635
v 0.312384 -0.002032 -0.258734
v 0.297491 -0.002579 -0.227444
v 0.312733 -0.003134 -0.258543
v 0.295183 -0.003966 -0.228472
v 0.298393 -0.004083 -0.235021
v 0.295138 -0.005180 -0.228472
v 0.298348 -0.005297 -0.235021
v 0.294897 -0.006359 -0.228569
v 0.298107 -0.006476 -0.235118
v 0.294470 -0.007459 -0.228759
v 0.297680 -0.007576 -0.235308
v 0.293873 -0.008437 -0.229034
v 0.297082 -0.008554 -0.235583
v 0.293128 -0.009257 -0.229384
v 0.296338 -0.009373 -0.235933
v 0.292265 -0.009885 -0.229796
v 0.295475 -0.010002 -0.236345
v 0.291317 -0.010299 -0.230254
v 0.294526 -0.010416 -0.236803
v 0.290319 -0.010482 -0.230739
v 0.293529 -0.010599 -0.237288
v 0.289311 -0.010427 -0.231234
v 0.292521 -0.010544 -0.237783
v 0.288332 -0.010137 -0.231719
v 0.291542 -0.010253 -0.238268
v 0.287418 -0.009622 -0.232177
v 0.290628 -0.009739 -0.238726
v 0.286605 -0.008902 -0.232588
v 0.289815 -0.009019 -0.239137
v 0.285924 -0.008005 -0.232938
v 0.289134 -0.008122 -0.239487
v 0.285401 -0.006966 -0.233212
v 0.288611 -0.007083 -0.239761
v 0.285057 -0.005824 -0.233401
v 0.288267 -0.005941 -0.239950
v 0.284905 -0.004624 -0.233498
v 0.288114 -0.004741 -0.240047
v 0.284950 -0.003410 -0.233497
v 0.288159 -0.003527 -0.240046
v 0.285190 -0.002231 -0.233400
v 0.288400 -0.002348 -0.239949
v 0.285618 -0.001131 -0.233210
v 0.288827 -0.001248 -0.239759
v 0.286215 -0.000153 -0.232935
v 0.289425 -0.000270 -0.239484
v 0.286959 0.000667 -0.232585
v 0.290169 0.000550 -0.239134
v 0.287822 0.001295 -0.232173
v 0.291032 0.001178 -0.238722
v 0.288771 0.001709 -0.231716
v 0.291981 0.001592 -0.238265
v 0.289768 0.001892 -0.231230
v 0.292978 0.001775 -0.237779
v 0.290776 0.001837 -0.230735
v 0.293986 0.001720 -0.237284
v 0.291756 0.001547 -0.230250
v 0.294966 0.001430 -0.236799
v 0.292670 0.001032 -0.229793
v 0.295880 0.000915 -0.236342
v 0.293483 0.000312 -0.229381
v 0.296693 0.000195 -0.235930
v 0.294164 -0.000585 -0.229032
v 0.297374 -0.000701 -0.235581
v 0.294686 -0.001624 -0.228757
v 0.297896 -0.001741 -0.235306
v 0.295030 -0.002766 -0.228568
v 0.298240 -0.002883 -0.235117
v -0.208353 0.040224 -0.326315
v -0.309573 0.040224 -0.389489
v -0.202868 0.038217 -0.335311
v -0.300080 0.038217 -0.399479
v -0.229158 0.040224 -0.331789
v -0.208832 0.038217 -0.351968
v -0.207396 0.038217 -0.341103
v -0.218644 0.040224 -0.329236
v -0.205610 0.040224 -0.330813
v -0.304782 0.040224 -0.394457
v -0.218995 0.040224 -0.341879
v -0.213020 0.040224 -0.335169
v -0.191220 0.040224 -0.328979
v -0.088803 0.040224 -0.267765
v -0.196531 0.038217 -0.319878
v -0.098102 0.038217 -0.257594
v -0.170313 0.040224 -0.323906
v -0.190248 0.038217 -0.303339
v -0.191892 0.038217 -0.314175
v -0.180875 0.040224 -0.326257
v -0.193876 0.040224 -0.324428
v -0.093498 0.040224 -0.262706
v -0.180280 0.040224 -0.313623
v -0.186384 0.040224 -0.320216
v -0.205797 0.040224 -0.336857
v -0.188584 0.040224 -0.326812
v -0.211132 0.040224 -0.327714
v -0.193920 0.040224 -0.317669
v -0.199139 0.040224 -0.326601
v -0.199008 0.040224 -0.327489
v -0.199876 0.040224 -0.328230
v -0.200849 0.040224 -0.327756
v -0.200939 0.040224 -0.327038
v -0.200374 0.040224 -0.326291
v -0.193283 0.040224 -0.322856
v -0.193027 0.040224 -0.323855
v -0.193952 0.040224 -0.324485
v -0.195209 0.040224 -0.324153
v -0.195292 0.040224 -0.322591
v -0.194159 0.040224 -0.322412
v -0.204357 0.040224 -0.330253
v -0.204596 0.040224 -0.331339
v -0.206137 0.040224 -0.331270
v -0.206668 0.040224 -0.330173
v -0.205285 0.040224 -0.329322
v -0.199139 0.039303 -0.326601
v -0.199008 0.039303 -0.327489
v -0.199876 0.039303 -0.328230
v -0.200849 0.039303 -0.327756
v -0.200939 0.039303 -0.327038
v -0.200374 0.039303 -0.326291
v -0.193283 0.039303 -0.322856
v -0.193027 0.039303 -0.323855
v -0.193952 0.039303 -0.324485
v -0.195209 0.039303 -0.324153
v -0.195292 0.039303 -0.322591
v -0.194159 0.039303 -0.322412
v -0.204357 0.039303 -0.330253
v -0.204596 0.039303 -0.331339
v -0.206137 0.039303 -0.331270
v -0.206668 0.039303 -0.330173
v -0.205285 0.039303 -0.329322
v -0.103165 -0.012579 -0.559704
v -0.103165 -0.000383 -0.559704
v -0.152394 -0.012579 -0.261581
v -0.152394 -0.000383 -0.261581
v -0.087000 -0.012579 -0.568896
v -0.087000 -0.000383 -0.568896
v -0.136229 -0.012579 -0.254829
v -0.136229 -0.000383 -0.254829
v -0.106164 -0.005292 -0.485691
v -0.106250 -0.001166 -0.485575
v -0.197177 -0.005635 -0.541292
v -0.197263 -0.001508 -0.541177
v -0.113175 -0.005649 -0.478141
v -0.113261 -0.001523 -0.478026
v -0.215197 -0.005992 -0.538306
v -0.215283 -0.001865 -0.538191
v -0.436341 -0.012579 -0.317042
v -0.436341 -0.000383 -0.317042
v -0.200583 -0.012579 -0.276558
v -0.200583 -0.000383 -0.276558
v -0.430025 -0.012579 -0.334007
v -0.430025 -0.000383 -0.334007
v -0.197753 -0.012579 -0.292674
v -0.197753 -0.000383 -0.292674
v -0.355712 -0.001682 -0.311620
v -0.355636 -0.005810 -0.311656
v -0.372218 -0.001086 -0.416987
v -0.372142 -0.005214 -0.417022
v -0.346049 -0.001473 -0.315206
v -0.345973 -0.005601 -0.315241
v -0.362556 -0.000877 -0.432490
v -0.362479 -0.005005 -0.432525
v -0.457359 -0.011165 -0.305352
v -0.457359 0.002240 -0.305352
v -0.455154 -0.011165 -0.300812
v -0.455154 0.002240 -0.300812
v -0.102991 -0.011165 -0.562646
v -0.102991 0.002240 -0.562646
v -0.100335 -0.011165 -0.560528
v -0.100335 0.002240 -0.560528
v -0.360305 -0.011165 -0.431980
v -0.360305 0.002240 -0.431980
v -0.363284 -0.011165 -0.436356
v -0.363284 0.002240 -0.436356
v -0.072922 0.002240 -0.576059
v -0.072922 -0.011165 -0.576059
v -0.075578 -0.011165 -0.578177
v -0.075578 0.002240 -0.578177
v -0.202621 0.002240 -0.538528
v -0.205705 -0.011165 -0.543638
v -0.202621 -0.011165 -0.538528
v -0.205705 0.002240 -0.543638
v -0.436414 -0.011165 -0.317100
v -0.438771 0.002240 -0.321608
v -0.436414 0.002240 -0.317100
v -0.438771 -0.011165 -0.321608
v -0.295292 -0.011165 -0.504898
v -0.298322 0.002240 -0.509626
v -0.295292 0.002240 -0.504898
v -0.298322 -0.011165 -0.509626
v 0.283750 -0.001276 -0.563569
v 0.283846 -0.013471 -0.563568
v 0.329766 -0.000889 -0.264933
v 0.329862 -0.013083 -0.264932
v 0.267685 -0.001403 -0.572934
v 0.267781 -0.013598 -0.572933
v 0.313530 -0.001016 -0.258355
v 0.313626 -0.013211 -0.258354
v -0.186403 -0.024906 -0.091115
v -0.186403 0.017387 -0.091115
v -0.197469 -0.026367 0.000000
v -0.197469 0.026367 0.000000
v 0.197469 0.026367 0.000000
v -0.191406 -0.024906 -0.070450
v 0.197469 0.026367 -0.066146
v -0.191406 0.022133 -0.070450
v 0.197469 -0.026367 -0.066146
v -0.185638 -0.024906 -0.080782
v 0.197469 0.023005 -0.079727
v -0.189036 0.020314 -0.078370
v 0.197469 -0.026367 -0.079727
v -0.013064 -0.026367 -0.119495
v -0.013064 0.019643 -0.119495
v 0.000000 0.026367 0.000000
v 0.000000 0.026367 -0.066146
v 0.010309 0.023005 -0.080254
v 0.010309 -0.026367 -0.080254
v -0.176851 -0.026367 -0.080782
v -0.156233 -0.026367 -0.095419
v -0.156233 0.019643 -0.095419
v -0.176851 0.023005 -0.080782
v -0.197469 0.026367 -0.066146
v -0.197469 -0.026367 -0.066146
v -0.187612 0.008172 -0.078987
v -0.186421 -0.010022 -0.079819
v -0.189157 -0.009433 -0.074481
v -0.190534 -0.003189 -0.072204
v -0.190094 0.005286 -0.072927
v -0.187810 0.005947 -0.084878
v -0.187354 -0.001680 -0.086926
v -0.187186 -0.008440 -0.085240
v -0.186284 -0.012366 -0.080138
v -0.189263 -0.011485 -0.073151
v -0.190668 -0.003562 -0.070633
v -0.190229 0.007024 -0.071421
v -0.188046 0.011074 -0.078888
v -0.187579 0.007864 -0.086301
v -0.187118 -0.001682 -0.088536
v -0.186943 -0.010172 -0.086690
v -0.180405 0.008477 -0.077718
v -0.179214 -0.009717 -0.078550
v -0.181950 -0.009128 -0.073212
v -0.183327 -0.002884 -0.070936
v -0.182887 0.005591 -0.071659
v -0.180604 0.006252 -0.083609
v -0.180147 -0.001375 -0.085658
v -0.179979 -0.008135 -0.083972
v 0.260619 -0.026367 -0.059442
v 0.260619 -0.026367 0.000000
v 0.260619 0.026367 0.000000
v 0.260619 0.026367 -0.059442
v 0.001415 0.026367 0.000000
v 0.001415 0.026367 -0.066146
v 0.010377 0.023005 -0.080251
v 0.000000 0.025558 -0.066146
v 0.010309 0.022196 -0.080254
v 0.000000 0.025558 0.000000
v 0.001415 0.025558 0.000000
v 0.001415 0.025558 -0.066146
v 0.011650 0.022196 -0.080251
v 0.197469 -0.026254 -0.079727
v 0.010377 -0.026254 -0.080251
v -0.013064 -0.026307 -0.119495
v 0.010309 -0.026261 -0.080254
v -0.051665 0.019643 -0.113003
v -0.040153 -0.026367 -0.080397
v -0.051665 -0.026367 -0.113003
v -0.053242 0.026367 0.000000
v -0.053242 0.026367 -0.066146
v -0.040153 0.023005 -0.080397
v -0.097004 0.019643 -0.105379
v -0.099423 -0.026367 -0.080564
v -0.097004 -0.026367 -0.105379
v -0.115777 0.026367 0.000000
v -0.115777 0.026367 -0.066146
v -0.099423 0.023005 -0.080564
v -0.156233 0.011658 -0.095419
v -0.013064 0.011658 -0.119495
v -0.186403 0.010047 -0.091115
v -0.051665 0.011658 -0.113003
v -0.094226 0.006802 -0.105379
v -0.013064 -0.021840 -0.119495
v -0.051665 -0.021840 -0.113003
v -0.097004 -0.021840 -0.105379
v -0.156233 -0.021840 -0.095419
v -0.186403 -0.020745 -0.091115
v -0.169447 0.011658 -0.310575
v -0.212008 0.006802 -0.302951
v -0.169447 -0.021840 -0.310575
v -0.214786 -0.021840 -0.302951
v -0.167614 -0.021840 -0.223823
v -0.164836 0.006802 -0.223823
v -0.122275 0.011658 -0.231448
v -0.122275 -0.021840 -0.231448
v -0.201262 -0.021840 -0.280265
v -0.155923 -0.021840 -0.287889
v -0.198484 0.006802 -0.280265
v -0.155923 0.011658 -0.287889
v -0.198484 0.008546 -0.280265
v -0.164836 0.008546 -0.223823
v -0.155923 0.013401 -0.287889
v -0.122275 0.013401 -0.231448
v -0.199824 0.006867 -0.279570
v -0.166176 0.006867 -0.223128
v -0.168955 -0.021775 -0.223128
v -0.202602 -0.021775 -0.279570
v -0.199824 0.008611 -0.279570
v -0.166176 0.008611 -0.223128
v 0.197469 0.012265 -0.066146
v 0.197469 0.009802 -0.079727
v 0.260619 0.012265 0.000000
v 0.260619 0.012265 -0.059442
v 0.197469 -0.021508 -0.066146
v 0.197469 -0.021818 -0.079727
v 0.260619 -0.021508 0.000000
v 0.260619 -0.021508 -0.059442
v 0.213801 0.026367 -0.064412
v 0.213801 0.026367 0.000000
v 0.213801 -0.026367 -0.064412
v 0.213801 0.012265 -0.064412
v 0.213801 -0.021508 -0.064412
v 0.346852 0.012265 -0.309784
v 0.393670 0.012265 -0.304814
v 0.393670 -0.021508 -0.304814
v 0.346852 -0.021508 -0.309784
v 0.293974 0.012265 -0.212266
v 0.340792 0.012265 -0.207296
v 0.340792 -0.021508 -0.207296
v 0.293974 -0.021508 -0.212266
v 0.328485 0.012265 -0.275913
v 0.375304 -0.021508 -0.270943
v 0.375304 0.012265 -0.270943
v 0.328485 -0.021508 -0.275913
v 0.375304 0.016600 -0.270943
v 0.340792 0.016600 -0.207296
v 0.293974 0.016600 -0.212266
v 0.328485 0.016600 -0.275913
v 0.325114 -0.021508 -0.277504
v 0.290603 -0.021508 -0.213858
v 0.290603 0.012265 -0.213858
v 0.325114 0.012265 -0.277504
v 0.290603 0.016600 -0.213858
v 0.325114 0.016600 -0.277504
v 0.271575 0.012265 -0.079646
v 0.224757 -0.021508 -0.084616
v 0.229601 0.012265 -0.092775
v 0.271575 -0.021508 -0.079646
v 0.213801 0.014099 -0.064412
v 0.260619 0.014099 -0.059442
v 0.271575 0.014099 -0.079646
v 0.229601 0.014099 -0.092775
v 0.211313 -0.021501 -0.065612
v 0.211313 0.012271 -0.065612
v 0.222268 -0.021501 -0.085816
v 0.227112 0.012271 -0.093976
v 0.211313 0.014106 -0.065612
v 0.227112 0.014106 -0.093976
v -0.213290 0.006927 -0.302186
v -0.216068 -0.021716 -0.302186
v -0.202544 -0.021716 -0.279501
v -0.199766 0.006927 -0.279501
v 0.343949 -0.021508 -0.311358
v 0.343949 0.012265 -0.311358
v 0.325583 0.012265 -0.277487
v 0.325583 -0.021508 -0.277487
v 0.351327 -0.021508 -0.318037
v 0.351327 0.012265 -0.318037
v 0.348424 -0.021508 -0.319611
v 0.348424 0.012265 -0.319611
v -0.155134 0.006802 -0.207549
v -0.112574 0.011658 -0.215174
v -0.157913 -0.021840 -0.207549
v -0.112574 -0.021840 -0.215174
v 0.197469 -0.038181 -0.066146
v 0.197469 -0.038181 0.000000
v -0.115777 -0.038181 0.000000
v -0.197469 -0.038181 0.000000
v -0.197469 -0.038181 -0.066146
v 0.197469 -0.038181 -0.079727
v -0.115777 -0.038181 -0.066146
v -0.176851 -0.038181 -0.080782
v -0.099423 -0.038181 -0.080564
v 0.000000 -0.038181 0.000000
v 0.000000 -0.038181 -0.066146
v 0.010309 -0.038181 -0.080254
v 0.260619 -0.038181 -0.059442
v 0.260619 -0.038181 0.000000
v 0.213801 -0.038181 0.000000
v 0.213801 -0.038181 -0.064412
v -0.053242 -0.038181 0.000000
v -0.053242 -0.038181 -0.066146
v -0.040153 -0.038181 -0.080397
v 0.377609 -0.028118 -0.316541
v 0.377609 0.034648 -0.304035
v 0.377682 -0.028118 -0.316548
v 0.382572 0.034648 -0.304491
v 0.378454 -0.028118 -0.316766
v 0.387344 0.034648 -0.305841
v 0.379876 -0.028118 -0.317475
v 0.391742 0.034648 -0.308035
v 0.381545 -0.028118 -0.318754
v 0.395596 0.034648 -0.310987
v 0.383117 -0.028118 -0.320541
v 0.398760 0.034648 -0.314584
v 0.384369 -0.028118 -0.322726
v 0.401111 0.034648 -0.318687
v 0.385167 -0.028118 -0.325180
v 0.402558 0.034648 -0.323140
v 0.385440 -0.028118 -0.327770
v 0.403047 0.034648 -0.327770
v 0.385167 -0.028118 -0.330361
v 0.402558 0.034648 -0.332401
v 0.384369 -0.028118 -0.332815
v 0.401111 0.034648 -0.336854
v 0.383117 -0.028118 -0.335000
v 0.398760 0.034648 -0.340957
v 0.381545 -0.028118 -0.336787
v 0.395596 0.034648 -0.344554
v 0.379876 -0.028118 -0.338066
v 0.391742 0.034648 -0.347506
v 0.378454 -0.028118 -0.338775
v 0.387344 0.034648 -0.349699
v 0.377682 -0.028118 -0.338993
v 0.382572 0.034648 -0.351050
v 0.377609 -0.028118 -0.339000
v 0.377609 0.034648 -0.351506
v 0.377535 -0.028118 -0.338993
v 0.372646 0.034648 -0.351050
v 0.376763 -0.028118 -0.338775
v 0.367874 0.034648 -0.349699
v 0.375342 -0.028118 -0.338066
v 0.363476 0.034648 -0.347506
v 0.373672 -0.028118 -0.336787
v 0.359621 0.034648 -0.344554
v 0.372101 -0.028118 -0.335000
v 0.356458 0.034648 -0.340957
v 0.370849 -0.028118 -0.332815
v 0.354107 0.034648 -0.336854
v 0.370051 -0.028118 -0.330361
v 0.352659 0.034648 -0.332401
v 0.369778 -0.028118 -0.327770
v 0.352171 0.034648 -0.327770
v 0.370051 -0.028118 -0.325180
v 0.352659 0.034648 -0.323140
v 0.370849 -0.028118 -0.322726
v 0.354107 0.034648 -0.318687
v 0.372101 -0.028118 -0.320541
v 0.356458 0.034648 -0.314583
v 0.373672 -0.028118 -0.318754
v 0.359621 0.034648 -0.310987
v 0.375342 -0.028118 -0.317475
v 0.363476 0.034648 -0.308035
v 0.376763 -0.028118 -0.316766
v 0.367874 0.034648 -0.305841
v 0.377535 -0.028118 -0.316548
v 0.372646 0.034648 -0.304491
v 0.377609 0.013481 -0.298488
v 0.383731 0.013481 -0.299051
v 0.389619 0.013481 -0.300717
v 0.395044 0.013481 -0.303423
v 0.399800 0.013481 -0.307065
v 0.403703 0.013481 -0.311502
v 0.406603 0.013481 -0.316564
v 0.408389 0.013481 -0.322058
v 0.408992 0.013481 -0.327770
v 0.408389 0.013481 -0.333483
v 0.406603 0.013481 -0.338976
v 0.403703 0.013481 -0.344039
v 0.399800 0.013481 -0.348476
v 0.395044 0.013481 -0.352118
v 0.389619 0.013481 -0.354824
v 0.383731 0.013481 -0.356490
v 0.377609 0.013481 -0.357053
v 0.371486 0.013481 -0.356490
v 0.365599 0.013481 -0.354824
v 0.360173 0.013481 -0.352118
v 0.355418 0.013481 -0.348476
v 0.351515 0.013481 -0.344039
v 0.348615 0.013481 -0.338976
v 0.346829 0.013481 -0.333483
v 0.346226 0.013481 -0.327770
v 0.346829 0.013481 -0.322058
v 0.348615 0.013481 -0.316564
v 0.351515 0.013481 -0.311502
v 0.355418 0.013481 -0.307065
v 0.360173 0.013481 -0.303423
v 0.365599 0.013481 -0.300717
v 0.371486 0.013481 -0.299050
v 0.383731 -0.020056 -0.299051
v 0.389619 -0.020056 -0.300717
v 0.395044 -0.020056 -0.303423
v 0.399800 -0.020056 -0.307065
v 0.403703 -0.020056 -0.311502
v 0.406603 -0.020056 -0.316564
v 0.408389 -0.020056 -0.322058
v 0.408992 -0.020056 -0.327770
v 0.408389 -0.020056 -0.333483
v 0.406603 -0.020056 -0.338976
v 0.403703 -0.020056 -0.344039
v 0.399800 -0.020056 -0.348476
v 0.395044 -0.020056 -0.352118
v 0.389619 -0.020056 -0.354824
v 0.383731 -0.020056 -0.356490
v 0.377609 -0.020056 -0.357053
v 0.371486 -0.020056 -0.356490
v 0.365599 -0.020056 -0.354824
v 0.360173 -0.020056 -0.352118
v 0.355418 -0.020056 -0.348476
v 0.351515 -0.020056 -0.344039
v 0.348615 -0.020056 -0.338976
v 0.346829 -0.020056 -0.333483
v 0.346226 -0.020056 -0.327770
v 0.346829 -0.020056 -0.322058
v 0.348615 -0.020056 -0.316564
v 0.351515 -0.020056 -0.311502
v 0.355418 -0.020056 -0.307065
v 0.360173 -0.020056 -0.303423
v 0.365599 -0.020056 -0.300717
v 0.371486 -0.020056 -0.299050
v 0.377609 -0.020056 -0.298488
v 0.383544 0.034648 -0.299931
v 0.377609 0.034648 -0.299385
v 0.389250 0.034648 -0.301546
v 0.394510 0.034648 -0.304169
v 0.399120 0.034648 -0.307699
v 0.402903 0.034648 -0.312000
v 0.405714 0.034648 -0.316908
v 0.407445 0.034648 -0.322233
v 0.408030 0.034648 -0.327770
v 0.407445 0.034648 -0.333308
v 0.405714 0.034648 -0.338633
v 0.402903 0.034648 -0.343540
v 0.399120 0.034648 -0.347842
v 0.394510 0.034648 -0.351372
v 0.389250 0.034648 -0.353995
v 0.383544 0.034648 -0.355610
v 0.377609 0.034648 -0.356156
v 0.371674 0.034648 -0.355610
v 0.365967 0.034648 -0.353995
v 0.360708 0.034648 -0.351372
v 0.356098 0.034648 -0.347842
v 0.352315 0.034648 -0.343540
v 0.349503 0.034648 -0.338633
v 0.347772 0.034648 -0.333308
v 0.347188 0.034648 -0.327770
v 0.347772 0.034648 -0.322233
v 0.349503 0.034648 -0.316908
v 0.352315 0.034648 -0.312000
v 0.356098 0.034648 -0.307699
v 0.360708 0.034648 -0.304169
v 0.365967 0.034648 -0.301546
v 0.371674 0.034648 -0.299931
v 0.382572 0.037419 -0.304491
v 0.377609 0.037419 -0.304035
v 0.387344 0.037419 -0.305841
v 0.391742 0.037419 -0.308035
v 0.395596 0.037419 -0.310987
v 0.398760 0.037419 -0.314584
v 0.401111 0.037419 -0.318687
v 0.402558 0.037419 -0.323140
v 0.403047 0.037419 -0.327770
v 0.402558 0.037419 -0.332401
v 0.401111 0.037419 -0.336854
v 0.398760 0.037419 -0.340957
v 0.395596 0.037419 -0.344554
v 0.391742 0.037419 -0.347506
v 0.387344 0.037419 -0.349699
v 0.382572 0.037419 -0.351050
v 0.377609 0.037419 -0.351506
v 0.372646 0.037419 -0.351050
v 0.367874 0.037419 -0.349699
v 0.363476 0.037419 -0.347506
v 0.359621 0.037419 -0.344554
v 0.356458 0.037419 -0.340957
v 0.354107 0.037419 -0.336854
v 0.352659 0.037419 -0.332401
v 0.352171 0.037419 -0.327770
v 0.352659 0.037419 -0.323140
v 0.354107 0.037419 -0.318687
v 0.356458 0.037419 -0.314583
v 0.359621 0.037419 -0.310987
v 0.363476 0.037419 -0.308035
v 0.367874 0.037419 -0.305841
v 0.372646 0.037419 -0.304491
v 0.377609 -0.028118 -0.298488
v 0.383731 -0.028118 -0.299051
v 0.389619 -0.028118 -0.300717
v 0.395044 -0.028118 -0.303423
v 0.399800 -0.028118 -0.307065
v 0.403703 -0.028118 -0.311502
v 0.406603 -0.028118 -0.316564
v 0.408389 -0.028118 -0.322058
v 0.408992 -0.028118 -0.327770
v 0.408389 -0.028118 -0.333483
v 0.406603 -0.028118 -0.338976
v 0.403703 -0.028118 -0.344039
v 0.399800 -0.028118 -0.348476
v 0.395044 -0.028118 -0.352118
v 0.389619 -0.028118 -0.354824
v 0.383731 -0.028118 -0.356490
v 0.377609 -0.028118 -0.357053
v 0.371486 -0.028118 -0.356490
v 0.365599 -0.028118 -0.354824
v 0.360173 -0.028118 -0.352118
v 0.355418 -0.028118 -0.348476
v 0.351515 -0.028118 -0.344039
v 0.348615 -0.028118 -0.338976
v 0.346829 -0.028118 -0.333483
v 0.346226 -0.028118 -0.327770
v 0.346829 -0.028118 -0.322058
v 0.348615 -0.028118 -0.316564
v 0.351515 -0.028118 -0.311502
v 0.355418 -0.028118 -0.307065
v 0.360173 -0.028118 -0.303423
v 0.365599 -0.028118 -0.300717
v 0.371486 -0.028118 -0.299050
v 0.377609 -0.097715 -0.316541
v 0.377682 -0.097715 -0.316548
v 0.378454 -0.097715 -0.316766
v 0.379876 -0.097715 -0.317475
v 0.381545 -0.097715 -0.318754
v 0.383117 -0.097715 -0.320541
v 0.384369 -0.097715 -0.322726
v 0.385167 -0.097715 -0.325180
v 0.385440 -0.097715 -0.327770
v 0.385167 -0.097715 -0.330361
v 0.384369 -0.097715 -0.332815
v 0.383117 -0.097715 -0.335000
v 0.381545 -0.097715 -0.336787
v 0.379876 -0.097715 -0.338066
v 0.378454 -0.097715 -0.338775
v 0.377682 -0.097715 -0.338993
v 0.377609 -0.097715 -0.339000
v 0.377535 -0.097715 -0.338993
v 0.376763 -0.097715 -0.338775
v 0.375342 -0.097715 -0.338066
v 0.373672 -0.097715 -0.336787
v 0.372101 -0.097715 -0.335000
v 0.370849 -0.097715 -0.332815
v 0.370051 -0.097715 -0.330361
v 0.369778 -0.097715 -0.327770
v 0.370051 -0.097715 -0.325180
v 0.370849 -0.097715 -0.322726
v 0.372101 -0.097715 -0.320541
v 0.373672 -0.097715 -0.318754
v 0.375342 -0.097715 -0.317475
v 0.376763 -0.097715 -0.316766
v 0.377535 -0.097715 -0.316548
v -0.199741 -0.031383 -0.316896
v -0.199741 0.031383 -0.303787
v -0.199624 -0.031383 -0.316906
v -0.194779 0.031383 -0.304243
v -0.198862 -0.031383 -0.317122
v -0.190007 0.031383 -0.305594
v -0.197503 -0.031383 -0.317800
v -0.185609 0.031383 -0.307787
v -0.195920 -0.031383 -0.319012
v -0.181754 0.031383 -0.310739
v -0.194434 -0.031383 -0.320702
v -0.178590 0.031383 -0.314336
v -0.193252 -0.031383 -0.322764
v -0.176240 0.031383 -0.318440
v -0.192499 -0.031383 -0.325080
v -0.174792 0.031383 -0.322892
v -0.192242 -0.031383 -0.327523
v -0.174303 0.031383 -0.327523
v -0.192499 -0.031383 -0.329966
v -0.174792 0.031383 -0.332154
v -0.193252 -0.031383 -0.332282
v -0.176240 0.031383 -0.336606
v -0.194434 -0.031383 -0.334344
v -0.178590 0.031383 -0.340710
v -0.195920 -0.031383 -0.336034
v -0.181754 0.031383 -0.344307
v -0.197503 -0.031383 -0.337246
v -0.185609 0.031383 -0.347259
v -0.198862 -0.031383 -0.337924
v -0.190007 0.031383 -0.349452
v -0.199624 -0.031383 -0.338140
v -0.194779 0.031383 -0.350803
v -0.199741 -0.031383 -0.338150
v -0.199741 0.031383 -0.351259
v -0.199859 -0.031383 -0.338140
v -0.204704 0.031383 -0.350803
v -0.200621 -0.031383 -0.337924
v -0.209476 0.031383 -0.349452
v -0.201980 -0.031383 -0.337246
v -0.213874 0.031383 -0.347259
v -0.203563 -0.031383 -0.336034
v -0.217729 0.031383 -0.344307
v -0.205049 -0.031383 -0.334344
v -0.220893 0.031383 -0.340710
v -0.206231 -0.031383 -0.332282
v -0.223243 0.031383 -0.336606
v -0.206983 -0.031383 -0.329966
v -0.224691 0.031383 -0.332154
v -0.207241 -0.031383 -0.327523
v -0.225180 0.031383 -0.327523
v -0.206983 -0.031383 -0.325080
v -0.224691 0.031383 -0.322892
v -0.206231 -0.031383 -0.322764
v -0.223243 0.031383 -0.318440
v -0.205049 -0.031383 -0.320702
v -0.220893 0.031383 -0.314336
v -0.203563 -0.031383 -0.319012
v -0.217729 0.031383 -0.310739
v -0.201980 -0.031383 -0.317800
v -0.213874 0.031383 -0.307787
v -0.200621 -0.031383 -0.317122
v -0.209476 0.031383 -0.305594
v -0.199859 -0.031383 -0.316906
v -0.204704 0.031383 -0.304243
v -0.199741 0.010216 -0.298240
v -0.193619 0.010216 -0.298803
v -0.187732 0.010216 -0.300469
v -0.182306 0.010216 -0.303175
v -0.177550 0.010216 -0.306817
v -0.173648 0.010216 -0.311255
v -0.170747 0.010216 -0.316317
v -0.168962 0.010216 -0.321810
v -0.168359 0.010216 -0.327523
v -0.168962 0.010216 -0.333236
v -0.170747 0.010216 -0.338729
v -0.173648 0.010216 -0.343792
v -0.177550 0.010216 -0.348229
v -0.182306 0.010216 -0.351871
v -0.187732 0.010216 -0.354577
v -0.193619 0.010216 -0.356243
v -0.199741 0.010216 -0.356806
v -0.205864 0.010216 -0.356243
v -0.211751 0.010216 -0.354577
v -0.217177 0.010216 -0.351871
v -0.221932 0.010216 -0.348229
v -0.225835 0.010216 -0.343792
v -0.228735 0.010216 -0.338729
v -0.230521 0.010216 -0.333236
v -0.231124 0.010216 -0.327523
v -0.230521 0.010216 -0.321810
v -0.228735 0.010216 -0.316317
v -0.225835 0.010216 -0.311254
v -0.221932 0.010216 -0.306817
v -0.217177 0.010216 -0.303175
v -0.211751 0.010216 -0.300469
v -0.205864 0.010216 -0.298803
v -0.193619 -0.023321 -0.298803
v -0.187732 -0.023321 -0.300469
v -0.182306 -0.023321 -0.303175
v -0.177550 -0.023321 -0.306817
v -0.173648 -0.023321 -0.311255
v -0.170747 -0.023321 -0.316317
v -0.168962 -0.023321 -0.321810
v -0.168359 -0.023321 -0.327523
v -0.168962 -0.023321 -0.333236
v -0.170747 -0.023321 -0.338729
v -0.173648 -0.023321 -0.343792
v -0.177550 -0.023321 -0.348229
v -0.182306 -0.023321 -0.351871
v -0.187732 -0.023321 -0.354577
v -0.193619 -0.023321 -0.356243
v -0.199741 -0.023321 -0.356806
v -0.205864 -0.023321 -0.356243
v -0.211751 -0.023321 -0.354577
v -0.217177 -0.023321 -0.351871
v -0.221932 -0.023321 -0.348229
v -0.225835 -0.023321 -0.343792
v -0.228735 -0.023321 -0.338729
v -0.230521 -0.023321 -0.333236
v -0.231124 -0.023321 -0.327523
v -0.230521 -0.023321 -0.321810
v -0.228735 -0.023321 -0.316317
v -0.225835 -0.023321 -0.311254
v -0.221932 -0.023321 -0.306817
v -0.217177 -0.023321 -0.303175
v -0.211751 -0.023321 -0.300469
v -0.205864 -0.023321 -0.298803
v -0.199741 -0.023321 -0.298240
v -0.193807 0.031383 -0.299683
v -0.199741 0.031383 -0.299138
v -0.188100 0.031383 -0.301299
v -0.182840 0.031383 -0.303922
v -0.178230 0.031383 -0.307452
v -0.174447 0.031383 -0.311753
v -0.171636 0.031383 -0.316660
v -0.169905 0.031383 -0.321985
v -0.169320 0.031383 -0.327523
v -0.169905 0.031383 -0.333061
v -0.171636 0.031383 -0.338386
v -0.174447 0.031383 -0.343293
v -0.178230 0.031383 -0.347594
v -0.182840 0.031383 -0.351124
v -0.188100 0.031383 -0.353748
v -0.193807 0.031383 -0.355363
v -0.199741 0.031383 -0.355908
v -0.205676 0.031383 -0.355363
v -0.211383 0.031383 -0.353748
v -0.216642 0.031383 -0.351124
v -0.221252 0.031383 -0.347594
v -0.225036 0.031383 -0.343293
v -0.227847 0.031383 -0.338386
v -0.229578 0.031383 -0.333061
v -0.230162 0.031383 -0.327523
v -0.229578 0.031383 -0.321985
v -0.227847 0.031383 -0.316660
v -0.225036 0.031383 -0.311753
v -0.221252 0.031383 -0.307452
v -0.216642 0.031383 -0.303922
v -0.211383 0.031383 -0.301299
v -0.205676 0.031383 -0.299683
v -0.194779 0.034154 -0.304243
v -0.199741 0.034154 -0.303787
v -0.190007 0.034154 -0.305594
v -0.185609 0.034154 -0.307787
v -0.181754 0.034154 -0.310739
v -0.178590 0.034154 -0.314336
v -0.176240 0.034154 -0.318440
v -0.174792 0.034154 -0.322892
v -0.174303 0.034154 -0.327523
v -0.174792 0.034154 -0.332154
v -0.176240 0.034154 -0.336606
v -0.178590 0.034154 -0.340710
v -0.181754 0.034154 -0.344307
v -0.185609 0.034154 -0.347259
v -0.190007 0.034154 -0.349452
v -0.194779 0.034154 -0.350803
v -0.199741 0.034154 -0.351259
v -0.204704 0.034154 -0.350803
v -0.209476 0.034154 -0.349452
v -0.213874 0.034154 -0.347259
v -0.217729 0.034154 -0.344307
v -0.220893 0.034154 -0.340710
v -0.223243 0.034154 -0.336606
v -0.224691 0.034154 -0.332154
v -0.225180 0.034154 -0.327523
v -0.224691 0.034154 -0.322892
v -0.223243 0.034154 -0.318440
v -0.220893 0.034154 -0.314336
v -0.217729 0.034154 -0.310739
v -0.213874 0.034154 -0.307787
v -0.209476 0.034154 -0.305594
v -0.204704 0.034154 -0.304243
v -0.199741 -0.031383 -0.298240
v -0.193619 -0.031383 -0.298803
v -0.187732 -0.031383 -0.300469
v -0.182306 -0.031383 -0.303175
v -0.177550 -0.031383 -0.306817
v -0.173648 -0.031383 -0.311255
v -0.170747 -0.031383 -0.316317
v -0.168962 -0.031383 -0.321810
v -0.168359 -0.031383 -0.327523
v -0.168962 -0.031383 -0.333236
v -0.170747 -0.031383 -0.338729
v -0.173648 -0.031383 -0.343792
v -0.177550 -0.031383 -0.348229
v -0.182306 -0.031383 -0.351871
v -0.187732 -0.031383 -0.354577
v -0.193619 -0.031383 -0.356243
v -0.199741 -0.031383 -0.356806
v -0.205864 -0.031383 -0.356243
v -0.211751 -0.031383 -0.354577
v -0.217177 -0.031383 -0.351871
v -0.221932 -0.031383 -0.348229
v -0.225835 -0.031383 -0.343792
v -0.228735 -0.031383 -0.338729
v -0.230521 -0.031383 -0.333236
v -0.231124 -0.031383 -0.327523
v -0.230521 -0.031383 -0.321810
v -0.228735 -0.031383 -0.316317
v -0.225835 -0.031383 -0.311254
v -0.221932 -0.031383 -0.306817
v -0.217177 -0.031383 -0.303175
v -0.211751 -0.031383 -0.300469
v -0.205864 -0.031383 -0.298803
v -0.199741 -0.097846 -0.316896
v -0.199624 -0.097846 -0.316906
v -0.198862 -0.097846 -0.317122
v -0.197503 -0.097846 -0.317800
v -0.195920 -0.097846 -0.319012
v -0.194434 -0.097846 -0.320702
v -0.193252 -0.097846 -0.322764
v -0.192499 -0.097846 -0.325080
v -0.192242 -0.097846 -0.327523
v -0.192499 -0.097846 -0.329966
v -0.193252 -0.097846 -0.332282
v -0.194434 -0.097846 -0.334344
v -0.195920 -0.097846 -0.336034
v -0.197503 -0.097846 -0.337246
v -0.198862 -0.097846 -0.337924
v -0.199624 -0.097846 -0.338140
v -0.199741 -0.097846 -0.338150
v -0.199859 -0.097846 -0.338140
v -0.200621 -0.097846 -0.337924
v -0.201980 -0.097846 -0.337246
v -0.203563 -0.097846 -0.336034
v -0.205049 -0.097846 -0.334344
v -0.206231 -0.097846 -0.332282
v -0.206983 -0.097846 -0.329966
v -0.207241 -0.097846 -0.327523
v -0.206983 -0.097846 -0.325080
v -0.206231 -0.097846 -0.322764
v -0.205049 -0.097846 -0.320702
v -0.203563 -0.097846 -0.319012
v -0.201980 -0.097846 -0.317800
v -0.200621 -0.097846 -0.317122
v -0.199859 -0.097846 -0.316906
v -0.206475 -0.023321 -0.356243
v -0.212363 -0.023321 -0.354577
v -0.217788 -0.023321 -0.351871
v -0.222544 -0.023321 -0.348229
v -0.226447 -0.023321 -0.343792
v -0.229347 -0.023321 -0.338729
v -0.231133 -0.023321 -0.333236
v -0.231736 -0.023321 -0.327523
v -0.231133 -0.023321 -0.321810
v -0.229347 -0.023321 -0.316317
v -0.226447 -0.023321 -0.311254
v -0.222544 -0.023321 -0.306817
v -0.217788 -0.023321 -0.303175
v -0.212362 -0.023321 -0.300469
v -0.206475 -0.031383 -0.356243
v -0.212363 -0.031383 -0.354577
v -0.217788 -0.031383 -0.351871
v -0.222544 -0.031383 -0.348229
v -0.226447 -0.031383 -0.343792
v -0.229347 -0.031383 -0.338729
v -0.231133 -0.031383 -0.333236
v -0.231736 -0.031383 -0.327523
v -0.231133 -0.031383 -0.321810
v -0.229347 -0.031383 -0.316317
v -0.226447 -0.031383 -0.311254
v -0.222544 -0.031383 -0.306817
v -0.217788 -0.031383 -0.303175
v -0.212362 -0.031383 -0.300469
v -0.168761 -0.021840 -0.223823
v -0.165983 0.006802 -0.223823
v -0.123422 0.011658 -0.231448
v -0.156281 0.006802 -0.207549
v -0.113721 0.011658 -0.215174
v -0.159060 -0.021840 -0.207549
v -0.186891 0.008477 -0.077718
v -0.185700 -0.009717 -0.078550
v -0.188436 -0.009128 -0.073212
v -0.189813 -0.002884 -0.070936
v -0.189373 0.005591 -0.071659
v -0.187090 0.006252 -0.083609
v -0.186633 -0.001375 -0.085658
v -0.186465 -0.008135 -0.083972
v -0.194068 -0.003913 -0.258969
v -0.197905 -0.004030 -0.265172
v -0.194093 -0.005127 -0.258931
v -0.197929 -0.005244 -0.265134
v -0.194303 -0.006306 -0.258779
v -0.198140 -0.006423 -0.264982
v -0.194691 -0.007406 -0.258518
v -0.198528 -0.007523 -0.264721
v -0.195242 -0.008384 -0.258159
v -0.199079 -0.008501 -0.264362
v -0.195935 -0.009204 -0.257715
v -0.199771 -0.009320 -0.263918
v -0.196743 -0.009832 -0.257203
v -0.200579 -0.009949 -0.263406
v -0.197635 -0.010246 -0.256644
v -0.201471 -0.010363 -0.262847
v -0.198576 -0.010429 -0.256058
v -0.202413 -0.010546 -0.262261
v -0.199532 -0.010374 -0.255468
v -0.203368 -0.010491 -0.261671
v -0.200464 -0.010084 -0.254897
v -0.204301 -0.010201 -0.261100
v -0.201337 -0.009569 -0.254366
v -0.205174 -0.009686 -0.260569
v -0.202118 -0.008849 -0.253897
v -0.205955 -0.008966 -0.260100
v -0.202777 -0.007952 -0.253506
v -0.206613 -0.008069 -0.259709
v -0.203287 -0.006913 -0.253210
v -0.207124 -0.007030 -0.259413
v -0.203631 -0.005771 -0.253019
v -0.207467 -0.005888 -0.259222
v -0.203793 -0.004571 -0.252941
v -0.207630 -0.004688 -0.259144
v -0.203769 -0.003357 -0.252979
v -0.207606 -0.003474 -0.259182
v -0.203559 -0.002178 -0.253132
v -0.207395 -0.002295 -0.259334
v -0.203171 -0.001078 -0.253392
v -0.207007 -0.001195 -0.259595
v -0.202620 -0.000100 -0.253752
v -0.206456 -0.000217 -0.259954
v -0.201927 0.000720 -0.254196
v -0.205764 0.000603 -0.260398
v -0.201119 0.001348 -0.254707
v -0.204956 0.001231 -0.260910
v -0.200227 0.001762 -0.255267
v -0.204064 0.001645 -0.261469
v -0.199285 0.001945 -0.255853
v -0.203122 0.001828 -0.262055
v -0.198330 0.001890 -0.256443
v -0.202167 0.001773 -0.262645
v -0.197398 0.001600 -0.257014
v -0.201234 0.001483 -0.263216
v -0.196524 0.001085 -0.257544
v -0.200361 0.000968 -0.263747
v -0.195743 0.000365 -0.258014
v -0.199580 0.000248 -0.264216
v -0.195085 -0.000532 -0.258404
v -0.198921 -0.000648 -0.264607
v -0.194574 -0.001571 -0.258700
v -0.198411 -0.001688 -0.264903
v -0.194231 -0.002713 -0.258891
v -0.198068 -0.002830 -0.265094
v -0.176884 -0.003739 -0.237600
v -0.195103 -0.004294 -0.267055
v -0.176913 -0.004912 -0.237560
v -0.195132 -0.005467 -0.267015
v -0.177132 -0.006052 -0.237403
v -0.195351 -0.006608 -0.266857
v -0.177533 -0.007117 -0.237135
v -0.195752 -0.007672 -0.266589
v -0.178101 -0.008065 -0.236766
v -0.196320 -0.008620 -0.266220
v -0.178813 -0.008859 -0.236310
v -0.197032 -0.009415 -0.265765
v -0.179643 -0.009470 -0.235786
v -0.197862 -0.010025 -0.265240
v -0.180558 -0.009873 -0.235212
v -0.198777 -0.010429 -0.264666
v -0.181524 -0.010054 -0.234611
v -0.199742 -0.010609 -0.264066
v -0.182502 -0.010005 -0.234007
v -0.200721 -0.010560 -0.263462
v -0.183456 -0.009728 -0.233422
v -0.201675 -0.010283 -0.262877
v -0.184349 -0.009234 -0.232879
v -0.202568 -0.009789 -0.262334
v -0.185147 -0.008541 -0.232399
v -0.203365 -0.009096 -0.261853
v -0.185818 -0.007677 -0.232000
v -0.204037 -0.008232 -0.261454
v -0.186338 -0.006675 -0.231697
v -0.204556 -0.007230 -0.261152
v -0.186686 -0.005572 -0.231503
v -0.204904 -0.006128 -0.260958
v -0.186848 -0.004413 -0.231424
v -0.205067 -0.004968 -0.260879
v -0.186819 -0.003240 -0.231464
v -0.205038 -0.003795 -0.260919
v -0.186600 -0.002099 -0.231621
v -0.204819 -0.002654 -0.261076
v -0.186199 -0.001035 -0.231890
v -0.204418 -0.001590 -0.261344
v -0.185631 -0.000087 -0.232259
v -0.203850 -0.000642 -0.261713
v -0.184919 0.000708 -0.232714
v -0.203138 0.000153 -0.262169
v -0.184089 0.001318 -0.233239
v -0.202308 0.000763 -0.262693
v -0.183174 0.001722 -0.233812
v -0.201393 0.001167 -0.263267
v -0.182209 0.001902 -0.234413
v -0.200427 0.001347 -0.263867
v -0.181230 0.001853 -0.235017
v -0.199449 0.001298 -0.264472
v -0.180276 0.001576 -0.235602
v -0.198495 0.001021 -0.265057
v -0.179383 0.001082 -0.236145
v -0.197602 0.000527 -0.265600
v -0.178586 0.000389 -0.236625
v -0.196804 -0.000166 -0.266080
v -0.177914 -0.000475 -0.237025
v -0.196133 -0.001030 -0.266479
v -0.177395 -0.001477 -0.237327
v -0.195613 -0.002032 -0.266782
v -0.177047 -0.002579 -0.237521
v -0.195265 -0.003134 -0.266976
v -0.171548 -0.003966 -0.240579
v -0.175385 -0.004083 -0.246781
v -0.171572 -0.005180 -0.240541
v -0.175409 -0.005297 -0.246743
v -0.171782 -0.006359 -0.240388
v -0.175619 -0.006476 -0.246591
v -0.172170 -0.007459 -0.240128
v -0.176007 -0.007576 -0.246330
v -0.172721 -0.008437 -0.239768
v -0.176558 -0.008554 -0.245971
v -0.173414 -0.009257 -0.239325
v -0.177251 -0.009373 -0.245527
v -0.174222 -0.009885 -0.238813
v -0.178059 -0.010002 -0.245016
v -0.175114 -0.010299 -0.238253
v -0.178951 -0.010416 -0.244456
v -0.176056 -0.010482 -0.237667
v -0.179892 -0.010599 -0.243870
v -0.177011 -0.010427 -0.237078
v -0.180848 -0.010544 -0.243280
v -0.177944 -0.010137 -0.236506
v -0.181780 -0.010253 -0.242709
v -0.178817 -0.009622 -0.235976
v -0.182654 -0.009739 -0.242178
v -0.179598 -0.008902 -0.235506
v -0.183435 -0.009019 -0.241709
v -0.180256 -0.008005 -0.235116
v -0.184093 -0.008122 -0.241319
v -0.180767 -0.006966 -0.234820
v -0.184604 -0.007083 -0.241022
v -0.181110 -0.005824 -0.234629
v -0.184947 -0.005941 -0.240832
v -0.181273 -0.004624 -0.234551
v -0.185109 -0.004741 -0.240754
v -0.181249 -0.003410 -0.234589
v -0.185085 -0.003527 -0.240792
v -0.181038 -0.002231 -0.234741
v -0.184875 -0.002348 -0.240944
v -0.180650 -0.001131 -0.235002
v -0.184487 -0.001248 -0.241205
v -0.180099 -0.000153 -0.235361
v -0.183936 -0.000270 -0.241564
v -0.179407 0.000667 -0.235805
v -0.183243 0.000550 -0.242008
v -0.178599 0.001295 -0.236317
v -0.182435 0.001178 -0.242519
v -0.177707 0.001709 -0.236876
v -0.181543 0.001592 -0.243079
v -0.176765 0.001892 -0.237462
v -0.180602 0.001775 -0.243665
v -0.175809 0.001837 -0.238052
v -0.179646 0.001720 -0.244255
v -0.174877 0.001547 -0.238623
v -0.178714 0.001430 -0.244826
v -0.174004 0.001032 -0.239154
v -0.177840 0.000915 -0.245356
v -0.173223 0.000312 -0.239623
v -0.177059 0.000195 -0.245826
v -0.172564 -0.000585 -0.240014
v -0.176401 -0.000701 -0.246216
v -0.172054 -0.001624 -0.240310
v -0.175890 -0.001741 -0.246513
v -0.171711 -0.002766 -0.240501
v -0.175547 -0.002883 -0.246703
v -0.184072 -0.004710 -0.264989
v -0.187908 -0.004827 -0.271191
v -0.184096 -0.005923 -0.264951
v -0.187933 -0.006040 -0.271153
v -0.184306 -0.007103 -0.264798
v -0.188143 -0.007220 -0.271001
v -0.184694 -0.008203 -0.264538
v -0.188531 -0.008320 -0.270740
v -0.185245 -0.009181 -0.264178
v -0.189082 -0.009298 -0.270381
v -0.185938 -0.010000 -0.263735
v -0.189775 -0.010117 -0.269937
v -0.186746 -0.010629 -0.263223
v -0.190583 -0.010746 -0.269426
v -0.187638 -0.011042 -0.262663
v -0.191475 -0.011159 -0.268866
v -0.188580 -0.011225 -0.262078
v -0.192416 -0.011342 -0.268280
v -0.189535 -0.011171 -0.261488
v -0.193372 -0.011288 -0.267690
v -0.190467 -0.010880 -0.260916
v -0.194304 -0.010997 -0.267119
v -0.191341 -0.010365 -0.260386
v -0.195178 -0.010482 -0.266589
v -0.192122 -0.009646 -0.259916
v -0.195958 -0.009763 -0.266119
v -0.192780 -0.008749 -0.259526
v -0.196617 -0.008866 -0.265729
v -0.193291 -0.007710 -0.259230
v -0.197127 -0.007827 -0.265432
v -0.193634 -0.006568 -0.259039
v -0.197471 -0.006685 -0.265242
v -0.193797 -0.005367 -0.258961
v -0.197633 -0.005484 -0.265164
v -0.193772 -0.004154 -0.258999
v -0.197609 -0.004271 -0.265202
v -0.193562 -0.002975 -0.259151
v -0.197399 -0.003092 -0.265354
v -0.193174 -0.001875 -0.259412
v -0.197011 -0.001992 -0.265615
v -0.192623 -0.000896 -0.259771
v -0.196460 -0.001013 -0.265974
v -0.191930 -0.000077 -0.260215
v -0.195767 -0.000194 -0.266418
v -0.191123 0.000551 -0.260727
v -0.194959 0.000435 -0.266929
v -0.190231 0.000965 -0.261286
v -0.194067 0.000848 -0.267489
v -0.189289 0.001148 -0.261872
v -0.193125 0.001031 -0.268075
v -0.188333 0.001093 -0.262462
v -0.192170 0.000976 -0.268665
v -0.187401 0.000803 -0.263033
v -0.191238 0.000686 -0.269236
v -0.186528 0.000288 -0.263564
v -0.190364 0.000171 -0.269767
v -0.185747 -0.000432 -0.264033
v -0.189583 -0.000548 -0.270236
v -0.185088 -0.001328 -0.264424
v -0.188925 -0.001445 -0.270626
v -0.184578 -0.002367 -0.264720
v -0.188414 -0.002484 -0.270923
v -0.184234 -0.003509 -0.264911
v -0.188071 -0.003626 -0.271113
v -0.179145 -0.003966 -0.236114
v -0.182981 -0.004083 -0.242317
v -0.179169 -0.005180 -0.236076
v -0.183006 -0.005297 -0.242279
v -0.179379 -0.006359 -0.235924
v -0.183216 -0.006476 -0.242127
v -0.179767 -0.007459 -0.235663
v -0.183604 -0.007576 -0.241866
v -0.180318 -0.008437 -0.235304
v -0.184155 -0.008554 -0.241507
v -0.181011 -0.009257 -0.234860
v -0.184847 -0.009373 -0.241063
v -0.181819 -0.009885 -0.234349
v -0.185655 -0.010002 -0.240551
v -0.182711 -0.010299 -0.233789
v -0.186547 -0.010416 -0.239992
v -0.183653 -0.010482 -0.233203
v -0.187489 -0.010599 -0.239406
v -0.184608 -0.010427 -0.232613
v -0.188445 -0.010544 -0.238816
v -0.185540 -0.010137 -0.232042
v -0.189377 -0.010253 -0.238245
v -0.186414 -0.009622 -0.231511
v -0.190250 -0.009739 -0.237714
v -0.187195 -0.008902 -0.231042
v -0.191031 -0.009019 -0.237245
v -0.187853 -0.008005 -0.230652
v -0.191690 -0.008122 -0.236854
v -0.188364 -0.006966 -0.230355
v -0.192200 -0.007083 -0.236558
v -0.188707 -0.005824 -0.230165
v -0.192543 -0.005941 -0.236367
v -0.188869 -0.004624 -0.230087
v -0.192706 -0.004741 -0.236289
v -0.188845 -0.003410 -0.230124
v -0.192682 -0.003527 -0.236327
v -0.188635 -0.002231 -0.230277
v -0.192472 -0.002348 -0.236479
v -0.188247 -0.001131 -0.230537
v -0.192084 -0.001248 -0.236740
v -0.187696 -0.000153 -0.230897
v -0.191533 -0.000270 -0.237099
v -0.187003 0.000667 -0.231341
v -0.190840 0.000550 -0.237543
v -0.186195 0.001295 -0.231852
v -0.190032 0.001178 -0.238055
v -0.185303 0.001709 -0.232412
v -0.189140 0.001592 -0.238614
v -0.184362 0.001892 -0.232998
v -0.188198 0.001775 -0.239200
v -0.183406 0.001837 -0.233588
v -0.187243 0.001720 -0.239790
v -0.182474 0.001547 -0.234159
v -0.186310 0.001430 -0.240362
v -0.181600 0.001032 -0.234689
v -0.185437 0.000915 -0.240892
v -0.180819 0.000312 -0.235159
v -0.184656 0.000195 -0.241362
v -0.180161 -0.000585 -0.235549
v -0.183998 -0.000701 -0.241752
v -0.179650 -0.001624 -0.235845
v -0.183487 -0.001741 -0.242048
v -0.179307 -0.002766 -0.236036
v -0.183144 -0.002883 -0.242239
v -0.201287 0.031871 -0.325319
v -0.201287 0.039731 -0.325319
v -0.200587 0.031871 -0.324998
v -0.200587 0.039731 -0.324998
v -0.199837 0.031871 -0.324819
v -0.199837 0.039731 -0.324819
v -0.199068 0.031871 -0.324791
v -0.199068 0.039731 -0.324791
v -0.198307 0.031871 -0.324913
v -0.198307 0.039731 -0.324913
v -0.197585 0.031871 -0.325181
v -0.197585 0.039731 -0.325181
v -0.196928 0.031871 -0.325584
v -0.196928 0.039731 -0.325584
v -0.196364 0.031871 -0.326108
v -0.196364 0.039731 -0.326108
v -0.195912 0.031871 -0.326733
v -0.195912 0.039731 -0.326733
v -0.195591 0.031871 -0.327433
v -0.195591 0.039731 -0.327433
v -0.195412 0.031871 -0.328182
v -0.195412 0.039731 -0.328182
v -0.195384 0.031871 -0.328952
v -0.195384 0.039731 -0.328952
v -0.195505 0.031871 -0.329713
v -0.195505 0.039731 -0.329713
v -0.195773 0.031871 -0.330435
v -0.195773 0.039731 -0.330435
v -0.196177 0.031871 -0.331091
v -0.196177 0.039731 -0.331091
v -0.196701 0.031871 -0.331656
v -0.196701 0.039731 -0.331656
v -0.197325 0.031871 -0.332108
v -0.197325 0.039731 -0.332108
v -0.198026 0.031871 -0.332429
v -0.198026 0.039731 -0.332429
v -0.198775 0.031871 -0.332607
v -0.198775 0.039731 -0.332607
v -0.199545 0.031871 -0.332636
v -0.199545 0.039731 -0.332636
v -0.200306 0.031871 -0.332514
v -0.200306 0.039731 -0.332514
v -0.201028 0.031871 -0.332246
v -0.201028 0.039731 -0.332246
v -0.201684 0.031871 -0.331842
v -0.201684 0.039731 -0.331842
v -0.202249 0.031871 -0.331318
v -0.202249 0.039731 -0.331318
v -0.202700 0.031871 -0.330694
v -0.202700 0.039731 -0.330694
v -0.203022 0.031871 -0.329994
v -0.203022 0.039731 -0.329994
v -0.203200 0.031871 -0.329245
v -0.203200 0.039731 -0.329245
v -0.203229 0.031871 -0.328475
v -0.203229 0.039731 -0.328475
v -0.203107 0.031871 -0.327714
v -0.203107 0.039731 -0.327714
v -0.202839 0.031871 -0.326992
v -0.202839 0.039731 -0.326992
v -0.202435 0.031871 -0.326336
v -0.202435 0.039731 -0.326336
v -0.201911 0.031871 -0.325771
v -0.201911 0.039731 -0.325771
v 0.389437 -0.020056 -0.354824
v 0.383550 -0.020056 -0.356490
v 0.377427 -0.020056 -0.357053
v 0.371305 -0.020056 -0.356490
v 0.365417 -0.020056 -0.354824
v 0.359992 -0.020056 -0.352118
v 0.355236 -0.020056 -0.348476
v 0.351333 -0.020056 -0.344039
v 0.348433 -0.020056 -0.338976
v 0.346647 -0.020056 -0.333483
v 0.346044 -0.020056 -0.327770
v 0.346647 -0.020056 -0.322058
v 0.389437 -0.028118 -0.354824
v 0.383550 -0.028118 -0.356490
v 0.377427 -0.028118 -0.357053
v 0.371305 -0.028118 -0.356490
v 0.365417 -0.028118 -0.354824
v 0.359992 -0.028118 -0.352118
v 0.355236 -0.028118 -0.348476
v 0.351333 -0.028118 -0.344039
v 0.348433 -0.028118 -0.338976
v 0.346647 -0.028118 -0.333483
v 0.346044 -0.028118 -0.327770
v 0.346647 -0.028118 -0.322058
v 0.306591 -0.003913 -0.253269
v 0.309801 -0.004030 -0.259818
v 0.306546 -0.005127 -0.253270
v 0.309756 -0.005244 -0.259819
v 0.306305 -0.006306 -0.253366
v 0.309515 -0.006423 -0.259916
v 0.305878 -0.007406 -0.253556
v 0.309088 -0.007523 -0.260105
v 0.305281 -0.008384 -0.253832
v 0.308491 -0.008501 -0.260381
v 0.304536 -0.009204 -0.254182
v 0.307746 -0.009320 -0.260731
v 0.303673 -0.009832 -0.254594
v 0.306883 -0.009949 -0.261143
v 0.302725 -0.010246 -0.255051
v 0.305935 -0.010363 -0.261600
v 0.301728 -0.010429 -0.255537
v 0.304938 -0.010546 -0.262086
v 0.300720 -0.010374 -0.256032
v 0.303930 -0.010491 -0.262581
v 0.299740 -0.010084 -0.256517
v 0.302950 -0.010201 -0.263066
v 0.298826 -0.009569 -0.256974
v 0.302036 -0.009686 -0.263523
v 0.298013 -0.008849 -0.257385
v 0.301223 -0.008966 -0.263934
v 0.297332 -0.007952 -0.257735
v 0.300542 -0.008069 -0.264284
v 0.296810 -0.006913 -0.258010
v 0.300019 -0.007030 -0.264559
v 0.296465 -0.005771 -0.258199
v 0.299675 -0.005888 -0.264748
v 0.296313 -0.004571 -0.258295
v 0.299523 -0.004688 -0.264844
v 0.296358 -0.003357 -0.258295
v 0.299568 -0.003474 -0.264844
v 0.296599 -0.002178 -0.258198
v 0.299809 -0.002295 -0.264747
v 0.297026 -0.001078 -0.258008
v 0.300236 -0.001195 -0.264557
v 0.297623 -0.000100 -0.257733
v 0.300833 -0.000217 -0.264282
v 0.298368 0.000720 -0.257382
v 0.301578 0.000603 -0.263931
v 0.299231 0.001348 -0.256971
v 0.302441 0.001231 -0.263520
v 0.300179 0.001762 -0.256513
v 0.303389 0.001645 -0.263062
v 0.301176 0.001945 -0.256028
v 0.304386 0.001828 -0.262577
v 0.302184 0.001890 -0.255533
v 0.305394 0.001773 -0.262082
v 0.303164 0.001600 -0.255047
v 0.306374 0.001483 -0.261596
v 0.304078 0.001085 -0.254590
v 0.307288 0.000968 -0.261139
v 0.304891 0.000365 -0.254179
v 0.308101 0.000248 -0.260728
v 0.305572 -0.000532 -0.253829
v 0.308782 -0.000648 -0.260378
v 0.306095 -0.001571 -0.253554
v 0.309304 -0.001688 -0.260103
v 0.306439 -0.002713 -0.253365
v 0.309649 -0.002830 -0.259914
v 0.303005 -0.003966 -0.224416
v 0.306215 -0.004083 -0.230965
v 0.302960 -0.005180 -0.224416
v 0.306170 -0.005297 -0.230965
v 0.302720 -0.006359 -0.224513
v 0.305929 -0.006476 -0.231062
v 0.302292 -0.007459 -0.224703
v 0.305502 -0.007576 -0.231252
v 0.301695 -0.008437 -0.224978
v 0.304905 -0.008554 -0.231527
v 0.300950 -0.009257 -0.225328
v 0.304160 -0.009373 -0.231877
v 0.300087 -0.009885 -0.225740
v 0.303297 -0.010002 -0.232289
v 0.299139 -0.010299 -0.226198
v 0.302349 -0.010416 -0.232747
v 0.298142 -0.010482 -0.226683
v 0.301352 -0.010599 -0.233232
v 0.297134 -0.010427 -0.227178
v 0.300344 -0.010544 -0.233727
v 0.296154 -0.010137 -0.227663
v 0.299364 -0.010253 -0.234213
v 0.295240 -0.009622 -0.228121
v 0.298450 -0.009739 -0.234670
v 0.294427 -0.008902 -0.228532
v 0.297637 -0.009019 -0.235081
v 0.293746 -0.008005 -0.228882
v 0.296956 -0.008122 -0.235431
v 0.293224 -0.006966 -0.229156
v 0.296434 -0.007083 -0.235705
v 0.292880 -0.005824 -0.229345
v 0.296089 -0.005941 -0.235894
v 0.292727 -0.004624 -0.229442
v 0.295937 -0.004741 -0.235991
v 0.292772 -0.003410 -0.229441
v 0.295982 -0.003527 -0.235990
v 0.293013 -0.002231 -0.229344
v 0.296223 -0.002348 -0.235893
v 0.293440 -0.001131 -0.229154
v 0.296650 -0.001248 -0.235704
v 0.294037 -0.000153 -0.228879
v 0.297247 -0.000270 -0.235428
v 0.294782 0.000667 -0.228529
v 0.297992 0.000550 -0.235078
v 0.295645 0.001295 -0.228117
v 0.298855 0.001178 -0.234666
v 0.296593 0.001709 -0.227660
v 0.299803 0.001592 -0.234209
v 0.297591 0.001892 -0.227174
v 0.300800 0.001775 -0.233723
v 0.298598 0.001837 -0.226679
v 0.301808 0.001720 -0.233228
v 0.299578 0.001547 -0.226194
v 0.302788 0.001430 -0.232743
v 0.300492 0.001032 -0.225737
v 0.303702 0.000915 -0.232286
v 0.301305 0.000312 -0.225325
v 0.304515 0.000195 -0.231874
v 0.301986 -0.000585 -0.224976
v 0.305196 -0.000701 -0.231525
v 0.302509 -0.001624 -0.224701
v 0.305718 -0.001741 -0.231250
v 0.302853 -0.002766 -0.224512
v 0.306063 -0.002883 -0.231061
v 0.317007 -0.004710 -0.248009
v 0.320217 -0.004827 -0.254558
v 0.316962 -0.005923 -0.248009
v 0.320172 -0.006040 -0.254558
v 0.316722 -0.007103 -0.248106
v 0.319932 -0.007220 -0.254655
v 0.316294 -0.008203 -0.248296
v 0.319504 -0.008320 -0.254845
v 0.315697 -0.009181 -0.248571
v 0.318907 -0.009298 -0.255120
v 0.314953 -0.010000 -0.248922
v 0.318162 -0.010117 -0.255471
v 0.314090 -0.010629 -0.249333
v 0.317299 -0.010746 -0.255882
v 0.313141 -0.011042 -0.249791
v 0.316351 -0.011159 -0.256340
v 0.312144 -0.011225 -0.250276
v 0.315354 -0.011342 -0.256825
v 0.311136 -0.011171 -0.250771
v 0.314346 -0.011288 -0.257320
v 0.310156 -0.010880 -0.251257
v 0.313366 -0.010997 -0.257806
v 0.309242 -0.010365 -0.251714
v 0.312452 -0.010482 -0.258263
v 0.308429 -0.009646 -0.252125
v 0.311639 -0.009763 -0.258674
v 0.307748 -0.008749 -0.252475
v 0.310958 -0.008866 -0.259024
v 0.307226 -0.007710 -0.252750
v 0.310436 -0.007827 -0.259299
v 0.306882 -0.006568 -0.252939
v 0.310091 -0.006685 -0.259488
v 0.306729 -0.005367 -0.253035
v 0.309939 -0.005484 -0.259584
v 0.306774 -0.004154 -0.253034
v 0.309984 -0.004271 -0.259583
v 0.307015 -0.002975 -0.252937
v 0.310225 -0.003092 -0.259487
v 0.307442 -0.001875 -0.252748
v 0.310652 -0.001992 -0.259297
v 0.308039 -0.000896 -0.252472
v 0.311249 -0.001013 -0.259021
v 0.308784 -0.000077 -0.252122
v 0.311994 -0.000194 -0.258671
v 0.309647 0.000551 -0.251710
v 0.312857 0.000435 -0.258259
v 0.310595 0.000965 -0.251253
v 0.313805 0.000848 -0.257802
v 0.311593 0.001148 -0.250767
v 0.314803 0.001031 -0.257316
v 0.312601 0.001093 -0.250272
v 0.315810 0.000976 -0.256821
v 0.313580 0.000803 -0.249787
v 0.316790 0.000686 -0.256336
v 0.314494 0.000288 -0.249330
v 0.317704 0.000171 -0.255879
v 0.315307 -0.000432 -0.248919
v 0.318517 -0.000548 -0.255468
v 0.315988 -0.001328 -0.248569
v 0.319198 -0.001445 -0.255118
v 0.316511 -0.002367 -0.248294
v 0.319721 -0.002484 -0.254843
v 0.316855 -0.003509 -0.248105
v 0.320065 -0.003626 -0.254654
v 0.374512 0.031871 -0.327717
v 0.374512 0.039731 -0.327717
v 0.374779 0.031871 -0.326995
v 0.374779 0.039731 -0.326995
v 0.375182 0.031871 -0.326338
v 0.375182 0.039731 -0.326338
v 0.375706 0.031871 -0.325773
v 0.375706 0.039731 -0.325773
v 0.376329 0.031871 -0.325321
v 0.376329 0.039731 -0.325321
v 0.377029 0.031871 -0.324999
v 0.377029 0.039731 -0.324999
v 0.377779 0.031871 -0.324820
v 0.377779 0.039731 -0.324820
v 0.378549 0.031871 -0.324790
v 0.378549 0.039731 -0.324790
v 0.379309 0.031871 -0.324912
v 0.379309 0.039731 -0.324912
v 0.380032 0.031871 -0.325179
v 0.380032 0.039731 -0.325179
v 0.380688 0.031871 -0.325582
v 0.380688 0.039731 -0.325582
v 0.381254 0.031871 -0.326106
v 0.381254 0.039731 -0.326106
v 0.381706 0.031871 -0.326730
v 0.381706 0.039731 -0.326730
v 0.382028 0.031871 -0.327430
v 0.382028 0.039731 -0.327430
v 0.382207 0.031871 -0.328179
v 0.382207 0.039731 -0.328179
v 0.382236 0.031871 -0.328949
v 0.382236 0.039731 -0.328949
v 0.382115 0.031871 -0.329710
v 0.382115 0.039731 -0.329710
v 0.381847 0.031871 -0.330432
v 0.381847 0.039731 -0.330432
v 0.381444 0.031871 -0.331089
v 0.381444 0.039731 -0.331089
v 0.380921 0.031871 -0.331654
v 0.380921 0.039731 -0.331654
v 0.380297 0.031871 -0.332106
v 0.380297 0.039731 -0.332106
v 0.379597 0.031871 -0.332428
v 0.379597 0.039731 -0.332428
v 0.378848 0.031871 -0.332607
v 0.378848 0.039731 -0.332607
v 0.378078 0.031871 -0.332636
v 0.378078 0.039731 -0.332636
v 0.377317 0.031871 -0.332515
v 0.377317 0.039731 -0.332515
v 0.376595 0.031871 -0.332248
v 0.376595 0.039731 -0.332248
v 0.375938 0.031871 -0.331844
v 0.375938 0.039731 -0.331844
v 0.375373 0.031871 -0.331321
v 0.375373 0.039731 -0.331321
v 0.374921 0.031871 -0.330697
v 0.374921 0.039731 -0.330697
v 0.374599 0.031871 -0.329997
v 0.374599 0.039731 -0.329997
v 0.374420 0.031871 -0.329248
v 0.374420 0.039731 -0.329248
v 0.374390 0.031871 -0.328478
v 0.374390 0.039731 -0.328478
v 0.370224 0.040224 -0.333421
v 0.343420 0.040224 -0.449688
v 0.380466 0.038217 -0.335895
v 0.357197 0.038217 -0.450028
v 0.359399 0.040224 -0.352013
v 0.388041 0.038217 -0.351884
v 0.381366 0.038217 -0.343192
v 0.365021 0.040224 -0.342768
v 0.375345 0.040224 -0.334658
v 0.350321 0.040224 -0.449807
v 0.373720 0.040224 -0.351949
v 0.373193 0.040224 -0.342980
v 0.384214 0.040224 -0.323178
v 0.413251 0.040224 -0.207449
v 0.374021 0.038217 -0.320507
v 0.399483 0.038217 -0.206844
v 0.395395 0.040224 -0.304798
v 0.366756 0.038217 -0.304376
v 0.373262 0.038217 -0.313195
v 0.389596 0.040224 -0.313934
v 0.379117 0.040224 -0.321843
v 0.406353 0.040224 -0.207197
v 0.381075 0.040224 -0.304587
v 0.381429 0.040224 -0.313564
v 0.379491 0.040224 -0.339060
v 0.384542 0.040224 -0.319782
v 0.369251 0.040224 -0.336377
v 0.374303 0.040224 -0.317099
v 0.376937 0.040224 -0.327103
v 0.377657 0.040224 -0.327637
v 0.377568 0.040224 -0.328775
v 0.376546 0.040224 -0.329128
v 0.375974 0.040224 -0.328685
v 0.375845 0.040224 -0.327757
v 0.378424 0.040224 -0.320313
v 0.379311 0.040224 -0.320837
v 0.379104 0.040224 -0.321936
v 0.377981 0.040224 -0.322591
v 0.376817 0.040224 -0.321547
v 0.377490 0.040224 -0.320619
v 0.375834 0.040224 -0.333375
v 0.376434 0.040224 -0.334312
v 0.375296 0.040224 -0.335354
v 0.374145 0.040224 -0.334955
v 0.374520 0.040224 -0.333375
v 0.376937 0.039303 -0.327103
v 0.377657 0.039303 -0.327637
v 0.377568 0.039303 -0.328775
v 0.376546 0.039303 -0.329128
v 0.375974 0.039303 -0.328685
v 0.375845 0.039303 -0.327757
v 0.378424 0.039303 -0.320313
v 0.379311 0.039303 -0.320837
v 0.379104 0.039303 -0.321936
v 0.377981 0.039303 -0.322591
v 0.376817 0.039303 -0.321547
v 0.377490 0.039303 -0.320619
v 0.375834 0.039303 -0.333375
v 0.376434 0.039303 -0.334312
v 0.375296 0.039303 -0.335354
v 0.374145 0.039303 -0.334955
v 0.374520 0.039303 -0.333375
v 0.285942 -0.002902 -0.489527
v 0.286060 -0.007027 -0.489410
v 0.377542 -0.001843 -0.544146
v 0.377660 -0.005968 -0.544029
v 0.292868 -0.002489 -0.481903
v 0.292986 -0.006615 -0.481786
v 0.395526 -0.001344 -0.540966
v 0.395643 -0.005469 -0.540850
v 0.533691 -0.004367 -0.312781
v 0.533582 -0.000240 -0.312817
v 0.551334 -0.004833 -0.417963
v 0.551226 -0.000706 -0.418000
v 0.524069 -0.004653 -0.316470
v 0.523960 -0.000525 -0.316506
v 0.541840 -0.005118 -0.433569
v 0.541732 -0.000991 -0.433606
v 0.039286 0.000280 0.013574
v 0.039286 0.026903 0.010747
v 0.041934 0.000280 0.013313
v 0.041382 0.026903 0.010541
v 0.044480 0.000280 0.012541
v 0.043399 0.026903 0.009929
v 0.046827 0.000280 0.011286
v 0.045257 0.026903 0.008936
v 0.048884 0.000280 0.009598
v 0.046885 0.026903 0.007600
v 0.050572 0.000280 0.007541
v 0.048222 0.026903 0.005971
v 0.051827 0.000280 0.005195
v 0.049215 0.026903 0.004113
v 0.052599 0.000280 0.002648
v 0.049827 0.026903 0.002097
v 0.052860 0.000280 0.000000
v 0.050033 0.026903 0.000000
v 0.052599 0.000280 -0.002648
v 0.049827 0.026903 -0.002097
v 0.051827 0.000280 -0.005195
v 0.049215 0.026903 -0.004113
v 0.050572 0.000280 -0.007541
v 0.048222 0.026903 -0.005971
v 0.048884 0.000280 -0.009598
v 0.046885 0.026903 -0.007600
v 0.046827 0.000280 -0.011286
v 0.045257 0.026903 -0.008936
v 0.044480 0.000280 -0.012541
v 0.043399 0.026903 -0.009929
v 0.041934 0.000280 -0.013313
v 0.041382 0.026903 -0.010541
v 0.039286 0.000280 -0.013574
v 0.039286 0.026903 -0.010747
v 0.036638 0.000280 -0.013313
v 0.037189 0.026903 -0.010541
v 0.034091 0.000280 -0.012541
v 0.035173 0.026903 -0.009929
v 0.031744 0.000280 -0.011286
v 0.033315 0.026903 -0.008936
v 0.029687 0.000280 -0.009598
v 0.031686 0.026903 -0.007600
v 0.027999 0.000280 -0.007541
v 0.030350 0.026903 -0.005971
v 0.026745 0.000280 -0.005195
v 0.029356 0.026903 -0.004113
v 0.025972 0.000280 -0.002648
v 0.028745 0.026903 -0.002097
v 0.025712 0.000280 0.000000
v 0.028538 0.026903 0.000000
v 0.025972 0.000280 0.002648
v 0.028745 0.026903 0.002097
v 0.026745 0.000280 0.005195
v 0.029356 0.026903 0.004113
v 0.027999 0.000280 0.007541
v 0.030350 0.026903 0.005971
v 0.029687 0.000280 0.009598
v 0.031686 0.026903 0.007600
v 0.031744 0.000280 0.011286
v 0.033315 0.026903 0.008936
v 0.034091 0.000280 0.012541
v 0.035173 0.026903 0.009929
v 0.036638 0.000280 0.013313
v 0.037189 0.026903 0.010541
v 0.041731 0.027428 0.012294
v 0.039286 0.027428 0.012535
v 0.044083 0.027428 0.011581
v 0.046250 0.027428 0.010422
v 0.048149 0.027428 0.008864
v 0.049708 0.027428 0.006964
v 0.050866 0.027428 0.004797
v 0.051580 0.027428 0.002445
v 0.051821 0.027428 0.000000
v 0.051580 0.027428 -0.002445
v 0.050866 0.027428 -0.004797
v 0.049708 0.027428 -0.006964
v 0.048149 0.027428 -0.008864
v 0.046250 0.027428 -0.010422
v 0.044083 0.027428 -0.011581
v 0.041731 0.027428 -0.012294
v 0.039286 0.027428 -0.012535
v 0.036840 0.027428 -0.012294
v 0.034489 0.027428 -0.011581
v 0.032322 0.027428 -0.010422
v 0.030422 0.027428 -0.008864
v 0.028863 0.027428 -0.006964
v 0.027705 0.027428 -0.004797
v 0.026992 0.027428 -0.002445
v 0.026751 0.027428 0.000000
v 0.026992 0.027428 0.002445
v 0.027705 0.027428 0.004797
v 0.028863 0.027428 0.006964
v 0.030422 0.027428 0.008864
v 0.032322 0.027428 0.010422
v 0.034489 0.027428 0.011581
v 0.036840 0.027428 0.012294
v 0.064077 0.023521 0.001921
v 0.064077 0.026806 0.001572
v 0.064404 0.023521 0.001889
v 0.064336 0.026806 0.001546
v 0.064718 0.023521 0.001793
v 0.064584 0.026806 0.001471
v 0.065007 0.023521 0.001638
v 0.064814 0.026806 0.001348
v 0.084751 0.000280 0.009598
v 0.065015 0.026806 0.001184
v 0.086439 0.000280 0.007541
v 0.065180 0.026806 0.000983
v 0.087693 0.000280 0.005195
v 0.065302 0.026806 0.000753
v 0.088466 0.000280 0.002648
v 0.065378 0.026806 0.000504
v 0.088726 0.000280 0.000000
v 0.065403 0.026806 0.000246
v 0.088466 0.000280 -0.002648
v 0.065378 0.026806 0.000000
v 0.087693 0.000280 -0.005195
v 0.065302 0.026806 -0.000262
v 0.086439 0.000280 -0.007541
v 0.065180 0.026806 -0.000491
v 0.084751 0.000280 -0.009598
v 0.065015 0.026806 -0.000692
v 0.082694 0.000280 -0.011286
v 0.064814 0.026806 -0.000857
v 0.080347 0.000280 -0.012541
v 0.064584 0.026806 -0.000980
v 0.064404 0.023521 -0.001397
v 0.064336 0.026806 -0.001055
v 0.064077 0.023521 -0.001429
v 0.064077 0.026806 -0.001081
v 0.063750 0.023521 -0.001397
v 0.063818 0.026806 -0.001055
v 0.063436 0.023521 -0.001302
v 0.063569 0.026806 -0.000980
v 0.063146 0.023521 -0.001147
v 0.063340 0.026806 -0.000857
v 0.062892 0.023521 -0.000939
v 0.063139 0.026806 -0.000692
v 0.062684 0.023521 -0.000685
v 0.062974 0.026806 -0.000491
v 0.062529 0.023521 -0.000395
v 0.062852 0.026806 -0.000262
v 0.062434 0.023521 -0.000081
v 0.062776 0.026806 0.000000
v 0.062402 0.023521 0.000246
v 0.062751 0.026806 0.000246
v 0.062434 0.023521 0.000573
v 0.062776 0.026806 0.000504
v 0.062529 0.023521 0.000887
v 0.062852 0.026806 0.000753
v 0.062684 0.023521 0.001176
v 0.062974 0.026806 0.000983
v 0.062892 0.023521 0.001430
v 0.063139 0.026806 0.001184
v 0.063146 0.023521 0.001638
v 0.063340 0.026806 0.001348
v 0.063436 0.023521 0.001793
v 0.063569 0.026806 0.001471
v 0.063750 0.023521 0.001889
v 0.063818 0.026806 0.001546
v 0.064379 0.026871 0.001763
v 0.064077 0.026871 0.001793
v 0.064669 0.026871 0.001675
v 0.064936 0.026871 0.001532
v 0.065171 0.026871 0.001339
v 0.065363 0.026871 0.001105
v 0.065506 0.026871 0.000838
v 0.065594 0.026871 0.000548
v 0.065624 0.026871 0.000246
v 0.065594 0.026871 -0.000056
v 0.065506 0.026871 -0.000346
v 0.065363 0.026871 -0.000614
v 0.065171 0.026871 -0.000848
v 0.064936 0.026871 -0.001040
v 0.064669 0.026871 -0.001183
v 0.064379 0.026871 -0.001271
v 0.064077 0.026871 -0.001301
v 0.063775 0.026871 -0.001271
v 0.063485 0.026871 -0.001183
v 0.063218 0.026871 -0.001040
v 0.062983 0.026871 -0.000848
v 0.062791 0.026871 -0.000614
v 0.062648 0.026871 -0.000346
v 0.062560 0.026871 -0.000056
v 0.062530 0.026871 0.000246
v 0.062560 0.026871 0.000548
v 0.062648 0.026871 0.000838
v 0.062791 0.026871 0.001105
v 0.062983 0.026871 0.001339
v 0.063218 0.026871 0.001532
v 0.063485 0.026871 0.001675
v 0.063775 0.026871 0.001763
v 0.069705 0.023521 0.001921
v 0.069705 0.026806 0.001572
v 0.070032 0.023521 0.001889
v 0.069964 0.026806 0.001546
v 0.070346 0.023521 0.001793
v 0.070213 0.026806 0.001471
v 0.070636 0.023521 0.001638
v 0.070442 0.026806 0.001348
v 0.070643 0.026806 0.001184
v 0.070808 0.026806 0.000983
v 0.070931 0.026806 0.000753
v 0.071006 0.026806 0.000504
v 0.071032 0.026806 0.000246
v 0.071006 0.026806 0.000000
v 0.070931 0.026806 -0.000262
v 0.070808 0.026806 -0.000491
v 0.070643 0.026806 -0.000692
v 0.070442 0.026806 -0.000857
v 0.070213 0.026806 -0.000980
v 0.070032 0.023521 -0.001397
v 0.069964 0.026806 -0.001055
v 0.069705 0.023521 -0.001429
v 0.069705 0.026806 -0.001081
v 0.069379 0.023521 -0.001397
v 0.069447 0.026806 -0.001055
v 0.069064 0.023521 -0.001302
v 0.069198 0.026806 -0.000980
v 0.068775 0.023521 -0.001147
v 0.068969 0.026806 -0.000857
v 0.068521 0.023521 -0.000939
v 0.068768 0.026806 -0.000692
v 0.068313 0.023521 -0.000685
v 0.068603 0.026806 -0.000491
v 0.068158 0.023521 -0.000395
v 0.068480 0.026806 -0.000262
v 0.068062 0.023521 -0.000081
v 0.068405 0.026806 0.000000
v 0.068030 0.023521 0.000246
v 0.068379 0.026806 0.000246
v 0.068062 0.023521 0.000573
v 0.068405 0.026806 0.000504
v 0.068158 0.023521 0.000887
v 0.068480 0.026806 0.000753
v 0.068313 0.023521 0.001176
v 0.068603 0.026806 0.000983
v 0.068521 0.023521 0.001430
v 0.068768 0.026806 0.001184
v 0.068775 0.023521 0.001638
v 0.068969 0.026806 0.001348
v 0.069064 0.023521 0.001793
v 0.069198 0.026806 0.001471
v 0.069379 0.023521 0.001889
v 0.069447 0.026806 0.001546
v 0.070007 0.026871 0.001763
v 0.069705 0.026871 0.001793
v 0.070297 0.026871 0.001675
v 0.070565 0.026871 0.001532
v 0.070799 0.026871 0.001339
v 0.070991 0.026871 0.001105
v 0.071134 0.026871 0.000838
v 0.071222 0.026871 0.000548
v 0.071252 0.026871 0.000246
v 0.071222 0.026871 -0.000056
v 0.071134 0.026871 -0.000346
v 0.070991 0.026871 -0.000614
v 0.070799 0.026871 -0.000848
v 0.070565 0.026871 -0.001040
v 0.070297 0.026871 -0.001183
v 0.070007 0.026871 -0.001271
v 0.069705 0.026871 -0.001301
v 0.069404 0.026871 -0.001271
v 0.069113 0.026871 -0.001183
v 0.068846 0.026871 -0.001040
v 0.068612 0.026871 -0.000848
v 0.068419 0.026871 -0.000614
v 0.068276 0.026871 -0.000346
v 0.068188 0.026871 -0.000056
v 0.068159 0.026871 0.000246
v 0.068188 0.026871 0.000548
v 0.068276 0.026871 0.000838
v 0.068419 0.026871 0.001105
v 0.068612 0.026871 0.001339
v 0.068846 0.026871 0.001532
v 0.069113 0.026871 0.001675
v 0.069404 0.026871 0.001763
v 0.075498 0.023521 0.001921
v 0.075498 0.026806 0.001572
v 0.075824 0.023521 0.001889
v 0.075756 0.026806 0.001546
v 0.076139 0.023521 0.001793
v 0.076005 0.026806 0.001471
v 0.076428 0.023521 0.001638
v 0.076234 0.026806 0.001348
v 0.076435 0.026806 0.001184
v 0.076600 0.026806 0.000983
v 0.076723 0.026806 0.000753
v 0.076798 0.026806 0.000504
v 0.076824 0.026806 0.000246
v 0.076798 0.026806 0.000000
v 0.076723 0.026806 -0.000262
v 0.076600 0.026806 -0.000491
v 0.076435 0.026806 -0.000692
v 0.076234 0.026806 -0.000857
v 0.076005 0.026806 -0.000980
v 0.075824 0.023521 -0.001397
v 0.075756 0.026806 -0.001055
v 0.075498 0.023521 -0.001429
v 0.075498 0.026806 -0.001081
v 0.075171 0.023521 -0.001397
v 0.075239 0.026806 -0.001055
v 0.074857 0.023521 -0.001302
v 0.074990 0.026806 -0.000980
v 0.074567 0.023521 -0.001147
v 0.074761 0.026806 -0.000857
v 0.074313 0.023521 -0.000939
v 0.074560 0.026806 -0.000692
v 0.074105 0.023521 -0.000685
v 0.074395 0.026806 -0.000491
v 0.073950 0.023521 -0.000395
v 0.074272 0.026806 -0.000262
v 0.073855 0.023521 -0.000081
v 0.074197 0.026806 0.000000
v 0.073823 0.023521 0.000246
v 0.074171 0.026806 0.000246
v 0.073855 0.023521 0.000573
v 0.074197 0.026806 0.000504
v 0.073950 0.023521 0.000887
v 0.074272 0.026806 0.000753
v 0.074105 0.023521 0.001176
v 0.074395 0.026806 0.000983
v 0.074313 0.023521 0.001430
v 0.074560 0.026806 0.001184
v 0.074567 0.023521 0.001638
v 0.074761 0.026806 0.001348
v 0.074857 0.023521 0.001793
v 0.074990 0.026806 0.001471
v 0.075171 0.023521 0.001889
v 0.075239 0.026806 0.001546
v 0.075799 0.026871 0.001763
v 0.075498 0.026871 0.001793
v 0.076090 0.026871 0.001675
v 0.076357 0.026871 0.001532
v 0.076591 0.026871 0.001339
v 0.076784 0.026871 0.001105
v 0.076927 0.026871 0.000838
v 0.077015 0.026871 0.000548
v 0.077044 0.026871 0.000246
v 0.077015 0.026871 -0.000056
v 0.076927 0.026871 -0.000346
v 0.076784 0.026871 -0.000614
v 0.076591 0.026871 -0.000848
v 0.076357 0.026871 -0.001040
v 0.076090 0.026871 -0.001183
v 0.075799 0.026871 -0.001271
v 0.075498 0.026871 -0.001301
v 0.075196 0.026871 -0.001271
v 0.074906 0.026871 -0.001183
v 0.074638 0.026871 -0.001040
v 0.074404 0.026871 -0.000848
v 0.074211 0.026871 -0.000614
v 0.074069 0.026871 -0.000346
v 0.073981 0.026871 -0.000056
v 0.073951 0.026871 0.000246
v 0.073981 0.026871 0.000548
v 0.074069 0.026871 0.000838
v 0.074211 0.026871 0.001105
v 0.074404 0.026871 0.001339
v 0.074638 0.026871 0.001532
v 0.074906 0.026871 0.001675
v 0.075196 0.026871 0.001763
v 0.081747 0.023521 0.001921
v 0.081747 0.026806 0.001572
v 0.082074 0.023521 0.001889
v 0.082006 0.026806 0.001546
v 0.082388 0.023521 0.001793
v 0.082255 0.026806 0.001471
v 0.082678 0.023521 0.001638
v 0.082484 0.026806 0.001348
v 0.082685 0.026806 0.001184
v 0.082850 0.026806 0.000983
v 0.082972 0.026806 0.000753
v 0.083048 0.026806 0.000504
v 0.083073 0.026806 0.000246
v 0.083048 0.026806 0.000000
v 0.082972 0.026806 -0.000262
v 0.082850 0.026806 -0.000491
v 0.082685 0.026806 -0.000692
v 0.082484 0.026806 -0.000857
v 0.082255 0.026806 -0.000980
v 0.082074 0.023521 -0.001397
v 0.082006 0.026806 -0.001055
v 0.081747 0.023521 -0.001429
v 0.081747 0.026806 -0.001081
v 0.081420 0.023521 -0.001397
v 0.081488 0.026806 -0.001055
v 0.081106 0.023521 -0.001302
v 0.081239 0.026806 -0.000980
v 0.080816 0.023521 -0.001147
v 0.081010 0.026806 -0.000857
v 0.080563 0.023521 -0.000939
v 0.080809 0.026806 -0.000692
v 0.080354 0.023521 -0.000685
v 0.080644 0.026806 -0.000491
v 0.080199 0.023521 -0.000395
v 0.080522 0.026806 -0.000262
v 0.080104 0.023521 -0.000081
v 0.080446 0.026806 0.000000
v 0.080072 0.023521 0.000246
v 0.080421 0.026806 0.000246
v 0.080104 0.023521 0.000573
v 0.080446 0.026806 0.000504
v 0.080199 0.023521 0.000887
v 0.080522 0.026806 0.000753
v 0.080354 0.023521 0.001176
v 0.080644 0.026806 0.000983
v 0.080563 0.023521 0.001430
v 0.080809 0.026806 0.001184
v 0.080816 0.023521 0.001638
v 0.081010 0.026806 0.001348
v 0.081106 0.023521 0.001793
v 0.081240 0.026806 0.001471
v 0.081420 0.023521 0.001889
v 0.081488 0.026806 0.001546
v 0.082049 0.026871 0.001763
v 0.081747 0.026871 0.001793
v 0.082339 0.026871 0.001675
v 0.082606 0.026871 0.001532
v 0.082841 0.026871 0.001339
v 0.083033 0.026871 0.001105
v 0.083176 0.026871 0.000838
v 0.083264 0.026871 0.000548
v 0.083294 0.026871 0.000246
v 0.083264 0.026871 -0.000056
v 0.083176 0.026871 -0.000346
v 0.083033 0.026871 -0.000614
v 0.082841 0.026871 -0.000848
v 0.082606 0.026871 -0.001040
v 0.082339 0.026871 -0.001183
v 0.082049 0.026871 -0.001271
v 0.081747 0.026871 -0.001301
v 0.081445 0.026871 -0.001271
v 0.081155 0.026871 -0.001183
v 0.080888 0.026871 -0.001040
v 0.080653 0.026871 -0.000848
v 0.080461 0.026871 -0.000614
v 0.080318 0.026871 -0.000346
v 0.080230 0.026871 -0.000056
v 0.080200 0.026871 0.000246
v 0.080230 0.026871 0.000548
v 0.080318 0.026871 0.000838
v 0.080461 0.026871 0.001105
v 0.080653 0.026871 0.001339
v 0.080888 0.026871 0.001532
v 0.081155 0.026871 0.001675
v 0.081445 0.026871 0.001763
v 0.087788 0.023521 0.001921
v 0.087788 0.026806 0.001572
v 0.088115 0.023521 0.001889
v 0.088047 0.026806 0.001546
v 0.088429 0.023521 0.001793
v 0.088295 0.026806 0.001471
v 0.088719 0.023521 0.001638
v 0.088525 0.026806 0.001348
v 0.088726 0.026806 0.001184
v 0.088891 0.026806 0.000983
v 0.089013 0.026806 0.000753
v 0.089089 0.026806 0.000504
v 0.089114 0.026806 0.000246
v 0.089089 0.026806 0.000000
v 0.089013 0.026806 -0.000262
v 0.088891 0.026806 -0.000491
v 0.088726 0.026806 -0.000692
v 0.088525 0.026806 -0.000857
v 0.088295 0.026806 -0.000980
v 0.088115 0.023521 -0.001397
v 0.088047 0.026806 -0.001055
v 0.087788 0.023521 -0.001429
v 0.087788 0.026806 -0.001081
v 0.087461 0.023521 -0.001397
v 0.087529 0.026806 -0.001055
v 0.087147 0.023521 -0.001302
v 0.087280 0.026806 -0.000980
v 0.086857 0.023521 -0.001147
v 0.087051 0.026806 -0.000857
v 0.086604 0.023521 -0.000939
v 0.086850 0.026806 -0.000692
v 0.086395 0.023521 -0.000685
v 0.086685 0.026806 -0.000491
v 0.086240 0.023521 -0.000395
v 0.086563 0.026806 -0.000262
v 0.086145 0.023521 -0.000081
v 0.086487 0.026806 0.000000
v 0.086113 0.023521 0.000246
v 0.086462 0.026806 0.000246
v 0.086145 0.023521 0.000573
v 0.086487 0.026806 0.000504
v 0.086240 0.023521 0.000887
v 0.086563 0.026806 0.000753
v 0.086395 0.023521 0.001176
v 0.086685 0.026806 0.000983
v 0.086604 0.023521 0.001430
v 0.086850 0.026806 0.001184
v 0.086857 0.023521 0.001638
v 0.087051 0.026806 0.001348
v 0.087147 0.023521 0.001793
v 0.087280 0.026806 0.001471
v 0.087461 0.023521 0.001889
v 0.087529 0.026806 0.001546
v 0.088090 0.026871 0.001763
v 0.087788 0.026871 0.001793
v 0.088380 0.026871 0.001675
v 0.088647 0.026871 0.001532
v 0.088882 0.026871 0.001339
v 0.089074 0.026871 0.001105
v 0.089217 0.026871 0.000838
v 0.089305 0.026871 0.000548
v 0.089335 0.026871 0.000246
v 0.089305 0.026871 -0.000056
v 0.089217 0.026871 -0.000346
v 0.089074 0.026871 -0.000614
v 0.088882 0.026871 -0.000848
v 0.088647 0.026871 -0.001040
v 0.088380 0.026871 -0.001183
v 0.088090 0.026871 -0.001271
v 0.087788 0.026871 -0.001301
v 0.087486 0.026871 -0.001271
v 0.087196 0.026871 -0.001183
v 0.086929 0.026871 -0.001040
v 0.086694 0.026871 -0.000848
v 0.086502 0.026871 -0.000614
v 0.086359 0.026871 -0.000346
v 0.086271 0.026871 -0.000056
v 0.086241 0.026871 0.000246
v 0.086271 0.026871 0.000548
v 0.086359 0.026871 0.000838
v 0.086502 0.026871 0.001105
v 0.086694 0.026871 0.001339
v 0.086929 0.026871 0.001532
v 0.087196 0.026871 0.001675
v 0.087486 0.026871 0.001763
vn 0.1586 0.0013 -0.9873
vn -0.9867 -0.0078 -0.1624
vn -0.1646 -0.0014 0.9864
vn 0.9408 0.0074 0.3388
vn -0.0079 1.0000 0.0001
vn 0.0079 -1.0000 -0.0001
vn 0.8948 0.0071 -0.4464
vn -0.2208 -0.0017 -0.9753
vn 0.6664 0.0052 0.7456
vn 0.7553 0.0059 0.6553
vn -0.8395 -0.0066 -0.5433
vn -0.6150 -0.0049 0.7885
vn -0.5023 -0.0039 -0.8647
vn 0.5023 0.0039 0.8647
vn 0.1925 0.0014 0.9813
vn -0.3512 -0.0027 -0.9363
vn -0.6641 -0.0052 -0.7477
vn 0.8413 0.0066 0.5406
vn -0.7535 -0.0059 -0.6574
vn 0.3548 0.0027 0.9349
vn 0.0915 -0.0000 -0.9958
vn 0.2723 -0.0000 -0.9622
vn 0.4463 -0.0000 -0.8949
vn 0.6080 -0.0000 -0.7940
vn 0.7509 -0.0000 -0.6604
vn 0.8677 -0.0000 -0.4971
vn 0.9510 -0.0000 -0.3092
vn 0.9945 -0.0000 -0.1050
vn 0.9945 -0.0000 0.1050
vn 0.9510 -0.0000 0.3092
vn 0.8677 -0.0000 0.4971
vn 0.7509 -0.0000 0.6604
vn 0.6080 -0.0000 0.7940
vn 0.4463 -0.0000 0.8949
vn 0.2723 -0.0000 0.9622
vn 0.0915 -0.0000 0.9958
vn -0.0915 -0.0000 0.9958
vn -0.2723 -0.0000 0.9622
vn -0.4463 -0.0000 0.8949
vn -0.6080 -0.0000 0.7940
vn -0.7509 -0.0000 0.6604
vn -0.8677 -0.0000 0.4971
vn -0.9510 -0.0000 0.3092
vn -0.9945 -0.0000 0.1050
vn -0.9945 -0.0000 -0.1050
vn -0.9510 -0.0000 -0.3092
vn -0.8677 -0.0000 -0.4971
vn -0.7509 -0.0000 -0.6604
vn -0.6080 -0.0000 -0.7940
vn -0.4463 -0.0000 -0.8949
vn -0.0000 1.0000 -0.0000
vn -0.2723 -0.0000 -0.9622
vn -0.0915 -0.0000 -0.9958
vn -0.0000 -1.0000 -0.0000
vn 0.8970 -0.0388 -0.4403
vn 0.8723 -0.2296 -0.4317
vn 0.8151 -0.4125 -0.4068
vn 0.7267 -0.5810 -0.3665
vn 0.6098 -0.7286 -0.3119
vn 0.4684 -0.8490 -0.2447
vn 0.3076 -0.9367 -0.1675
vn 0.1339 -0.9875 -0.0833
vn -0.0454 -0.9990 0.0044
vn -0.2226 -0.9706 0.0918
vn -0.3903 -0.9039 0.1752
vn -0.5416 -0.8022 0.2511
vn -0.6709 -0.6704 0.3169
vn -0.7738 -0.5141 0.3701
vn -0.8470 -0.3395 0.4091
vn -0.8884 -0.1530 0.4327
vn -0.8970 0.0388 0.4403
vn -0.8723 0.2296 0.4317
vn -0.8151 0.4125 0.4068
vn -0.7267 0.5810 0.3665
vn -0.6098 0.7286 0.3119
vn -0.4684 0.8490 0.2447
vn -0.3076 0.9367 0.1675
vn -0.1339 0.9875 0.0833
vn 0.0454 0.9990 -0.0044
vn 0.2226 0.9706 -0.0918
vn 0.3903 0.9039 -0.1752
vn 0.5416 0.8022 -0.2511
vn 0.6709 0.6704 -0.3169
vn 0.7738 0.5141 -0.3701
vn 0.4400 -0.0160 0.8978
vn 0.8470 0.3395 -0.4091
vn 0.8884 0.1530 -0.4327
vn -0.4400 0.0160 -0.8978
vn 0.8972 -0.0334 -0.4403
vn 0.8756 -0.2143 -0.4330
vn 0.8238 -0.3908 -0.4107
vn 0.7414 -0.5577 -0.3733
vn 0.6287 -0.7085 -0.3208
vn 0.4874 -0.8355 -0.2538
vn 0.3219 -0.9306 -0.1744
vn 0.1392 -0.9865 -0.0858
vn -0.0508 -0.9987 0.0071
vn -0.2374 -0.9664 0.0991
vn -0.4104 -0.8929 0.1852
vn -0.5621 -0.7846 0.2615
vn -0.6876 -0.6491 0.3254
vn -0.7843 -0.4937 0.3756
vn -0.8515 -0.3248 0.4116
vn -0.8891 -0.1476 0.4332
vn -0.8972 0.0334 0.4403
vn -0.8756 0.2143 0.4330
vn -0.8238 0.3908 0.4107
vn -0.7414 0.5577 0.3733
vn -0.6287 0.7085 0.3208
vn -0.4874 0.8355 0.2538
vn -0.3219 0.9306 0.1744
vn -0.1392 0.9865 0.0858
vn 0.0508 0.9987 -0.0071
vn 0.2374 0.9664 -0.0991
vn 0.4104 0.8929 -0.1852
vn 0.5621 0.7846 -0.2615
vn 0.6876 0.6491 -0.3254
vn 0.7844 0.4937 -0.3756
vn 0.8515 0.3248 -0.4116
vn 0.8891 0.1476 -0.4332
vn 0.0947 0.9813 0.1675
vn 0.1748 0.9818 0.0737
vn 0.1862 0.9578 0.2191
vn -0.0914 0.9813 -0.1693
vn -0.1733 0.9818 -0.0771
vn -0.1820 0.9578 -0.2226
vn -0.6493 -0.0000 -0.7606
vn -0.9686 -0.0000 0.2485
vn -0.9894 -0.0000 0.1454
vn -0.9766 -0.0000 -0.2151
vn -0.5628 -0.0000 -0.8266
vn 0.4383 -0.0000 -0.8989
vn 0.0448 -0.0000 -0.9990
vn 0.2552 -0.0000 -0.9669
vn 0.9922 -0.0000 -0.1247
vn 0.9001 -0.0000 -0.4356
vn 0.9986 -0.0000 -0.0532
vn 0.7973 -0.0000 0.6036
vn 0.5240 -0.0000 0.8517
vn 0.1562 -0.0000 0.9877
vn -0.2435 -0.0000 0.9699
vn -0.7081 -0.0000 0.7061
vn -0.4519 -0.0000 0.8920
vn -0.9866 -0.0000 0.1629
vn -0.3854 -0.0000 -0.9227
vn 0.9879 -0.0000 -0.1549
vn -0.4943 -0.0000 0.8693
vn 0.5209 0.0347 0.8529
vn -0.1639 0.0242 0.9862
vn -0.5076 -0.0347 -0.8609
vn 0.7329 -0.0037 -0.6804
vn 0.0182 -0.9995 0.0245
vn -0.0182 0.9995 -0.0245
vn -0.1692 -0.0000 -0.9856
vn 0.9849 -0.0000 -0.1730
vn 0.1752 -0.0000 0.9845
vn -0.9372 -0.0000 0.3489
vn -0.9878 -0.0196 -0.1546
vn -0.8485 -0.0112 0.5290
vn 0.9901 0.0195 0.1392
vn 0.3479 -0.0016 -0.9375
vn -0.0143 0.9999 -0.0075
vn 0.0143 -0.9999 0.0075
vn -0.8996 -0.0000 -0.4368
vn 0.2103 -0.0000 -0.9776
vn -0.6583 -0.0000 0.7527
vn -0.7483 -0.0000 0.6634
vn 0.8336 -0.0000 -0.5523
vn 0.6235 -0.0000 0.7819
vn 0.4929 -0.0000 -0.8701
vn -0.4929 -0.0000 0.8701
vn -0.1820 -0.0000 0.9833
vn 0.3411 -0.0000 -0.9400
vn 0.6560 -0.0000 -0.7548
vn -0.8354 -0.0000 0.5496
vn 0.7464 -0.0000 -0.6655
vn -0.3447 -0.0000 0.9387
vn 0.9883 0.0078 0.1523
vn 0.3754 0.0030 -0.9268
vn -0.9895 -0.0078 -0.1442
vn 0.5036 0.0039 0.8639
vn -0.1629 -0.0217 0.9864
vn -0.0125 0.9845 0.1751
vn -1.0000 -0.0000 -0.0000
vn -0.8862 -0.0145 0.4632
vn 1.0000 -0.0000 -0.0000
vn -0.9958 -0.0290 0.0870
vn 0.0003 0.9743 0.2251
vn 0.1056 -0.0000 0.9944
vn -0.5789 -0.0000 0.8154
vn -0.0054 -0.0042 -1.0000
vn -0.7328 -0.5766 0.3613
vn -0.0818 -0.9945 0.0650
vn -0.1412 -0.0000 0.9900
vn -0.4857 0.6024 0.6334
vn -0.3469 -0.8633 0.3666
vn -0.1633 0.9222 0.3505
vn -0.1563 -0.2649 -0.9515
vn -0.0915 0.9524 -0.2909
vn -0.9072 -0.1003 0.4086
vn -0.9739 -0.1278 0.1877
vn -0.9939 0.0376 0.1039
vn -0.9449 -0.0027 0.3273
vn -0.9991 -0.0427 0.0026
vn -0.9870 -0.0128 0.1602
vn -0.9907 -0.0514 0.1260
vn -0.9890 -0.1258 -0.0779
vn -0.9013 -0.0248 0.4324
vn -0.9960 -0.0565 -0.0685
vn 0.1075 -0.9140 0.3912
vn 0.1461 0.3671 0.9186
vn -0.1781 0.2340 -0.9558
vn -0.0227 -0.9350 -0.3538
vn 0.1764 -0.0927 0.9799
vn -0.0208 0.9925 0.1203
vn 0.0003 0.9718 0.2359
vn 0.0003 0.9728 0.2316
vn 0.8074 -0.0000 -0.5900
vn 0.0028 -0.0000 1.0000
vn 0.8591 -0.0000 0.5117
vn 0.0003 0.9731 0.2304
vn -0.0064 0.9959 0.0901
vn -0.1658 -0.0000 0.9862
vn 0.0003 0.9737 0.2280
vn -0.0082 0.9933 0.1150
vn -0.1697 -0.0226 0.9852
vn 0.5079 -0.0493 -0.8600
vn -0.1618 0.0072 0.9868
vn -0.1713 0.0077 0.9852
vn -0.1023 0.9929 -0.0610
vn 0.8589 -0.0000 0.5121
vn -0.8560 0.0830 -0.5103
vn -0.1763 -0.0000 0.9843
vn 0.4585 -0.0445 -0.8876
vn 0.4607 -0.0000 -0.8876
vn 0.1763 -0.0000 -0.9843
vn -0.8589 -0.0000 -0.5121
vn 0.0370 0.9991 0.0221
vn -0.4607 -0.0000 0.8876
vn -0.0370 -0.9991 -0.0221
vn -0.4585 0.0445 0.8876
vn 0.8791 -0.0000 -0.4767
vn -0.8797 0.0056 0.4755
vn 0.4269 -0.0000 0.9043
vn -0.1056 -0.0000 -0.9944
vn -0.8791 -0.0000 0.4767
vn -0.4269 -0.0000 -0.9043
vn 0.0020 1.0000 -0.0011
vn 0.2985 -0.0000 0.9544
vn -0.4344 -0.0000 -0.9007
vn -0.8759 0.0045 0.4825
vn -0.8736 -0.0000 0.4866
vn 0.4178 -0.2696 0.8676
vn 0.4344 -0.0000 0.9007
vn -0.0021 -1.0000 0.0011
vn -0.0713 -0.9965 -0.0425
vn -0.5079 0.0493 0.8600
vn 0.0713 0.9965 0.0425
vn -0.4767 -0.0000 -0.8791
vn 0.4767 -0.0000 0.8791
vn 0.0914 0.0422 -0.9949
vn 0.2721 0.0424 -0.9613
vn 0.4459 0.0428 -0.8941
vn 0.6074 0.0433 -0.7932
vn 0.7502 0.0439 -0.6598
vn 0.8669 0.0444 -0.4966
vn 0.9500 0.0449 -0.3089
vn 0.9935 0.0451 -0.1049
vn 0.9935 0.0451 0.1049
vn 0.9500 0.0449 0.3089
vn 0.8669 0.0444 0.4966
vn 0.7502 0.0439 0.6598
vn 0.6074 0.0433 0.7932
vn 0.4459 0.0428 0.8941
vn 0.2721 0.0424 0.9613
vn 0.0914 0.0422 0.9949
vn -0.0914 0.0422 0.9949
vn -0.2721 0.0424 0.9613
vn -0.4459 0.0428 0.8941
vn -0.6074 0.0433 0.7932
vn -0.7502 0.0439 0.6598
vn -0.8669 0.0444 0.4966
vn -0.9500 0.0449 0.3089
vn -0.9935 0.0451 0.1049
vn -0.9935 0.0451 -0.1049
vn -0.9500 0.0449 -0.3089
vn -0.8669 0.0444 -0.4966
vn -0.7502 0.0439 -0.6598
vn -0.6074 0.0433 -0.7932
vn -0.4459 0.0428 -0.8941
vn -0.2721 0.0424 -0.9613
vn -0.0914 0.0422 -0.9949
vn 0.0917 -0.0000 -0.9958
vn 0.0918 -0.0000 0.9958
vn -0.0917 -0.0000 0.9958
vn -0.0918 -0.0000 -0.9958
vn 0.0916 -0.0000 -0.9958
vn 0.0916 -0.0000 0.9958
vn -0.0916 -0.0000 0.9958
vn -0.0916 -0.0000 -0.9958
vn 0.8503 -0.0334 0.5253
vn 0.8325 -0.2143 0.5109
vn 0.7861 -0.3908 0.4789
vn 0.7106 -0.5577 0.4290
vn 0.6061 -0.7085 0.3615
vn 0.4742 -0.8355 0.2776
vn 0.3189 -0.9306 0.1797
vn 0.1468 -0.9865 0.0722
vn -0.0330 -0.9987 -0.0392
vn -0.2102 -0.9664 -0.1482
vn -0.3752 -0.8929 -0.2489
vn -0.5205 -0.7846 -0.3368
vn -0.6414 -0.6491 -0.4090
vn -0.7354 -0.4937 -0.4642
vn -0.8016 -0.3248 -0.5019
vn -0.8399 -0.1476 -0.5223
vn -0.8503 0.0334 -0.5253
vn -0.8325 0.2143 -0.5109
vn -0.7861 0.3908 -0.4789
vn -0.7106 0.5577 -0.4290
vn -0.6061 0.7085 -0.3615
vn -0.4742 0.8355 -0.2776
vn -0.3189 0.9306 -0.1797
vn -0.1468 0.9865 -0.0722
vn 0.0330 0.9987 0.0392
vn 0.2102 0.9664 0.1482
vn 0.3752 0.8929 0.2489
vn 0.5206 0.7846 0.3368
vn 0.6414 0.6491 0.4090
vn 0.7354 0.4937 0.4642
vn -0.5260 -0.0160 0.8504
vn 0.8016 0.3248 0.5019
vn 0.8399 0.1476 0.5223
vn 0.5260 0.0160 -0.8504
vn 0.8501 -0.0388 0.5251
vn 0.8297 -0.2296 0.5089
vn 0.7782 -0.4125 0.4736
vn 0.6970 -0.5810 0.4202
vn 0.5886 -0.7286 0.3503
vn 0.4564 -0.8490 0.2663
vn 0.3055 -0.9367 0.1713
vn 0.1417 -0.9875 0.0691
vn -0.0279 -0.9990 -0.0361
vn -0.1962 -0.9706 -0.1397
vn -0.3560 -0.9039 -0.2372
vn -0.5009 -0.8022 -0.3249
vn -0.6253 -0.6704 -0.3994
vn -0.7251 -0.5141 -0.4582
vn -0.7971 -0.3395 -0.4994
vn -0.8391 -0.1530 -0.5219
vn -0.8501 0.0389 -0.5251
vn -0.8297 0.2296 -0.5089
vn -0.7782 0.4125 -0.4736
vn -0.6970 0.5810 -0.4202
vn -0.5886 0.7286 -0.3503
vn -0.4564 0.8490 -0.2663
vn -0.3055 0.9367 -0.1713
vn -0.1417 0.9875 -0.0691
vn 0.0279 0.9990 0.0361
vn 0.1962 0.9706 0.1397
vn 0.3560 0.9039 0.2372
vn 0.5009 0.8022 0.3249
vn 0.6253 0.6704 0.3994
vn 0.7251 0.5141 0.4582
vn 0.7971 0.3395 0.4994
vn 0.8392 0.1530 0.5219
vn 0.5260 0.0160 -0.8503
vn -0.4170 -0.0000 -0.9089
vn -0.2316 -0.0000 -0.9728
vn -0.0374 -0.0000 -0.9993
vn 0.1583 -0.0000 -0.9874
vn 0.3479 -0.0000 -0.9375
vn 0.5241 -0.0000 -0.8517
vn 0.6802 -0.0000 -0.7330
vn 0.8101 -0.0000 -0.5863
vn 0.9089 -0.0000 -0.4170
vn 0.9728 -0.0000 -0.2316
vn 0.9993 -0.0000 -0.0374
vn 0.9874 -0.0000 0.1583
vn 0.9375 -0.0000 0.3479
vn 0.8517 -0.0000 0.5241
vn 0.7330 -0.0000 0.6802
vn 0.5863 -0.0000 0.8101
vn 0.4169 -0.0000 0.9089
vn 0.2316 -0.0000 0.9728
vn 0.0374 -0.0000 0.9993
vn -0.1583 -0.0000 0.9874
vn -0.3479 -0.0000 0.9375
vn -0.5241 -0.0000 0.8517
vn -0.6802 -0.0000 0.7331
vn -0.8101 -0.0000 0.5863
vn -0.9089 -0.0000 0.4169
vn -0.9728 -0.0000 0.2316
vn -0.9993 -0.0000 0.0374
vn -0.9874 -0.0000 -0.1583
vn -0.9375 -0.0000 -0.3479
vn -0.8517 -0.0000 -0.5241
vn -0.7331 -0.0000 -0.6802
vn -0.5863 -0.0000 -0.8101
vn 0.6286 -0.7085 -0.3208
vn 0.3218 -0.9306 -0.1744
vn -0.7844 -0.4937 0.3756
vn -0.8891 -0.1477 0.4332
vn -0.6286 0.7085 0.3208
vn 0.8237 -0.3908 -0.4107
vn -0.8237 0.3908 0.4107
vn 0.7844 0.4936 -0.3756
vn -0.9378 -0.0000 -0.3471
vn -0.8521 -0.0000 -0.5234
vn -0.7336 -0.0000 -0.6796
vn -0.5870 -0.0000 -0.8096
vn -0.4177 -0.0000 -0.9086
vn -0.2324 -0.0000 -0.9726
vn -0.0382 -0.0000 -0.9993
vn 0.1574 -0.0000 -0.9875
vn 0.3471 -0.0000 -0.9378
vn 0.5234 -0.0000 -0.8521
vn 0.6795 -0.0000 -0.7336
vn 0.8096 -0.0000 -0.5870
vn 0.9086 -0.0000 -0.4177
vn 0.9726 -0.0000 -0.2324
vn 0.9993 -0.0000 -0.0382
vn 0.9875 -0.0000 0.1574
vn 0.9378 -0.0000 0.3471
vn 0.8521 -0.0000 0.5234
vn 0.7336 -0.0000 0.6795
vn 0.5870 -0.0000 0.8096
vn 0.4177 -0.0000 0.9086
vn 0.2325 -0.0000 0.9726
vn 0.0382 -0.0000 0.9993
vn -0.1574 -0.0000 0.9875
vn -0.3471 -0.0000 0.9378
vn -0.5234 -0.0000 0.8521
vn -0.6796 -0.0000 0.7336
vn -0.8096 -0.0000 0.5870
vn -0.9086 -0.0000 0.4177
vn -0.9726 -0.0000 0.2325
vn -0.9993 -0.0000 0.0382
vn -0.9875 -0.0000 -0.1575
vn 0.1854 0.9813 0.0513
vn 0.1756 0.9818 -0.0716
vn 0.2866 0.9578 0.0230
vn -0.1844 0.9813 -0.0549
vn -0.1770 0.9818 0.0682
vn -0.2861 0.9578 -0.0285
vn -0.9970 -0.0000 -0.0778
vn -0.5085 -0.0000 0.8611
vn -0.5961 -0.0000 0.8029
vn -0.8422 -0.0000 0.5392
vn -0.9826 -0.0000 -0.1856
vn -0.3265 -0.0000 -0.9452
vn -0.6753 -0.0000 -0.7375
vn -0.5040 -0.0000 -0.8637
vn 0.6127 -0.0000 -0.7903
vn 0.3276 -0.0000 -0.9448
vn 0.6678 -0.0000 -0.7443
vn 0.9905 -0.0000 -0.1378
vn 0.9730 -0.0000 0.2309
vn 0.8094 -0.0000 0.5873
vn 0.5144 -0.0000 0.8576
vn -0.0005 -0.0000 1.0000
vn 0.3120 -0.0000 0.9501
vn -0.5114 -0.0388 0.8585
vn 0.1747 -0.0229 0.9844
vn 0.4980 0.0387 -0.8663
vn -0.7401 -0.0020 -0.6724
vn -0.0258 0.9994 0.0248
vn 0.0258 -0.9994 -0.0248
vn 0.9859 0.0273 -0.1653
vn 0.8541 0.0178 0.5199
vn -0.9883 -0.0273 0.1499
vn -0.3580 -0.0011 -0.9337
vn 0.0221 -0.9997 -0.0077
vn -0.0221 0.9997 0.0077
vn 0.0979 0.0381 -0.9945
vn 0.2901 0.0381 -0.9562
vn 0.4711 0.0381 -0.8813
vn 0.6339 0.0381 -0.7725
vn 0.7725 0.0381 -0.6339
vn 0.8813 0.0381 -0.4711
vn 0.9562 0.0381 -0.2901
vn 0.9945 0.0381 -0.0979
vn 0.9945 0.0381 0.0979
vn 0.9562 0.0381 0.2901
vn 0.8813 0.0381 0.4711
vn 0.7725 0.0381 0.6339
vn 0.6339 0.0381 0.7725
vn 0.4711 0.0381 0.8813
vn 0.2901 0.0381 0.9562
vn 0.0979 0.0381 0.9945
vn -0.0979 0.0381 0.9945
vn -0.2901 0.0381 0.9562
vn -0.4711 0.0381 0.8813
vn -0.6339 0.0381 0.7724
vn -0.7724 0.0381 0.6339
vn -0.8813 0.0381 0.4711
vn -0.9562 0.0381 0.2901
vn -0.9945 0.0381 0.0979
vn -0.9945 0.0381 -0.0979
vn -0.9562 0.0381 -0.2901
vn -0.8813 0.0381 -0.4711
vn -0.7724 0.0381 -0.6339
vn -0.6339 0.0381 -0.7725
vn -0.4711 0.0381 -0.8813
vn -0.2901 0.0381 -0.9562
vn -0.0979 0.0381 -0.9945
vn -0.0277 0.9591 0.2817
vn -0.0822 0.9591 0.2709
vn -0.1334 0.9591 0.2496
vn -0.1796 0.9591 0.2188
vn -0.2188 0.9591 0.1796
vn -0.2496 0.9591 0.1334
vn -0.2709 0.9591 0.0822
vn -0.2817 0.9591 0.0277
vn -0.2817 0.9591 -0.0277
vn -0.2709 0.9591 -0.0822
vn -0.2496 0.9591 -0.1334
vn -0.2188 0.9591 -0.1796
vn -0.1796 0.9591 -0.2188
vn -0.1334 0.9591 -0.2496
vn -0.0822 0.9591 -0.2709
vn -0.0277 0.9591 -0.2817
vn 0.0277 0.9591 -0.2817
vn 0.0822 0.9591 -0.2709
vn 0.1334 0.9591 -0.2496
vn 0.1796 0.9591 -0.2188
vn 0.2188 0.9591 -0.1796
vn 0.2496 0.9591 -0.1334
vn 0.2709 0.9591 -0.0822
vn 0.2817 0.9591 -0.0277
vn 0.2817 0.9591 0.0277
vn 0.2709 0.9591 0.0822
vn 0.2496 0.9591 0.1334
vn 0.2188 0.9591 0.1796
vn 0.1796 0.9591 0.2188
vn 0.1334 0.9591 0.2496
vn 0.0822 0.9591 0.2709
vn 0.0277 0.9591 0.2817
vn -0.2591 0.0984 -0.9608
vn 0.6136 0.6082 -0.5036
vn 0.6843 0.6309 -0.3657
vn 0.7306 0.6459 -0.2216
vn 0.7531 0.6537 -0.0742
vn 0.7525 0.6544 0.0741
vn 0.7286 0.6483 0.2210
vn 0.6814 0.6349 0.3642
vn 0.6101 0.6140 0.5007
vn 0.5145 0.5851 0.6269
vn 0.3944 0.5477 0.7379
vn -0.4660 0.0930 0.8799
vn -0.8813 0.0381 0.4710
vn -0.9945 0.0381 -0.0980
vn -0.6339 0.0381 -0.7724
vn -0.6580 -0.7415 -0.1309
vn -0.2809 0.9593 -0.0283
vn -0.2693 0.9597 -0.0798
vn 0.2693 0.9597 -0.0798
vn 0.2808 0.9593 -0.0283
vn -0.6339 0.0381 0.7725
vn -0.8813 0.0381 -0.4710
vn -0.7724 0.0381 -0.6340
vn 0.2809 0.9593 -0.0283
vn 0.0822 0.9591 0.2708
vn -0.7725 0.0381 0.6339
vn -0.7725 0.0381 -0.6339
vn -0.4710 0.0381 -0.8813
vn 0.4710 0.0381 -0.8813
vn -0.2817 0.9591 0.0278
vn 0.0822 0.9591 -0.2708
vn 0.1586 0.0013 0.9873
vn -0.9867 -0.0078 0.1624
vn -0.1646 -0.0014 -0.9864
vn 0.9408 0.0074 -0.3388
vn -0.0079 1.0000 -0.0001
vn 0.0079 -1.0000 0.0001
vn 0.8948 0.0071 0.4464
vn -0.2208 -0.0017 0.9753
vn 0.6664 0.0052 -0.7456
vn 0.7553 0.0059 -0.6553
vn -0.8395 -0.0066 0.5433
vn -0.6150 -0.0049 -0.7885
vn -0.5023 -0.0039 0.8647
vn 0.5023 0.0039 -0.8647
vn 0.1925 0.0014 -0.9813
vn -0.3512 -0.0027 0.9363
vn -0.6641 -0.0052 0.7477
vn 0.8413 0.0066 -0.5406
vn -0.7535 -0.0059 0.6574
vn 0.3548 0.0027 -0.9349
vn 0.8970 -0.0388 0.4403
vn 0.8723 -0.2296 0.4317
vn 0.8151 -0.4125 0.4068
vn 0.7267 -0.5810 0.3665
vn 0.6098 -0.7286 0.3119
vn 0.4684 -0.8490 0.2447
vn 0.3076 -0.9367 0.1675
vn 0.1339 -0.9875 0.0833
vn -0.0454 -0.9990 -0.0044
vn -0.2226 -0.9706 -0.0918
vn -0.3903 -0.9039 -0.1752
vn -0.5416 -0.8022 -0.2511
vn -0.6709 -0.6704 -0.3169
vn -0.7738 -0.5141 -0.3701
vn -0.8470 -0.3395 -0.4091
vn -0.8884 -0.1530 -0.4327
vn -0.8970 0.0388 -0.4403
vn -0.8723 0.2296 -0.4317
vn -0.8151 0.4125 -0.4068
vn -0.7267 0.5810 -0.3665
vn -0.6098 0.7286 -0.3119
vn -0.4684 0.8490 -0.2447
vn -0.3076 0.9367 -0.1675
vn -0.1339 0.9875 -0.0833
vn 0.0454 0.9990 0.0044
vn 0.2226 0.9706 0.0918
vn 0.3903 0.9039 0.1752
vn 0.5416 0.8022 0.2511
vn 0.6709 0.6704 0.3169
vn 0.7738 0.5141 0.3701
vn 0.4400 -0.0160 -0.8978
vn 0.8470 0.3395 0.4091
vn 0.8884 0.1530 0.4327
vn -0.4401 0.0160 0.8978
vn 0.8972 -0.0334 0.4403
vn 0.8756 -0.2143 0.4330
vn 0.8238 -0.3908 0.4107
vn 0.7414 -0.5577 0.3733
vn 0.6287 -0.7085 0.3208
vn 0.4874 -0.8355 0.2538
vn 0.3219 -0.9306 0.1744
vn 0.1392 -0.9865 0.0858
vn -0.0508 -0.9987 -0.0071
vn -0.2374 -0.9664 -0.0991
vn -0.4104 -0.8929 -0.1852
vn -0.5621 -0.7846 -0.2615
vn -0.6876 -0.6491 -0.3254
vn -0.7843 -0.4937 -0.3756
vn -0.8515 -0.3248 -0.4116
vn -0.8891 -0.1476 -0.4332
vn -0.8972 0.0334 -0.4403
vn -0.8756 0.2143 -0.4330
vn -0.8238 0.3908 -0.4107
vn -0.7414 0.5577 -0.3733
vn -0.6287 0.7085 -0.3208
vn -0.4874 0.8355 -0.2538
vn -0.3219 0.9306 -0.1744
vn -0.1392 0.9865 -0.0858
vn 0.0508 0.9987 0.0071
vn 0.2374 0.9664 0.0991
vn 0.4104 0.8929 0.1852
vn 0.5621 0.7846 0.2615
vn 0.6876 0.6491 0.3254
vn 0.7844 0.4937 0.3756
vn 0.8515 0.3248 0.4116
vn 0.8891 0.1476 0.4332
vn -0.4400 0.0160 0.8978
vn 0.0947 0.9813 -0.1675
vn 0.1748 0.9818 -0.0737
vn 0.1862 0.9578 -0.2191
vn -0.0914 0.9813 0.1693
vn -0.1733 0.9818 0.0771
vn -0.1820 0.9578 0.2226
vn -0.6493 -0.0000 0.7606
vn -0.9686 -0.0000 -0.2485
vn -0.9894 -0.0000 -0.1454
vn -0.9766 -0.0000 0.2151
vn -0.5628 -0.0000 0.8266
vn 0.4383 -0.0000 0.8989
vn 0.0448 -0.0000 0.9990
vn 0.2552 -0.0000 0.9669
vn 0.9922 -0.0000 0.1247
vn 0.9001 -0.0000 0.4356
vn 0.9986 -0.0000 0.0532
vn 0.7973 -0.0000 -0.6036
vn 0.5240 -0.0000 -0.8517
vn 0.1562 -0.0000 -0.9877
vn -0.2435 -0.0000 -0.9699
vn -0.7081 -0.0000 -0.7061
vn -0.4519 -0.0000 -0.8920
vn -0.9866 -0.0000 -0.1629
vn -0.3854 -0.0000 0.9227
vn 0.9879 -0.0000 0.1549
vn -0.4943 -0.0000 -0.8693
vn 0.5209 0.0347 -0.8529
vn -0.1639 0.0242 -0.9862
vn -0.5076 -0.0347 0.8609
vn 0.7329 -0.0037 0.6804
vn 0.0182 -0.9995 -0.0245
vn -0.0182 0.9995 0.0245
vn -0.1692 -0.0000 0.9856
vn 0.9849 -0.0000 0.1730
vn 0.1752 -0.0000 -0.9845
vn -0.9372 -0.0000 -0.3489
vn -0.9878 -0.0196 0.1546
vn -0.8485 -0.0112 -0.5290
vn 0.9901 0.0195 -0.1392
vn 0.3479 -0.0016 0.9375
vn -0.0143 0.9999 0.0075
vn 0.0143 -0.9999 -0.0075
vn -0.8996 -0.0000 0.4368
vn 0.2103 -0.0000 0.9776
vn -0.6583 -0.0000 -0.7527
vn -0.7483 -0.0000 -0.6634
vn 0.8336 -0.0000 0.5523
vn 0.6235 -0.0000 -0.7819
vn 0.4929 -0.0000 0.8701
vn -0.4929 -0.0000 -0.8701
vn -0.1820 -0.0000 -0.9833
vn 0.3411 -0.0000 0.9400
vn 0.6560 -0.0000 0.7548
vn -0.8354 -0.0000 -0.5496
vn 0.7464 -0.0000 0.6655
vn -0.3447 -0.0000 -0.9387
vn 0.9883 0.0078 -0.1523
vn 0.3754 0.0030 0.9268
vn -0.9895 -0.0078 0.1442
vn 0.5036 0.0039 -0.8639
vn -0.1629 -0.0217 -0.9864
vn -0.0125 0.9845 -0.1751
vn -0.8862 -0.0145 -0.4632
vn -0.9958 -0.0290 -0.0870
vn 0.0003 0.9743 -0.2251
vn 0.1056 -0.0000 -0.9944
vn -0.5789 -0.0000 -0.8154
vn -0.0054 -0.0042 1.0000
vn -0.7328 -0.5766 -0.3613
vn -0.0818 -0.9945 -0.0650
vn -0.1412 -0.0000 -0.9900
vn -0.4857 0.6024 -0.6334
vn -0.3469 -0.8633 -0.3666
vn -0.1633 0.9222 -0.3505
vn -0.1563 -0.2649 0.9515
vn -0.0915 0.9524 0.2909
vn -0.9072 -0.1003 -0.4086
vn -0.9739 -0.1278 -0.1877
vn -0.9939 0.0376 -0.1039
vn -0.9449 -0.0027 -0.3273
vn -0.9991 -0.0427 -0.0026
vn -0.9870 -0.0128 -0.1602
vn -0.9907 -0.0514 -0.1260
vn -0.9890 -0.1258 0.0779
vn -0.9013 -0.0248 -0.4324
vn -0.9960 -0.0565 0.0685
vn 0.1075 -0.9140 -0.3912
vn 0.1461 0.3671 -0.9186
vn -0.1781 0.2340 0.9558
vn -0.0227 -0.9350 0.3538
vn 0.1764 -0.0927 -0.9799
vn -0.0208 0.9925 -0.1203
vn 0.0003 0.9718 -0.2359
vn 0.0003 0.9728 -0.2316
vn 0.8074 -0.0000 0.5900
vn 0.0028 -0.0000 -1.0000
vn 0.8591 -0.0000 -0.5117
vn 0.0003 0.9731 -0.2304
vn -0.0064 0.9959 -0.0901
vn -0.1658 -0.0000 -0.9862
vn 0.0003 0.9737 -0.2280
vn -0.0082 0.9933 -0.1150
vn -0.1697 -0.0226 -0.9852
vn 0.5079 -0.0493 0.8600
vn -0.1618 0.0072 -0.9868
vn -0.1713 0.0077 -0.9852
vn -0.1023 0.9929 0.0610
vn 0.8589 -0.0000 -0.5121
vn -0.8560 0.0830 0.5103
vn -0.1763 -0.0000 -0.9843
vn 0.4585 -0.0445 0.8876
vn 0.4607 -0.0000 0.8876
vn 0.1763 -0.0000 0.9843
vn -0.8589 -0.0000 0.5121
vn 0.0370 0.9991 -0.0221
vn -0.4607 -0.0000 -0.8876
vn -0.0370 -0.9991 0.0221
vn -0.4585 0.0445 -0.8876
vn 0.8791 -0.0000 0.4767
vn -0.8797 0.0056 -0.4755
vn 0.4269 -0.0000 -0.9043
vn -0.1056 -0.0000 0.9944
vn -0.8791 -0.0000 -0.4767
vn -0.4269 -0.0000 0.9043
vn 0.0020 1.0000 0.0011
vn 0.2985 -0.0000 -0.9544
vn -0.4344 -0.0000 0.9007
vn -0.8759 0.0045 -0.4825
vn -0.8736 -0.0000 -0.4866
vn 0.4178 -0.2696 -0.8676
vn 0.4344 -0.0000 -0.9007
vn -0.0021 -1.0000 -0.0011
vn -0.0713 -0.9965 0.0425
vn -0.5079 0.0493 -0.8600
vn 0.0713 0.9965 -0.0425
vn -0.4767 -0.0000 0.8791
vn 0.4767 -0.0000 -0.8791
vn 0.0917 -0.0000 0.9958
vn 0.0918 -0.0000 -0.9958
vn -0.0917 -0.0000 -0.9958
vn -0.0918 -0.0000 0.9958
vn 0.8503 -0.0334 -0.5253
vn 0.8325 -0.2143 -0.5109
vn 0.7861 -0.3908 -0.4789
vn 0.7106 -0.5577 -0.4290
vn 0.6061 -0.7085 -0.3615
vn 0.4742 -0.8355 -0.2776
vn 0.3189 -0.9306 -0.1797
vn 0.1468 -0.9865 -0.0722
vn -0.0330 -0.9987 0.0392
vn -0.2102 -0.9664 0.1482
vn -0.3752 -0.8929 0.2489
vn -0.5205 -0.7846 0.3368
vn -0.6414 -0.6491 0.4090
vn -0.7354 -0.4937 0.4642
vn -0.8016 -0.3248 0.5019
vn -0.8399 -0.1476 0.5223
vn -0.8503 0.0334 0.5253
vn -0.8325 0.2143 0.5109
vn -0.7861 0.3908 0.4789
vn -0.7106 0.5577 0.4290
vn -0.6061 0.7085 0.3615
vn -0.4742 0.8355 0.2776
vn -0.3189 0.9306 0.1797
vn -0.1468 0.9865 0.0722
vn 0.0330 0.9987 -0.0392
vn 0.2102 0.9664 -0.1482
vn 0.3752 0.8929 -0.2489
vn 0.5206 0.7846 -0.3368
vn 0.6414 0.6491 -0.4090
vn 0.7354 0.4937 -0.4642
vn -0.5260 -0.0160 -0.8504
vn 0.8016 0.3248 -0.5019
vn 0.8399 0.1476 -0.5223
vn 0.5260 0.0160 0.8504
vn 0.8501 -0.0388 -0.5251
vn 0.8297 -0.2296 -0.5089
vn 0.7782 -0.4125 -0.4736
vn 0.6970 -0.5810 -0.4202
vn 0.5886 -0.7286 -0.3503
vn 0.4564 -0.8490 -0.2663
vn 0.3055 -0.9367 -0.1713
vn 0.1417 -0.9875 -0.0691
vn -0.0279 -0.9990 0.0361
vn -0.1962 -0.9706 0.1397
vn -0.3560 -0.9039 0.2372
vn -0.5009 -0.8022 0.3249
vn -0.6253 -0.6704 0.3994
vn -0.7251 -0.5141 0.4582
vn -0.7971 -0.3395 0.4994
vn -0.8391 -0.1530 0.5219
vn -0.8501 0.0389 0.5251
vn -0.8297 0.2296 0.5089
vn -0.7782 0.4125 0.4736
vn -0.6970 0.5811 0.4202
vn -0.5886 0.7286 0.3503
vn -0.4564 0.8490 0.2663
vn -0.3055 0.9367 0.1713
vn -0.1417 0.9875 0.0691
vn 0.0279 0.9990 -0.0361
vn 0.1962 0.9706 -0.1397
vn 0.3560 0.9039 -0.2372
vn 0.5009 0.8022 -0.3249
vn 0.6253 0.6704 -0.3994
vn 0.7251 0.5141 -0.4582
vn 0.7971 0.3395 -0.4994
vn 0.8392 0.1530 -0.5219
vn 0.5260 0.0160 0.8503
vn -0.4170 -0.0000 0.9089
vn -0.2316 -0.0000 0.9728
vn -0.0374 -0.0000 0.9993
vn 0.1583 -0.0000 0.9874
vn 0.3479 -0.0000 0.9375
vn 0.5241 -0.0000 0.8517
vn 0.6802 -0.0000 0.7330
vn 0.8101 -0.0000 0.5863
vn 0.9089 -0.0000 0.4170
vn 0.9728 -0.0000 0.2316
vn 0.9993 -0.0000 0.0374
vn 0.9874 -0.0000 -0.1583
vn 0.9375 -0.0000 -0.3479
vn 0.8517 -0.0000 -0.5241
vn 0.7330 -0.0000 -0.6802
vn 0.5863 -0.0000 -0.8101
vn 0.4169 -0.0000 -0.9089
vn 0.2316 -0.0000 -0.9728
vn 0.0374 -0.0000 -0.9993
vn -0.1583 -0.0000 -0.9874
vn -0.3479 -0.0000 -0.9375
vn -0.5241 -0.0000 -0.8517
vn -0.6802 -0.0000 -0.7331
vn -0.8101 -0.0000 -0.5863
vn -0.9089 -0.0000 -0.4169
vn -0.9728 -0.0000 -0.2316
vn -0.9993 -0.0000 -0.0374
vn -0.9874 -0.0000 0.1583
vn -0.9375 -0.0000 0.3479
vn -0.8517 -0.0000 0.5241
vn -0.7331 -0.0000 0.6802
vn -0.5863 -0.0000 0.8101
vn 0.6286 -0.7085 0.3208
vn 0.3218 -0.9306 0.1744
vn -0.7844 -0.4937 -0.3756
vn -0.8891 -0.1477 -0.4332
vn -0.6286 0.7085 -0.3208
vn 0.8237 -0.3908 0.4107
vn -0.8237 0.3908 -0.4107
vn -0.9378 -0.0000 0.3471
vn -0.8521 -0.0000 0.5234
vn -0.7336 -0.0000 0.6796
vn -0.5870 -0.0000 0.8096
vn -0.4177 -0.0000 0.9086
vn -0.2324 -0.0000 0.9726
vn -0.0382 -0.0000 0.9993
vn 0.1574 -0.0000 0.9875
vn 0.3471 -0.0000 0.9378
vn 0.5234 -0.0000 0.8521
vn 0.6795 -0.0000 0.7336
vn 0.8096 -0.0000 0.5870
vn 0.9086 -0.0000 0.4177
vn 0.9726 -0.0000 0.2324
vn 0.9993 -0.0000 0.0382
vn 0.9875 -0.0000 -0.1574
vn 0.9378 -0.0000 -0.3471
vn 0.8521 -0.0000 -0.5234
vn 0.7336 -0.0000 -0.6795
vn 0.5870 -0.0000 -0.8096
vn 0.4177 -0.0000 -0.9086
vn 0.2325 -0.0000 -0.9726
vn 0.0382 -0.0000 -0.9993
vn -0.1574 -0.0000 -0.9875
vn -0.3471 -0.0000 -0.9378
vn -0.5234 -0.0000 -0.8521
vn -0.6796 -0.0000 -0.7336
vn -0.8096 -0.0000 -0.5870
vn -0.9086 -0.0000 -0.4177
vn -0.9726 -0.0000 -0.2325
vn -0.9993 -0.0000 -0.0382
vn -0.9875 -0.0000 0.1575
vn 0.1854 0.9813 -0.0513
vn 0.1756 0.9818 0.0716
vn 0.2866 0.9578 -0.0230
vn -0.1844 0.9813 0.0549
vn -0.1770 0.9818 -0.0682
vn -0.2861 0.9578 0.0285
vn -0.9970 -0.0000 0.0778
vn -0.5085 -0.0000 -0.8611
vn -0.5961 -0.0000 -0.8029
vn -0.8422 -0.0000 -0.5392
vn -0.9826 -0.0000 0.1856
vn -0.3265 -0.0000 0.9452
vn -0.6753 -0.0000 0.7375
vn -0.5040 -0.0000 0.8637
vn 0.6127 -0.0000 0.7903
vn 0.3276 -0.0000 0.9448
vn 0.6678 -0.0000 0.7443
vn 0.9905 -0.0000 0.1378
vn 0.9730 -0.0000 -0.2309
vn 0.8094 -0.0000 -0.5873
vn 0.5144 -0.0000 -0.8576
vn -0.0005 -0.0000 -1.0000
vn 0.3120 -0.0000 -0.9501
vn -0.5114 -0.0388 -0.8585
vn 0.1747 -0.0229 -0.9844
vn 0.4980 0.0387 0.8663
vn -0.7401 -0.0020 0.6724
vn -0.0258 0.9994 -0.0248
vn 0.0258 -0.9994 0.0248
vn 0.9859 0.0273 0.1653
vn 0.8541 0.0178 -0.5199
vn -0.9883 -0.0273 -0.1499
vn -0.3580 -0.0011 0.9337
vn 0.0221 -0.9997 0.0077
vn -0.0221 0.9997 -0.0077
vn -0.2591 0.0984 0.9608
vn 0.6136 0.6082 0.5036
vn 0.6843 0.6309 0.3657
vn 0.7306 0.6459 0.2216
vn 0.7531 0.6537 0.0742
vn 0.7525 0.6544 -0.0741
vn 0.7286 0.6483 -0.2210
vn 0.6814 0.6349 -0.3642
vn 0.6101 0.6140 -0.5007
vn 0.5145 0.5851 -0.6269
vn 0.3944 0.5477 -0.7379
vn -0.4660 0.0930 -0.8799
vn -0.9945 0.0381 0.0980
vn -0.6580 -0.7415 0.1309
vn -0.2809 0.9593 0.0283
vn -0.2693 0.9597 0.0798
vn 0.2693 0.9597 0.0798
vn 0.2808 0.9593 0.0283
vn -0.7724 0.0381 0.6340
vn -0.2708 0.9591 -0.0822
vn 0.2809 0.9593 0.0283
vn -0.4710 0.0381 0.8813
vn 0.4710 0.0381 0.8813
vn -0.2817 0.9591 -0.0278
vt 0.375000 0.000000
vt 0.625000 0.000000
vt 0.625000 0.250000
vt 0.375000 0.250000
vt 0.625000 0.500000
vt 0.375000 0.500000
vt 0.625000 0.750000
vt 0.375000 0.750000
vt 0.625000 1.000000
vt 0.375000 1.000000
vt 0.125000 0.500000
vt 0.125000 0.750000
vt 0.875000 0.500000
vt 0.875000 0.750000
vt 0.375000 0.434174
vt 0.625000 0.434174
vt 0.375000 0.984943
vt 0.625000 0.984943
vt 0.309174 0.500000
vt 0.309174 0.750000
vt 0.859943 0.500000
vt 0.859943 0.750000
vt 0.747131 0.500000
vt 0.798794 0.500000
vt 0.798794 0.750000
vt 0.747131 0.750000
vt 0.140057 0.500000
vt 0.201206 0.500000
vt 0.201206 0.750000
vt 0.140057 0.750000
vt 0.375000 0.872131
vt 0.625000 0.872131
vt 0.625000 0.923794
vt 0.375000 0.923794
vt 0.375000 0.265057
vt 0.625000 0.265057
vt 0.625000 0.326206
vt 0.375000 0.326206
vt 0.625000 0.815826
vt 0.375000 0.815826
vt 0.690826 0.500000
vt 0.690826 0.750000
vt 0.252869 0.500000
vt 0.252869 0.750000
vt 0.375000 0.377869
vt 0.625000 0.377869
vt 1.000000 0.500000
vt 1.000000 1.000000
vt 0.968750 1.000000
vt 0.968750 0.500000
vt 0.937500 1.000000
vt 0.937500 0.500000
vt 0.906250 1.000000
vt 0.906250 0.500000
vt 0.875000 1.000000
vt 0.843750 1.000000
vt 0.843750 0.500000
vt 0.812500 1.000000
vt 0.812500 0.500000
vt 0.781250 1.000000
vt 0.781250 0.500000
vt 0.750000 1.000000
vt 0.750000 0.500000
vt 0.718750 1.000000
vt 0.718750 0.500000
vt 0.687500 1.000000
vt 0.687500 0.500000
vt 0.656250 1.000000
vt 0.656250 0.500000
vt 0.593750 1.000000
vt 0.593750 0.500000
vt 0.562500 1.000000
vt 0.562500 0.500000
vt 0.531250 1.000000
vt 0.531250 0.500000
vt 0.500000 1.000000
vt 0.500000 0.500000
vt 0.468750 1.000000
vt 0.468750 0.500000
vt 0.437500 1.000000
vt 0.437500 0.500000
vt 0.406250 1.000000
vt 0.406250 0.500000
vt 0.343750 1.000000
vt 0.343750 0.500000
vt 0.312500 1.000000
vt 0.312500 0.500000
vt 0.281250 1.000000
vt 0.281250 0.500000
vt 0.250000 1.000000
vt 0.250000 0.500000
vt 0.218750 1.000000
vt 0.218750 0.500000
vt 0.187500 1.000000
vt 0.187500 0.500000
vt 0.156250 1.000000
vt 0.156250 0.500000
vt 0.125000 1.000000
vt 0.093750 1.000000
vt 0.093750 0.500000
vt 0.062500 1.000000
vt 0.062500 0.500000
vt 0.296822 0.485388
vt 0.250000 0.490000
vt 0.203179 0.485389
vt 0.158156 0.471731
vt 0.116663 0.449553
vt 0.080295 0.419706
vt 0.050447 0.383337
vt 0.028269 0.341844
vt 0.014612 0.296822
vt 0.010000 0.250000
vt 0.014611 0.203179
vt 0.028269 0.158156
vt 0.050447 0.116663
vt 0.080294 0.080294
vt 0.116663 0.050447
vt 0.158156 0.028269
vt 0.203178 0.014612
vt 0.250000 0.010000
vt 0.296822 0.014612
vt 0.341844 0.028269
vt 0.383337 0.050447
vt 0.419706 0.080294
vt 0.449553 0.116663
vt 0.471731 0.158156
vt 0.485388 0.203178
vt 0.490000 0.250000
vt 0.485388 0.296822
vt 0.471731 0.341844
vt 0.449553 0.383337
vt 0.419706 0.419706
vt 0.383337 0.449553
vt 0.341844 0.471731
vt 0.031250 1.000000
vt 0.031250 0.500000
vt 0.000000 1.000000
vt 0.000000 0.500000
vt 0.750000 0.490000
vt 0.796822 0.485388
vt 0.841844 0.471731
vt 0.883337 0.449553
vt 0.919706 0.419706
vt 0.949553 0.383337
vt 0.971731 0.341844
vt 0.985388 0.296822
vt 0.990000 0.250000
vt 0.985388 0.203178
vt 0.971731 0.158156
vt 0.949553 0.116663
vt 0.919706 0.080294
vt 0.883337 0.050447
vt 0.841844 0.028269
vt 0.796822 0.014612
vt 0.750000 0.010000
vt 0.703178 0.014612
vt 0.658156 0.028269
vt 0.616663 0.050447
vt 0.580294 0.080294
vt 0.550447 0.116663
vt 0.528269 0.158156
vt 0.514611 0.203179
vt 0.510000 0.250000
vt 0.514612 0.296822
vt 0.528269 0.341844
vt 0.550447 0.383337
vt 0.580295 0.419706
vt 0.616663 0.449553
vt 0.658156 0.471731
vt 0.703179 0.485389
vt 0.118237 0.500000
vt 0.118237 1.000000
vt 0.059118 0.500000
vt 0.059118 1.000000
vt 0.000000 0.000000
vt 0.059118 0.000000
vt 0.118237 0.000000
vt 1.000000 0.000000
vt 0.896415 0.546427
vt 0.882263 0.452771
vt 0.826250 0.445426
vt 0.780163 0.532353
vt 0.547909 0.519734
vt 0.531119 0.441118
vt 0.474759 0.421987
vt 0.444615 0.506950
vt 0.229405 0.470281
vt 0.191559 0.393041
vt 0.126524 0.472061
vt 0.502241 0.603817
vt 0.458859 0.569812
vt 0.816049 0.663714
vt 0.869660 0.624397
vt 0.131260 0.586835
vt 0.212721 0.590409
vt 0.581610 0.948288
vt 0.625000 0.948288
vt 0.581610 1.000000
vt 0.823288 0.731806
vt 0.875000 0.731806
vt 0.823288 0.750000
vt 0.375000 0.036388
vt 0.625000 0.036388
vt 0.625000 0.125000
vt 0.375000 0.125000
vt 0.382398 0.018194
vt 0.461130 0.019203
vt 0.462767 0.025670
vt 0.492011 0.028022
vt 0.532404 0.027265
vt 0.551917 0.020367
vt 0.616227 0.021192
vt 0.616541 0.031038
vt 0.382104 0.031038
vt 0.823288 0.625000
vt 0.875000 0.625000
vt 0.875000 0.713612
vt 0.823288 0.713612
vt 0.375000 0.625000
vt 0.375000 0.713612
vt 0.625000 0.625000
vt 0.625000 0.713612
vt 0.625000 0.713612
vt 0.382734 0.005350
vt 0.405666 0.005350
vt 0.575363 0.005350
vt 0.615817 0.005350
vt 0.544319 0.013476
vt 0.507291 0.011397
vt 0.472330 0.013116
vt 0.558146 0.713612
vt 0.625000 0.731806
vt 0.558146 0.731806
vt 0.375000 0.018194
vt 0.749104 0.731806
vt 0.749104 0.713612
vt 0.216297 0.731806
vt 0.250000 0.731806
vt 0.250000 0.750000
vt 0.216297 0.750000
vt 0.399596 0.000000
vt 0.625000 0.018194
vt 0.506751 0.012334
vt 0.543279 0.014393
vt 0.462352 0.019471
vt 0.472385 0.014029
vt 0.463737 0.024810
vt 0.492400 0.027105
vt 0.532629 0.026351
vt 0.549820 0.020310
vt 0.558146 0.625000
vt 0.398035 0.713612
vt 0.749104 0.625000
vt 0.750000 0.713612
vt 0.750000 0.731806
vt 0.750000 0.625000
vt 0.750000 0.750000
vt 0.176712 0.731806
vt 0.176712 0.750000
vt 0.125000 0.731806
vt 0.783703 0.713612
vt 0.783703 0.731806
vt 0.783703 0.625000
vt 0.783703 0.750000
vt 0.581610 0.875000
vt 0.625000 0.875000
vt 0.625000 0.908703
vt 0.581610 0.908703
vt 0.581610 0.948288
vt 0.399596 0.948288
vt 0.399596 0.875000
vt 0.399596 0.908703
vt 0.581610 0.000000
vt 0.399596 1.000000
vt 0.375000 0.948288
vt 0.375000 0.875000
vt 0.375000 0.908703
vt 0.581610 0.908703
vt 0.399596 0.908703
vt 0.581610 0.908703
vt 0.399596 0.908703
vt 0.399596 0.948288
vt 0.398035 0.625000
vt 0.398035 0.731806
vt 0.375000 0.731806
vt 0.558146 0.713612
vt 0.558146 0.713612
vt 0.398035 0.713612
vt 0.398035 0.713612
vt 0.558146 0.713612
vt 0.558146 0.713612
vt 0.398035 0.713612
vt 0.250000 0.625000
vt 0.250000 0.713612
vt 0.216297 0.713612
vt 0.216297 0.625000
vt 0.176712 0.625000
vt 0.176712 0.713612
vt 0.125000 0.713612
vt 0.125000 0.625000
vt 1.000000 0.831386
vt 0.968750 0.831386
vt 0.937500 0.831386
vt 0.906250 0.831386
vt 0.875000 0.831386
vt 0.843750 0.831386
vt 0.812500 0.831386
vt 0.781250 0.831386
vt 0.750000 0.831386
vt 0.718750 0.831386
vt 0.687500 0.831386
vt 0.656250 0.831386
vt 0.625000 0.831386
vt 0.593750 0.831386
vt 0.562500 0.831386
vt 0.531250 0.831386
vt 0.500000 0.831386
vt 0.468750 0.831386
vt 0.437500 0.831386
vt 0.406250 0.831386
vt 0.375000 0.831386
vt 0.343750 0.831386
vt 0.312500 0.831386
vt 0.281250 0.831386
vt 0.250000 0.831386
vt 0.218750 0.831386
vt 0.187500 0.831386
vt 0.156250 0.831386
vt 0.125000 0.831386
vt 0.093750 0.831386
vt 0.062500 0.831386
vt 0.416867 0.361497
vt 0.391909 0.391909
vt 0.031250 0.831386
vt 0.000000 0.831386
vt 0.717033 0.089541
vt 0.692755 0.109466
vt 0.031250 0.564222
vt 0.000000 0.564222
vt 0.062500 0.564222
vt 0.093750 0.564222
vt 0.125000 0.564222
vt 0.156250 0.564222
vt 0.187500 0.564222
vt 0.218750 0.564222
vt 0.250000 0.564222
vt 0.281250 0.564222
vt 0.312500 0.564222
vt 0.343750 0.564222
vt 0.375000 0.564222
vt 0.406250 0.564222
vt 0.437500 0.564222
vt 0.468750 0.564222
vt 0.500000 0.564222
vt 0.531250 0.564222
vt 0.562500 0.564222
vt 0.593750 0.564222
vt 0.625000 0.564222
vt 0.656250 0.564222
vt 0.687500 0.564222
vt 0.718750 0.564222
vt 0.750000 0.564222
vt 0.781250 0.564222
vt 0.812500 0.564222
vt 0.843750 0.564222
vt 0.875000 0.564222
vt 0.906250 0.564222
vt 0.937500 0.564222
vt 0.968750 0.564222
vt 1.000000 0.564222
vt 0.250000 0.450689
vt 0.289153 0.446833
vt 0.326800 0.435413
vt 0.361497 0.416867
vt 0.435412 0.326800
vt 0.446833 0.289152
vt 0.450689 0.250000
vt 0.446833 0.210847
vt 0.435413 0.173200
vt 0.416867 0.138503
vt 0.391909 0.108091
vt 0.361497 0.083133
vt 0.326800 0.064588
vt 0.289152 0.053167
vt 0.250000 0.049311
vt 0.210847 0.053167
vt 0.173200 0.064587
vt 0.138503 0.083133
vt 0.108091 0.108091
vt 0.083133 0.138503
vt 0.064587 0.173200
vt 0.053167 0.210848
vt 0.049311 0.250000
vt 0.053167 0.289153
vt 0.064588 0.326801
vt 0.083133 0.361497
vt 0.108092 0.391909
vt 0.138503 0.416867
vt 0.173200 0.435413
vt 0.210848 0.446833
vt 0.751067 0.424914
vt 0.750000 0.425020
vt 0.762294 0.421509
vt 0.782967 0.410459
vt 0.807245 0.390535
vt 0.830106 0.362678
vt 0.848307 0.328628
vt 0.859911 0.290374
vt 0.863887 0.250000
vt 0.859911 0.209626
vt 0.848307 0.171373
vt 0.830106 0.137322
vt 0.807245 0.109465
vt 0.782967 0.089541
vt 0.762294 0.078491
vt 0.751067 0.075086
vt 0.750000 0.074980
vt 0.748932 0.075086
vt 0.737706 0.078491
vt 0.669893 0.137322
vt 0.651693 0.171372
vt 0.640089 0.209627
vt 0.636113 0.250000
vt 0.640089 0.290374
vt 0.651693 0.328628
vt 0.669894 0.362678
vt 0.692755 0.390535
vt 0.717033 0.410459
vt 0.737707 0.421510
vt 0.748932 0.424915
vt 0.750000 0.426080
vt 0.751814 0.425901
vt 0.763592 0.422329
vt 0.784605 0.411097
vt 0.809081 0.391010
vt 0.832056 0.363015
vt 0.850321 0.328843
vt 0.861959 0.290479
vt 0.865946 0.250000
vt 0.861959 0.209521
vt 0.850321 0.171157
vt 0.832056 0.136985
vt 0.809080 0.108989
vt 0.784605 0.088903
vt 0.763592 0.077672
vt 0.751814 0.074099
vt 0.750000 0.073920
vt 0.748186 0.074099
vt 0.736408 0.077671
vt 0.715395 0.088903
vt 0.690920 0.108990
vt 0.667944 0.136985
vt 0.649679 0.171157
vt 0.638041 0.209522
vt 0.634054 0.250000
vt 0.638041 0.290479
vt 0.649679 0.328843
vt 0.667944 0.363015
vt 0.690920 0.391010
vt 0.715395 0.411097
vt 0.736408 0.422329
vt 0.748186 0.425902
vt 0.290145 0.451822
vt 0.250000 0.455776
vt 0.209856 0.451822
vt 0.171253 0.440112
vt 0.135677 0.421097
vt 0.104495 0.395506
vt 0.078904 0.364323
vt 0.059888 0.328747
vt 0.048178 0.290145
vt 0.044224 0.250000
vt 0.048178 0.209855
vt 0.059888 0.171253
vt 0.078904 0.135677
vt 0.104495 0.104495
vt 0.135677 0.078904
vt 0.171253 0.059888
vt 0.209855 0.048178
vt 0.250000 0.044224
vt 0.290145 0.048178
vt 0.328747 0.059888
vt 0.364323 0.078904
vt 0.395505 0.104495
vt 0.421096 0.135677
vt 0.440112 0.171253
vt 0.451822 0.209855
vt 0.455776 0.250000
vt 0.451822 0.290145
vt 0.440112 0.328747
vt 0.421096 0.364323
vt 0.395505 0.395505
vt 0.364323 0.421096
vt 0.328747 0.440112
s 0
usemtl Material.001
f 1/1/1 2/2/1 4/3/1 3/4/1
f 3/4/2 4/3/2 8/5/2 7/6/2
f 7/6/3 8/5/3 6/7/3 5/8/3
f 5/8/4 6/7/4 2/9/4 1/10/4
f 3/11/5 7/6/5 5/8/5 1/12/5
f 8/5/6 4/13/6 2/14/6 6/7/6
f 9/1/7 10/2/7 12/3/7 11/4/7
f 27/15/8 25/16/8 16/5/8 15/6/8
f 13/8/5 15/6/5 22/6/5 23/8/5
f 32/17/9 30/18/9 10/9/9 9/10/9
f 27/19/5 15/6/5 13/8/5 26/20/5
f 31/21/6 12/13/6 10/14/6 30/22/6
f 35/23/6 18/24/6 20/25/6 34/26/6
f 29/27/5 17/28/5 19/29/5 32/30/5
f 36/31/10 34/32/10 20/33/10 19/34/10
f 29/35/11 31/36/11 18/37/11 17/38/11
f 22/6/12 21/5/12 24/7/12 23/8/12
f 16/5/6 14/7/6 24/7/6 21/5/6
f 15/6/13 16/5/13 21/5/13 22/6/13
f 14/7/14 13/8/14 23/8/14 24/7/14
f 13/8/15 14/7/15 28/39/15 26/40/15
f 16/5/6 25/41/6 28/42/6 14/7/6
f 33/43/5 27/19/5 26/20/5 36/44/5
f 33/45/16 35/46/16 25/16/16 27/15/16
f 11/4/17 12/3/17 31/36/17 29/35/17
f 11/11/5 29/27/5 32/30/5 9/12/5
f 18/24/6 31/21/6 30/22/6 20/25/6
f 19/34/18 20/33/18 30/18/18 32/17/18
f 17/38/19 18/37/19 35/46/19 33/45/19
f 17/28/5 33/43/5 36/44/5 19/29/5
f 26/40/20 28/39/20 34/32/20 36/31/20
f 25/41/6 35/23/6 34/26/6 28/42/6
f 37/47/21 38/48/21 40/49/21 39/50/21
f 39/50/22 40/49/22 42/51/22 41/52/22
f 41/52/23 42/51/23 44/53/23 43/54/23
f 43/54/24 44/53/24 46/55/24 45/13/24
f 45/13/25 46/55/25 48/56/25 47/57/25
f 47/57/26 48/56/26 50/58/26 49/59/26
f 49/59/27 50/58/27 52/60/27 51/61/27
f 51/61/28 52/60/28 54/62/28 53/63/28
f 53/63/29 54/62/29 56/64/29 55/65/29
f 55/65/30 56/64/30 58/66/30 57/67/30
f 57/67/31 58/66/31 60/68/31 59/69/31
f 59/69/32 60/68/32 62/9/32 61/5/32
f 61/5/33 62/9/33 64/70/33 63/71/33
f 63/71/34 64/70/34 66/72/34 65/73/34
f 65/73/35 66/72/35 68/74/35 67/75/35
f 67/75/36 68/74/36 70/76/36 69/77/36
f 69/77/37 70/76/37 72/78/37 71/79/37
f 71/79/38 72/78/38 74/80/38 73/81/38
f 73/81/39 74/80/39 76/82/39 75/83/39
f 75/83/40 76/82/40 78/10/40 77/6/40
f 77/6/41 78/10/41 80/84/41 79/85/41
f 79/85/42 80/84/42 82/86/42 81/87/42
f 81/87/43 82/86/43 84/88/43 83/89/43
f 83/89/44 84/88/44 86/90/44 85/91/44
f 85/91/45 86/90/45 88/92/45 87/93/45
f 87/93/46 88/92/46 90/94/46 89/95/46
f 89/95/47 90/94/47 92/96/47 91/97/47
f 91/97/48 92/96/48 94/98/48 93/11/48
f 93/11/49 94/98/49 96/99/49 95/100/49
f 95/100/50 96/99/50 98/101/50 97/102/50
f 40/103/51 38/104/51 100/105/51 98/106/51 96/107/51 94/108/51 92/109/51 90/110/51 88/111/51 86/112/51 84/113/51 82/114/51 80/115/51 78/116/51 76/117/51 74/118/51 72/119/51 70/120/51 68/121/51 66/122/51 64/123/51 62/124/51 60/125/51 58/126/51 56/127/51 54/128/51 52/129/51 50/130/51 48/131/51 46/132/51 44/133/51 42/134/51
f 97/102/52 98/101/52 100/135/52 99/136/52
f 99/136/53 100/135/53 38/137/53 37/138/53
f 37/139/54 39/140/54 41/141/54 43/142/54 45/143/54 47/144/54 49/145/54 51/146/54 53/147/54 55/148/54 57/149/54 59/150/54 61/151/54 63/152/54 65/153/54 67/154/54 69/155/54 71/156/54 73/157/54 75/158/54 77/159/54 79/160/54 81/161/54 83/162/54 85/163/54 87/164/54 89/165/54 91/166/54 93/167/54 95/168/54 97/169/54 99/170/54
f 101/47/21 102/48/21 104/49/21 103/50/21
f 103/50/22 104/49/22 106/51/22 105/52/22
f 105/52/23 106/51/23 108/53/23 107/54/23
f 107/54/24 108/53/24 110/55/24 109/13/24
f 109/13/25 110/55/25 112/56/25 111/57/25
f 111/57/26 112/56/26 114/58/26 113/59/26
f 113/59/27 114/58/27 116/60/27 115/61/27
f 115/61/28 116/60/28 118/62/28 117/63/28
f 117/63/29 118/62/29 120/64/29 119/65/29
f 119/65/30 120/64/30 122/66/30 121/67/30
f 121/67/31 122/66/31 124/68/31 123/69/31
f 123/69/32 124/68/32 126/9/32 125/5/32
f 125/5/33 126/9/33 128/70/33 127/71/33
f 127/71/34 128/70/34 130/72/34 129/73/34
f 129/73/35 130/72/35 132/74/35 131/75/35
f 131/75/36 132/74/36 134/76/36 133/77/36
f 133/77/37 134/76/37 136/78/37 135/79/37
f 135/79/38 136/78/38 138/80/38 137/81/38
f 137/81/39 138/80/39 140/82/39 139/83/39
f 139/83/40 140/82/40 142/10/40 141/6/40
f 141/6/41 142/10/41 144/84/41 143/85/41
f 143/85/42 144/84/42 146/86/42 145/87/42
f 145/87/43 146/86/43 148/88/43 147/89/43
f 147/89/44 148/88/44 150/90/44 149/91/44
f 149/91/45 150/90/45 152/92/45 151/93/45
f 151/93/46 152/92/46 154/94/46 153/95/46
f 153/95/47 154/94/47 156/96/47 155/97/47
f 155/97/48 156/96/48 158/98/48 157/11/48
f 157/11/49 158/98/49 160/99/49 159/100/49
f 159/100/50 160/99/50 162/101/50 161/102/50
f 104/103/51 102/104/51 164/105/51 162/106/51 160/107/51 158/108/51 156/109/51 154/110/51 152/111/51 150/112/51 148/113/51 146/114/51 144/115/51 142/116/51 140/117/51 138/118/51 136/119/51 134/120/51 132/121/51 130/122/51 128/123/51 126/124/51 124/125/51 122/126/51 120/127/51 118/128/51 116/129/51 114/130/51 112/131/51 110/132/51 108/133/51 106/134/51
f 161/102/52 162/101/52 164/135/52 163/136/52
f 163/136/53 164/135/53 102/137/53 101/138/53
f 101/139/54 103/140/54 105/141/54 107/142/54 109/143/54 111/144/54 113/145/54 115/146/54 117/147/54 119/148/54 121/149/54 123/150/54 125/151/54 127/152/54 129/153/54 131/154/54 133/155/54 135/156/54 137/157/54 139/158/54 141/159/54 143/160/54 145/161/54 147/162/54 149/163/54 151/164/54 153/165/54 155/166/54 157/167/54 159/168/54 161/169/54 163/170/54
f 165/47/55 166/48/55 168/49/55 167/50/55
f 167/50/56 168/49/56 170/51/56 169/52/56
f 169/52/57 170/51/57 172/53/57 171/54/57
f 171/54/58 172/53/58 174/55/58 173/13/58
f 173/13/59 174/55/59 176/56/59 175/57/59
f 175/57/60 176/56/60 178/58/60 177/59/60
f 177/59/61 178/58/61 180/60/61 179/61/61
f 179/61/62 180/60/62 182/62/62 181/63/62
f 181/63/63 182/62/63 184/64/63 183/65/63
f 183/65/64 184/64/64 186/66/64 185/67/64
f 185/67/65 186/66/65 188/68/65 187/69/65
f 187/69/66 188/68/66 190/9/66 189/5/66
f 189/5/67 190/9/67 192/70/67 191/71/67
f 191/71/68 192/70/68 194/72/68 193/73/68
f 193/73/69 194/72/69 196/74/69 195/75/69
f 195/75/70 196/74/70 198/76/70 197/77/70
f 197/77/71 198/76/71 200/78/71 199/79/71
f 199/79/72 200/78/72 202/80/72 201/81/72
f 201/81/73 202/80/73 204/82/73 203/83/73
f 203/83/74 204/82/74 206/10/74 205/6/74
f 205/6/75 206/10/75 208/84/75 207/85/75
f 207/85/76 208/84/76 210/86/76 209/87/76
f 209/87/77 210/86/77 212/88/77 211/89/77
f 211/89/78 212/88/78 214/90/78 213/91/78
f 213/91/79 214/90/79 216/92/79 215/93/79
f 215/93/80 216/92/80 218/94/80 217/95/80
f 217/95/81 218/94/81 220/96/81 219/97/81
f 219/97/82 220/96/82 222/98/82 221/11/82
f 221/11/83 222/98/83 224/99/83 223/100/83
f 223/100/84 224/99/84 226/101/84 225/102/84
f 168/103/85 166/104/85 228/105/85 226/106/85 224/107/85 222/108/85 220/109/85 218/110/85 216/111/85 214/112/85 212/113/85 210/114/85 208/115/85 206/116/85 204/117/85 202/118/85 200/119/85 198/120/85 196/121/85 194/122/85 192/123/85 190/124/85 188/125/85 186/126/85 184/127/85 182/128/85 180/129/85 178/130/85 176/131/85 174/132/85 172/133/85 170/134/85
f 225/102/86 226/101/86 228/135/86 227/136/86
f 227/136/87 228/135/87 166/137/87 165/138/87
f 165/139/88 167/140/88 169/141/88 171/142/88 173/143/88 175/144/88 177/145/88 179/146/88 181/147/88 183/148/88 185/149/88 187/150/88 189/151/88 191/152/88 193/153/88 195/154/88 197/155/88 199/156/88 201/157/88 203/158/88 205/159/88 207/160/88 209/161/88 211/162/88 213/163/88 215/164/88 217/165/88 219/166/88 221/167/88 223/168/88 225/169/88 227/170/88
f 229/47/89 230/48/89 232/49/89 231/50/89
f 231/50/90 232/49/90 234/51/90 233/52/90
f 233/52/91 234/51/91 236/53/91 235/54/91
f 235/54/92 236/53/92 238/55/92 237/13/92
f 237/13/93 238/55/93 240/56/93 239/57/93
f 239/57/94 240/56/94 242/58/94 241/59/94
f 241/59/95 242/58/95 244/60/95 243/61/95
f 243/61/96 244/60/96 246/62/96 245/63/96
f 245/63/97 246/62/97 248/64/97 247/65/97
f 247/65/98 248/64/98 250/66/98 249/67/98
f 249/67/99 250/66/99 252/68/99 251/69/99
f 251/69/100 252/68/100 254/9/100 253/5/100
f 253/5/101 254/9/101 256/70/101 255/71/101
f 255/71/102 256/70/102 258/72/102 257/73/102
f 257/73/103 258/72/103 260/74/103 259/75/103
f 259/75/104 260/74/104 262/76/104 261/77/104
f 261/77/105 262/76/105 264/78/105 263/79/105
f 263/79/106 264/78/106 266/80/106 265/81/106
f 265/81/107 266/80/107 268/82/107 267/83/107
f 267/83/108 268/82/108 270/10/108 269/6/108
f 269/6/109 270/10/109 272/84/109 271/85/109
f 271/85/110 272/84/110 274/86/110 273/87/110
f 273/87/111 274/86/111 276/88/111 275/89/111
f 275/89/112 276/88/112 278/90/112 277/91/112
f 277/91/113 278/90/113 280/92/113 279/93/113
f 279/93/114 280/92/114 282/94/114 281/95/114
f 281/95/115 282/94/115 284/96/115 283/97/115
f 283/97/116 284/96/116 286/98/116 285/11/116
f 285/11/117 286/98/117 288/99/117 287/100/117
f 287/100/118 288/99/118 290/101/118 289/102/118
f 232/103/85 230/104/85 292/105/85 290/106/85 288/107/85 286/108/85 284/109/85 282/110/85 280/111/85 278/112/85 276/113/85 274/114/85 272/115/85 270/116/85 268/117/85 266/118/85 264/119/85 262/120/85 260/121/85 258/122/85 256/123/85 254/124/85 252/125/85 250/126/85 248/127/85 246/128/85 244/129/85 242/130/85 240/131/85 238/132/85 236/133/85 234/134/85
f 289/102/119 290/101/119 292/135/119 291/136/119
f 291/136/120 292/135/120 230/137/120 229/138/120
f 229/139/88 231/140/88 233/141/88 235/142/88 237/143/88 239/144/88 241/145/88 243/146/88 245/147/88 247/148/88 249/149/88 251/150/88 253/151/88 255/152/88 257/153/88 259/154/88 261/155/88 263/156/88 265/157/88 267/158/88 269/159/88 271/160/88 273/161/88 275/162/88 277/163/88 279/164/88 281/165/88 283/166/88 285/167/88 287/168/88 289/169/88 291/170/88
f 303/171/121 302/47/121 296/48/121 298/172/121
f 304/173/122 303/171/122 298/172/122 299/174/122
f 301/138/123 304/173/123 299/174/123 295/137/123
f 293/175/51 300/176/51 304/173/51 301/138/51
f 300/176/51 297/177/51 303/171/51 304/173/51
f 297/177/51 294/178/51 302/47/51 303/171/51
f 315/171/124 314/47/124 308/48/124 310/172/124
f 316/173/125 315/171/125 310/172/125 311/174/125
f 313/138/126 316/173/126 311/174/126 307/137/126
f 305/175/51 312/176/51 316/173/51 313/138/51
f 312/176/51 309/177/51 315/171/51 316/173/51
f 309/177/51 306/178/51 314/47/51 315/171/51
f 317/175/51 318/178/51 320/48/51 327/179/51 328/180/51 329/181/51 330/182/51 321/183/51 322/184/51 323/185/51 324/186/51 333/187/51 334/188/51 335/189/51
f 343/190/51 342/191/51 341/186/51 340/185/51 339/184/51 338/183/51
f 319/137/51 324/186/51 325/191/51 326/190/51 321/183/51 320/48/51
f 323/185/127 322/184/127 339/184/127 340/185/127
f 321/183/51 330/182/51 331/192/51 332/193/51 327/179/51 320/48/51
f 328/180/128 327/179/128 344/179/128 345/180/128
f 322/184/129 321/183/129 338/183/129 339/184/129
f 336/194/51 337/195/51 333/187/51 324/186/51 319/137/51 317/175/51 335/189/51
f 349/193/51 348/192/51 347/182/51 346/181/51 345/180/51 344/179/51
f 352/189/51 351/188/51 350/187/51 354/195/51 353/194/51
f 334/188/130 333/187/130 350/187/130 351/188/130
f 329/181/131 328/180/131 345/180/131 346/181/131
f 324/186/132 323/185/132 340/185/132 341/186/132
f 335/189/133 334/188/133 351/188/133 352/189/133
f 330/182/134 329/181/134 346/181/134 347/182/134
f 325/191/135 324/186/135 341/186/135 342/191/135
f 336/194/136 335/189/136 352/189/136 353/194/136
f 331/192/137 330/182/137 347/182/137 348/192/137
f 326/190/138 325/191/138 342/191/138 343/190/138
f 337/195/139 336/194/139 353/194/139 354/195/139
f 332/193/140 331/192/140 348/192/140 349/193/140
f 321/183/141 326/190/141 343/190/141 338/183/141
f 333/187/142 337/195/142 354/195/142 350/187/142
f 327/179/143 332/193/143 349/193/143 344/179/143
f 355/1/144 356/2/144 358/3/144 357/4/144
f 357/4/145 358/3/145 362/5/145 361/6/145
f 361/6/146 362/5/146 360/7/146 359/8/146
f 359/8/147 360/7/147 356/9/147 355/10/147
f 357/11/54 361/6/54 359/8/54 355/12/54
f 362/5/51 358/13/51 356/14/51 360/7/51
f 363/1/148 364/2/148 366/3/148 365/4/148
f 365/4/149 366/3/149 370/5/149 369/6/149
f 369/6/150 370/5/150 368/7/150 367/8/150
f 367/8/151 368/7/151 364/9/151 363/10/151
f 365/11/152 369/6/152 367/8/152 363/12/152
f 370/5/153 366/13/153 364/14/153 368/7/153
f 371/1/154 372/2/154 374/3/154 373/4/154
f 373/4/155 374/3/155 378/5/155 377/6/155
f 377/6/156 378/5/156 376/7/156 375/8/156
f 375/8/157 376/7/157 372/9/157 371/10/157
f 373/11/54 377/6/54 375/8/54 371/12/54
f 378/5/51 374/13/51 372/14/51 376/7/51
f 379/1/158 380/2/158 382/3/158 381/4/158
f 381/4/159 382/3/159 386/5/159 385/6/159
f 385/6/160 386/5/160 384/7/160 383/8/160
f 383/8/161 384/7/161 380/9/161 379/10/161
f 381/11/162 385/6/162 383/8/162 379/12/162
f 386/5/163 382/13/163 380/14/163 384/7/163
f 387/1/164 388/2/164 390/3/164 389/4/164
f 405/15/165 403/16/165 394/5/165 393/6/165
f 391/8/54 393/6/54 400/6/54 401/8/54
f 410/17/166 408/18/166 388/9/166 387/10/166
f 405/19/54 393/6/54 391/8/54 404/20/54
f 409/21/51 390/13/51 388/14/51 408/22/51
f 413/23/51 396/24/51 398/25/51 412/26/51
f 407/27/54 395/28/54 397/29/54 410/30/54
f 414/31/167 412/32/167 398/33/167 397/34/167
f 407/35/168 409/36/168 396/37/168 395/38/168
f 400/6/169 399/5/169 402/7/169 401/8/169
f 394/5/51 392/7/51 402/7/51 399/5/51
f 393/6/170 394/5/170 399/5/170 400/6/170
f 392/7/171 391/8/171 401/8/171 402/7/171
f 391/8/172 392/7/172 406/39/172 404/40/172
f 394/5/51 403/41/51 406/42/51 392/7/51
f 411/43/54 405/19/54 404/20/54 414/44/54
f 411/45/173 413/46/173 403/16/173 405/15/173
f 389/4/174 390/3/174 409/36/174 407/35/174
f 389/11/54 407/27/54 410/30/54 387/12/54
f 396/24/51 409/21/51 408/22/51 398/25/51
f 397/34/175 398/33/175 408/18/175 410/17/175
f 395/38/176 396/37/176 413/46/176 411/45/176
f 395/28/54 411/43/54 414/44/54 397/29/54
f 404/40/177 406/39/177 412/32/177 414/31/177
f 403/41/51 413/23/51 412/26/51 406/42/51
f 415/1/178 416/2/178 418/3/178 417/4/178
f 417/4/179 418/3/179 422/5/179 421/6/179
f 421/6/180 422/5/180 420/7/180 419/8/180
f 419/8/181 420/7/181 416/9/181 415/10/181
f 417/11/5 421/6/5 419/8/5 415/12/5
f 422/5/6 418/13/6 416/14/6 420/7/6
f 494/196/182 485/197/182 440/9/182 490/198/182
f 489/199/183 441/200/183 440/14/183 485/201/183
f 443/202/184 442/203/184 2832/204/184 2831/205/184
f 429/206/185 452/207/185 453/208/185 454/209/185 455/210/185 456/211/185 431/212/185 427/213/185 425/214/185
f 2904/215/51 2832/216/51 442/217/51 488/218/51
f 2879/219/186 468/220/186 592/220/186 3017/219/186
f 2948/221/51 528/222/51 469/223/51 2880/221/51
f 423/224/187 499/225/187 492/226/187 424/227/187 431/212/187 456/211/187 457/228/187 458/229/187 459/230/187 452/207/187 429/206/187
f 488/218/188 442/217/188 441/200/188 489/199/188
f 529/220/189 428/220/189 584/220/189 593/220/189
f 522/231/186 426/223/186 430/232/186 523/233/186
f 438/234/190 443/202/190 585/202/190 588/234/190
f 436/175/191 471/175/191 475/175/191 473/175/191
f 443/202/184 2831/205/184 3007/205/184 585/202/184
f 471/235/192 470/236/192 474/236/192 475/235/192
f 481/237/54 437/238/54 433/239/54 482/240/54
f 423/224/193 429/206/193 438/234/193 439/1/193
f 499/225/194 423/224/194 439/1/194 498/241/194
f 427/213/195 431/212/195 441/242/195 442/203/195
f 425/214/190 427/213/190 442/203/190 443/202/190
f 429/206/196 425/214/196 443/202/196 438/234/196
f 431/212/197 424/227/197 440/2/197 441/242/197
f 450/243/198 449/244/198 465/244/198 466/243/198
f 445/245/199 451/246/199 467/246/199 461/245/199
f 445/245/200 446/247/200 453/208/200 452/207/200
f 446/247/201 447/248/201 454/209/201 453/208/201
f 447/248/202 448/249/202 455/210/202 454/209/202
f 448/249/203 444/250/203 456/211/203 455/210/203
f 444/250/204 449/244/204 457/228/204 456/211/204
f 449/244/205 450/243/205 458/229/205 457/228/205
f 450/243/206 451/246/206 459/230/206 458/229/206
f 451/246/207 445/245/207 452/207/207 459/230/207
f 460/250/208 464/249/208 463/248/208 462/247/208 461/245/208
f 461/245/209 467/246/209 466/243/209 465/244/209 460/250/209
f 444/250/210 448/249/210 464/249/210 460/250/210
f 447/248/211 446/247/211 462/247/211 463/248/211
f 451/246/212 450/243/212 466/243/212 467/246/212
f 449/244/213 444/250/213 460/250/213 465/244/213
f 448/249/214 447/248/214 463/248/214 464/249/214
f 446/247/215 445/245/215 461/245/215 462/247/215
f 2941/251/186 2880/221/186 469/223/186 524/231/186
f 468/220/189 529/220/189 593/220/189 592/220/189
f 531/252/189 529/220/189 468/220/189 527/252/189
f 2833/221/51 2882/253/51 470/236/51 426/223/51
f 426/223/216 470/236/216 471/235/216 430/232/216
f 474/236/217 472/254/217 473/255/217 475/235/217
f 2888/253/51 2887/256/51 472/254/51 474/236/51
f 2844/256/186 435/254/186 472/254/186 2887/256/186
f 435/254/218 436/255/218 473/255/218 472/254/218
f 470/236/184 2882/253/184 2888/253/184 474/236/184
f 430/232/219 471/235/219 477/235/219 476/232/219
f 436/255/220 434/257/220 478/257/220 479/255/220
f 486/258/54 481/237/54 482/240/54 487/259/54
f 432/175/219 437/175/219 591/175/219 586/175/219
f 486/258/219 438/260/219 588/260/219 589/258/219
f 435/254/221 483/261/221 484/262/221 436/255/221
f 2844/256/51 2898/263/51 483/261/51 435/254/51
f 436/255/222 484/262/222 480/264/222 434/257/222
f 491/265/223 434/266/223 480/267/223 493/268/223
f 481/237/219 486/258/219 589/258/219 595/237/219
f 437/238/219 481/237/219 595/237/219 591/238/219
f 438/260/54 486/258/54 487/259/54 439/12/54
f 483/261/224 488/218/224 489/199/224 484/262/224
f 2898/263/51 2904/215/51 488/218/51 483/261/51
f 484/262/225 489/199/225 485/201/225 480/264/225
f 493/268/226 480/267/226 485/197/226 494/196/226
f 510/269/227 508/270/227 570/270/227 571/269/227
f 495/271/223 491/265/223 493/268/223 496/272/223
f 424/227/194 492/226/194 490/273/194 440/2/194
f 497/270/228 494/196/228 490/198/228 498/274/228
f 487/275/223 497/270/223 498/274/223 439/10/223
f 433/276/223 495/271/223 496/272/223 482/277/223
f 482/277/223 496/272/223 497/270/223 487/275/223
f 492/226/194 499/225/194 498/241/194 490/273/194
f 502/272/229 500/268/229 501/196/229 503/270/229
f 511/278/230 510/269/230 501/196/230 500/268/230
f 508/270/54 509/279/54 502/272/54 503/270/54
f 509/279/231 511/278/231 500/268/231 502/272/231
f 583/272/231 581/280/231 506/280/231 507/281/231
f 582/282/54 583/272/54 507/281/54 504/270/54
f 581/280/230 580/196/230 505/196/230 506/280/230
f 580/196/232 582/282/232 504/270/232 505/196/232
f 507/281/231 506/280/231 511/278/231 509/279/231
f 504/270/54 507/281/54 509/279/54 508/270/54
f 510/269/233 511/278/233 514/278/233 512/269/233
f 505/196/234 504/270/234 518/270/234 517/196/234
f 515/280/230 513/196/230 512/269/230 514/278/230
f 513/196/235 505/196/235 517/196/235 521/196/235
f 506/280/236 505/196/236 513/196/236 515/280/236
f 511/278/231 506/280/231 515/280/231 514/278/231
f 517/196/232 518/270/232 519/270/232 516/269/232
f 517/196/237 516/269/237 520/269/237 521/196/237
f 512/269/238 513/196/238 521/196/238 520/269/238
f 510/269/239 512/269/239 520/269/239 516/269/239
f 504/270/240 508/270/240 519/270/240 518/270/240
f 508/270/241 510/269/241 516/269/241 519/270/241
f 528/222/189 530/231/189 524/231/189 469/223/189
f 2945/283/186 2941/251/186 524/231/186 527/252/186
f 525/252/186 522/231/186 523/233/186 526/284/186
f 428/220/186 525/252/186 526/284/186 432/285/186
f 2879/219/186 2945/283/186 527/252/186 468/220/186
f 542/286/51 540/287/51 532/231/51 533/231/51
f 522/231/189 525/252/189 531/252/189 530/231/189
f 426/223/189 522/231/189 530/231/189 528/222/189
f 525/252/189 428/220/189 529/220/189 531/252/189
f 428/220/186 432/285/186 586/285/186 584/220/186
f 2833/221/51 426/223/51 528/222/51 2948/221/51
f 532/231/189 535/252/189 534/252/189 533/231/189
f 543/288/54 541/252/54 534/252/54 535/252/54
f 535/252/242 532/231/242 577/231/242 576/252/242
f 541/252/242 542/286/242 533/231/242 534/252/242
f 557/289/242 554/290/242 537/291/242 538/252/242
f 556/287/243 555/252/243 539/292/243 536/290/243
f 555/252/54 557/289/54 538/252/54 539/292/54
f 554/290/51 556/287/51 536/290/51 537/291/51
f 538/252/242 537/291/242 542/286/242 541/252/242
f 540/287/244 547/287/244 553/287/244 551/287/244
f 539/292/54 538/252/54 541/252/54 543/288/54
f 543/288/244 540/287/244 551/287/244 548/288/244
f 545/291/51 546/290/51 547/287/51 544/286/51
f 540/287/189 542/286/189 544/286/189 547/287/189
f 537/291/245 536/290/245 546/290/245 545/291/245
f 542/286/242 537/291/242 545/291/242 544/286/242
f 550/290/246 549/292/246 548/288/246 551/287/246
f 550/290/246 551/287/246 553/287/246 552/290/246
f 547/287/51 546/290/51 552/290/51 553/287/51
f 536/290/247 539/292/247 549/292/247 550/290/247
f 539/292/54 543/288/54 548/288/54 549/292/54
f 546/290/247 536/290/247 550/290/247 552/290/247
f 554/290/242 524/231/242 559/231/242 560/290/242
f 531/252/54 527/252/54 557/289/54 555/252/54
f 561/287/248 558/231/248 566/231/248 567/287/248
f 527/252/242 524/231/242 554/290/242 557/289/242
f 559/231/51 558/231/51 561/287/51 560/290/51
f 524/231/245 530/231/245 558/231/245 559/231/245
f 556/287/249 554/290/249 560/290/249 561/287/249
f 558/231/250 530/231/250 563/231/250 566/231/250
f 563/231/251 562/252/251 564/252/251 565/287/251
f 563/231/252 565/287/252 567/287/252 566/231/252
f 530/231/250 531/252/250 562/252/250 563/231/250
f 555/252/253 556/287/253 565/287/253 564/252/253
f 556/287/254 561/287/254 567/287/254 565/287/254
f 531/252/255 555/252/255 564/252/255 562/252/255
f 571/269/232 570/270/232 569/270/232 568/196/232
f 508/270/256 503/270/256 569/270/256 570/270/256
f 503/270/257 501/196/257 568/196/257 569/270/257
f 501/196/258 510/269/258 571/269/258 568/196/258
f 574/287/246 575/288/246 572/252/246 573/231/246
f 540/287/259 543/288/259 575/288/259 574/287/259
f 543/288/54 535/252/54 572/252/54 575/288/54
f 532/231/51 540/287/51 574/287/51 573/231/51
f 576/252/260 577/231/260 579/231/260 578/252/260
f 532/231/51 573/231/51 579/231/51 577/231/51
f 573/231/246 572/252/246 578/252/246 579/231/246
f 572/252/54 535/252/54 576/252/54 578/252/54
f 494/196/232 497/270/232 582/282/232 580/196/232
f 493/268/230 494/196/230 580/196/230 581/280/230
f 497/270/54 496/272/54 583/272/54 582/282/54
f 496/272/231 493/268/231 581/280/231 583/272/231
f 3013/293/54 3005/219/54 584/220/54 590/294/54
f 590/294/54 584/220/54 586/285/54 591/238/54
f 594/295/54 590/294/54 591/238/54 595/237/54
f 3020/296/54 3013/293/54 590/294/54 594/295/54
f 593/220/54 3018/219/54 3017/219/54 592/220/54
f 3006/297/54 3020/296/54 594/295/54 587/298/54
f 587/298/54 594/295/54 595/237/54 589/258/54
f 585/299/54 587/298/54 589/258/54 588/260/54
f 3007/300/54 3006/297/54 587/298/54 585/299/54
f 584/220/54 3005/219/54 3018/219/54 593/220/54
f 1150/47/301 1151/48/301 1153/49/301 1152/50/301
f 1152/50/302 1153/49/302 1155/51/302 1154/52/302
f 1154/52/303 1155/51/303 1157/53/303 1156/54/303
f 1156/54/304 1157/53/304 1159/55/304 1158/13/304
f 1158/13/305 1159/55/305 1161/56/305 1160/57/305
f 1160/57/306 1161/56/306 1163/58/306 1162/59/306
f 1162/59/307 1163/58/307 1165/60/307 1164/61/307
f 1164/61/308 1165/60/308 1167/62/308 1166/63/308
f 1166/63/309 1167/62/309 1169/64/309 1168/65/309
f 1168/65/310 1169/64/310 1171/66/310 1170/67/310
f 1170/67/311 1171/66/311 1173/68/311 1172/69/311
f 1172/69/312 1173/68/312 1175/9/312 1174/5/312
f 1174/5/313 1175/9/313 1177/70/313 1176/71/313
f 1176/71/314 1177/70/314 1179/72/314 1178/73/314
f 1178/73/315 1179/72/315 1181/74/315 1180/75/315
f 1180/75/316 1181/74/316 1183/76/316 1182/77/316
f 1182/77/317 1183/76/317 1185/78/317 1184/79/317
f 1184/79/318 1185/78/318 1187/80/318 1186/81/318
f 1186/81/319 1187/80/319 1189/82/319 1188/83/319
f 1188/83/320 1189/82/320 1191/10/320 1190/6/320
f 1190/6/321 1191/10/321 1193/84/321 1192/85/321
f 1192/85/322 1193/84/322 1195/86/322 1194/87/322
f 1194/87/323 1195/86/323 1197/88/323 1196/89/323
f 1196/89/324 1197/88/324 1199/90/324 1198/91/324
f 1198/91/325 1199/90/325 1201/92/325 1200/93/325
f 1200/93/326 1201/92/326 1203/94/326 1202/95/326
f 1202/95/327 1203/94/327 1205/96/327 1204/97/327
f 1204/97/328 1205/96/328 1207/98/328 1206/11/328
f 1206/11/329 1207/98/329 1209/99/329 1208/100/329
f 1208/100/330 1209/99/330 1211/101/330 1210/102/330
f 1153/103/331 1151/104/331 1213/105/331 1211/106/331 1209/107/331 1207/108/331 1205/109/331 1203/110/331 1201/111/331 1199/112/331 1197/113/331 1195/114/331 1193/115/331 1191/116/331 1189/117/331 1187/118/331 1185/119/331 1183/120/331 1181/121/331 1179/122/331 1177/123/331 1175/124/331 1173/125/331 1171/126/331 1169/127/331 1167/128/331 1165/129/331 1163/130/331 1161/131/331 1159/132/331 1157/133/331 1155/134/331
f 1210/102/332 1211/101/332 1213/135/332 1212/136/332
f 1212/136/333 1213/135/333 1151/137/333 1150/138/333
f 1150/139/334 1152/140/334 1154/141/334 1156/142/334 1158/143/334 1160/144/334 1162/145/334 1164/146/334 1166/147/334 1168/148/334 1170/149/334 1172/150/334 1174/151/334 1176/152/334 1178/153/334 1180/154/334 1182/155/334 1184/156/334 1186/157/334 1188/158/334 1190/159/334 1192/160/334 1194/161/334 1196/162/334 1198/163/334 1200/164/334 1202/165/334 1204/166/334 1206/167/334 1208/168/334 1210/169/334 1212/170/334
f 1214/47/335 1215/48/335 1217/49/335 1216/50/335
f 1216/50/336 1217/49/336 1219/51/336 1218/52/336
f 1218/52/337 1219/51/337 1221/53/337 1220/54/337
f 1220/54/338 1221/53/338 1223/55/338 1222/13/338
f 1222/13/339 1223/55/339 1225/56/339 1224/57/339
f 1224/57/340 1225/56/340 1227/58/340 1226/59/340
f 1226/59/341 1227/58/341 1229/60/341 1228/61/341
f 1228/61/342 1229/60/342 1231/62/342 1230/63/342
f 1230/63/343 1231/62/343 1233/64/343 1232/65/343
f 1232/65/344 1233/64/344 1235/66/344 1234/67/344
f 1234/67/345 1235/66/345 1237/68/345 1236/69/345
f 1236/69/346 1237/68/346 1239/9/346 1238/5/346
f 1238/5/347 1239/9/347 1241/70/347 1240/71/347
f 1240/71/348 1241/70/348 1243/72/348 1242/73/348
f 1242/73/349 1243/72/349 1245/74/349 1244/75/349
f 1244/75/350 1245/74/350 1247/76/350 1246/77/350
f 1246/77/351 1247/76/351 1249/78/351 1248/79/351
f 1248/79/352 1249/78/352 1251/80/352 1250/81/352
f 1250/81/353 1251/80/353 1253/82/353 1252/83/353
f 1252/83/354 1253/82/354 1255/10/354 1254/6/354
f 1254/6/355 1255/10/355 1257/84/355 1256/85/355
f 1256/85/356 1257/84/356 1259/86/356 1258/87/356
f 1258/87/357 1259/86/357 1261/88/357 1260/89/357
f 1260/89/358 1261/88/358 1263/90/358 1262/91/358
f 1262/91/359 1263/90/359 1265/92/359 1264/93/359
f 1264/93/360 1265/92/360 1267/94/360 1266/95/360
f 1266/95/361 1267/94/361 1269/96/361 1268/97/361
f 1268/97/362 1269/96/362 1271/98/362 1270/11/362
f 1270/11/363 1271/98/363 1273/99/363 1272/100/363
f 1272/100/364 1273/99/364 1275/101/364 1274/102/364
f 1217/103/331 1215/104/331 1277/105/331 1275/106/331 1273/107/331 1271/108/331 1269/109/331 1267/110/331 1265/111/331 1263/112/331 1261/113/331 1259/114/331 1257/115/331 1255/116/331 1253/117/331 1251/118/331 1249/119/331 1247/120/331 1245/121/331 1243/122/331 1241/123/331 1239/124/331 1237/125/331 1235/126/331 1233/127/331 1231/128/331 1229/129/331 1227/130/331 1225/131/331 1223/132/331 1221/133/331 1219/134/331
f 1274/102/365 1275/101/365 1277/135/365 1276/136/365
f 1276/136/366 1277/135/366 1215/137/366 1214/138/366
f 1214/139/334 1216/140/334 1218/141/334 1220/142/334 1222/143/334 1224/144/334 1226/145/334 1228/146/334 1230/147/334 1232/148/334 1234/149/334 1236/150/334 1238/151/334 1240/152/334 1242/153/334 1244/154/334 1246/155/334 1248/156/334 1250/157/334 1252/158/334 1254/159/334 1256/160/334 1258/161/334 1260/162/334 1262/163/334 1264/164/334 1266/165/334 1268/166/334 1270/167/334 1272/168/334 1274/169/334 1276/170/334
f 1278/47/301 1279/48/301 1281/49/301 1280/50/301
f 1280/50/302 1281/49/302 1283/51/302 1282/52/302
f 1282/52/303 1283/51/303 1285/53/303 1284/54/303
f 1284/54/304 1285/53/304 1287/55/304 1286/13/304
f 1286/13/305 1287/55/305 1289/56/305 1288/57/305
f 1288/57/306 1289/56/306 1291/58/306 1290/59/306
f 1290/59/307 1291/58/307 1293/60/307 1292/61/307
f 1292/61/308 1293/60/308 1295/62/308 1294/63/308
f 1294/63/309 1295/62/309 1297/64/309 1296/65/309
f 1296/65/310 1297/64/310 1299/66/310 1298/67/310
f 1298/67/311 1299/66/311 1301/68/311 1300/69/311
f 1300/69/312 1301/68/312 1303/9/312 1302/5/312
f 1302/5/313 1303/9/313 1305/70/313 1304/71/313
f 1304/71/314 1305/70/314 1307/72/314 1306/73/314
f 1306/73/315 1307/72/315 1309/74/315 1308/75/315
f 1308/75/316 1309/74/316 1311/76/316 1310/77/316
f 1310/77/317 1311/76/317 1313/78/317 1312/79/317
f 1312/79/318 1313/78/318 1315/80/318 1314/81/318
f 1314/81/319 1315/80/319 1317/82/319 1316/83/319
f 1316/83/320 1317/82/320 1319/10/320 1318/6/320
f 1318/6/321 1319/10/321 1321/84/321 1320/85/321
f 1320/85/322 1321/84/322 1323/86/322 1322/87/322
f 1322/87/323 1323/86/323 1325/88/323 1324/89/323
f 1324/89/324 1325/88/324 1327/90/324 1326/91/324
f 1326/91/325 1327/90/325 1329/92/325 1328/93/325
f 1328/93/326 1329/92/326 1331/94/326 1330/95/326
f 1330/95/327 1331/94/327 1333/96/327 1332/97/327
f 1332/97/328 1333/96/328 1335/98/328 1334/11/328
f 1334/11/329 1335/98/329 1337/99/329 1336/100/329
f 1336/100/330 1337/99/330 1339/101/330 1338/102/330
f 1281/103/331 1279/104/331 1341/105/331 1339/106/331 1337/107/331 1335/108/331 1333/109/331 1331/110/331 1329/111/331 1327/112/331 1325/113/331 1323/114/331 1321/115/331 1319/116/331 1317/117/331 1315/118/331 1313/119/331 1311/120/331 1309/121/331 1307/122/331 1305/123/331 1303/124/331 1301/125/331 1299/126/331 1297/127/331 1295/128/331 1293/129/331 1291/130/331 1289/131/331 1287/132/331 1285/133/331 1283/134/331
f 1338/102/332 1339/101/332 1341/135/332 1340/136/332
f 1340/136/333 1341/135/333 1279/137/333 1278/138/333
f 1278/139/334 1280/140/334 1282/141/334 1284/142/334 1286/143/334 1288/144/334 1290/145/334 1292/146/334 1294/147/334 1296/148/334 1298/149/334 1300/150/334 1302/151/334 1304/152/334 1306/153/334 1308/154/334 1310/155/334 1312/156/334 1314/157/334 1316/158/334 1318/159/334 1320/160/334 1322/161/334 1324/162/334 1326/163/334 1328/164/334 1330/165/334 1332/166/334 1334/167/334 1336/168/334 1338/169/334 1340/170/334
f 1342/47/301 1343/48/301 1345/49/301 1344/50/301
f 1344/50/302 1345/49/302 1347/51/302 1346/52/302
f 1346/52/303 1347/51/303 1349/53/303 1348/54/303
f 1348/54/304 1349/53/304 1351/55/304 1350/13/304
f 1350/13/305 1351/55/305 1353/56/305 1352/57/305
f 1352/57/306 1353/56/306 1355/58/306 1354/59/306
f 1354/59/307 1355/58/307 1357/60/307 1356/61/307
f 1356/61/308 1357/60/308 1359/62/308 1358/63/308
f 1358/63/309 1359/62/309 1361/64/309 1360/65/309
f 1360/65/310 1361/64/310 1363/66/310 1362/67/310
f 1362/67/311 1363/66/311 1365/68/311 1364/69/311
f 1364/69/312 1365/68/312 1367/9/312 1366/5/312
f 1366/5/313 1367/9/313 1369/70/313 1368/71/313
f 1368/71/314 1369/70/314 1371/72/314 1370/73/314
f 1370/73/315 1371/72/315 1373/74/315 1372/75/315
f 1372/75/316 1373/74/316 1375/76/316 1374/77/316
f 1374/77/317 1375/76/317 1377/78/317 1376/79/317
f 1376/79/318 1377/78/318 1379/80/318 1378/81/318
f 1378/81/319 1379/80/319 1381/82/319 1380/83/319
f 1380/83/320 1381/82/320 1383/10/320 1382/6/320
f 1382/6/321 1383/10/321 1385/84/321 1384/85/321
f 1384/85/322 1385/84/322 1387/86/322 1386/87/322
f 1386/87/323 1387/86/323 1389/88/323 1388/89/323
f 1388/89/324 1389/88/324 1391/90/324 1390/91/324
f 1390/91/325 1391/90/325 1393/92/325 1392/93/325
f 1392/93/326 1393/92/326 1395/94/326 1394/95/326
f 1394/95/327 1395/94/327 1397/96/327 1396/97/327
f 1396/97/328 1397/96/328 1399/98/328 1398/11/328
f 1398/11/329 1399/98/329 1401/99/329 1400/100/329
f 1400/100/330 1401/99/330 1403/101/330 1402/102/330
f 1345/103/331 1343/104/331 1405/105/331 1403/106/331 1401/107/331 1399/108/331 1397/109/331 1395/110/331 1393/111/331 1391/112/331 1389/113/331 1387/114/331 1385/115/331 1383/116/331 1381/117/331 1379/118/331 1377/119/331 1375/120/331 1373/121/331 1371/122/331 1369/123/331 1367/124/331 1365/125/331 1363/126/331 1361/127/331 1359/128/331 1357/129/331 1355/130/331 1353/131/331 1351/132/331 1349/133/331 1347/134/331
f 1402/102/332 1403/101/332 1405/135/332 1404/136/332
f 1404/136/333 1405/135/333 1343/137/333 1342/138/333
f 1342/139/367 1344/140/367 1346/141/367 1348/142/367 1350/143/367 1352/144/367 1354/145/367 1356/146/367 1358/147/367 1360/148/367 1362/149/367 1364/150/367 1366/151/367 1368/152/367 1370/153/367 1372/154/367 1374/155/367 1376/156/367 1378/157/367 1380/158/367 1382/159/367 1384/160/367 1386/161/367 1388/162/367 1390/163/367 1392/164/367 1394/165/367 1396/166/367 1398/167/367 1400/168/367 1402/169/367 1404/170/367
f 1406/47/301 1407/48/301 1409/49/301 1408/50/301
f 1408/50/302 1409/49/302 1411/51/302 1410/52/302
f 1410/52/303 1411/51/303 1413/53/303 1412/54/303
f 1412/54/304 1413/53/304 1415/55/304 1414/13/304
f 1414/13/305 1415/55/305 1417/56/305 1416/57/305
f 1416/57/306 1417/56/306 1419/58/306 1418/59/306
f 1418/59/307 1419/58/307 1421/60/307 1420/61/307
f 1420/61/308 1421/60/308 1423/62/308 1422/63/308
f 1422/63/309 1423/62/309 1425/64/309 1424/65/309
f 1424/65/310 1425/64/310 1427/66/310 1426/67/310
f 1426/67/311 1427/66/311 1429/68/311 1428/69/311
f 1428/69/312 1429/68/312 1431/9/312 1430/5/312
f 1430/5/313 1431/9/313 1433/70/313 1432/71/313
f 1432/71/314 1433/70/314 1435/72/314 1434/73/314
f 1434/73/315 1435/72/315 1437/74/315 1436/75/315
f 1436/75/316 1437/74/316 1439/76/316 1438/77/316
f 1438/77/317 1439/76/317 1441/78/317 1440/79/317
f 1440/79/318 1441/78/318 1443/80/318 1442/81/318
f 1442/81/319 1443/80/319 1445/82/319 1444/83/319
f 1444/83/320 1445/82/320 1447/10/320 1446/6/320
f 1446/6/321 1447/10/321 1449/84/321 1448/85/321
f 1448/85/322 1449/84/322 1451/86/322 1450/87/322
f 1450/87/323 1451/86/323 1453/88/323 1452/89/323
f 1452/89/324 1453/88/324 1455/90/324 1454/91/324
f 1454/91/325 1455/90/325 1457/92/325 1456/93/325
f 1456/93/326 1457/92/326 1459/94/326 1458/95/326
f 1458/95/327 1459/94/327 1461/96/327 1460/97/327
f 1460/97/328 1461/96/328 1463/98/328 1462/11/328
f 1462/11/329 1463/98/329 1465/99/329 1464/100/329
f 1464/100/330 1465/99/330 1467/101/330 1466/102/330
f 1409/103/331 1407/104/331 1469/105/331 1467/106/331 1465/107/331 1463/108/331 1461/109/331 1459/110/331 1457/111/331 1455/112/331 1453/113/331 1451/114/331 1449/115/331 1447/116/331 1445/117/331 1443/118/331 1441/119/331 1439/120/331 1437/121/331 1435/122/331 1433/123/331 1431/124/331 1429/125/331 1427/126/331 1425/127/331 1423/128/331 1421/129/331 1419/130/331 1417/131/331 1415/132/331 1413/133/331 1411/134/331
f 1466/102/332 1467/101/332 1469/135/332 1468/136/332
f 1468/136/333 1469/135/333 1407/137/333 1406/138/333
f 1406/139/334 1408/140/334 1410/141/334 1412/142/334 1414/143/334 1416/144/334 1418/145/334 1420/146/334 1422/147/334 1424/148/334 1426/149/334 1428/150/334 1430/151/334 1432/152/334 1434/153/334 1436/154/334 1438/155/334 1440/156/334 1442/157/334 1444/158/334 1446/159/334 1448/160/334 1450/161/334 1452/162/334 1454/163/334 1456/164/334 1458/165/334 1460/166/334 1462/167/334 1464/168/334 1466/169/334 1468/170/334
f 1470/47/368 1471/48/368 1473/49/368 1472/50/368
f 1472/50/369 1473/49/369 1475/51/369 1474/52/369
f 1474/52/370 1475/51/370 1477/53/370 1476/54/370
f 1476/54/371 1477/53/371 1479/55/371 1478/13/371
f 1478/13/372 1479/55/372 1481/56/372 1480/57/372
f 1480/57/373 1481/56/373 1483/58/373 1482/59/373
f 1482/59/374 1483/58/374 1485/60/374 1484/61/374
f 1484/61/375 1485/60/375 1487/62/375 1486/63/375
f 1486/63/376 1487/62/376 1489/64/376 1488/65/376
f 1488/65/377 1489/64/377 1491/66/377 1490/67/377
f 1490/67/378 1491/66/378 1493/68/378 1492/69/378
f 1492/69/379 1493/68/379 1495/9/379 1494/5/379
f 1494/5/380 1495/9/380 1497/70/380 1496/71/380
f 1496/71/381 1497/70/381 1499/72/381 1498/73/381
f 1498/73/382 1499/72/382 1501/74/382 1500/75/382
f 1500/75/383 1501/74/383 1503/76/383 1502/77/383
f 1502/77/384 1503/76/384 1505/78/384 1504/79/384
f 1504/79/385 1505/78/385 1507/80/385 1506/81/385
f 1506/81/386 1507/80/386 1509/82/386 1508/83/386
f 1508/83/387 1509/82/387 1511/10/387 1510/6/387
f 1510/6/388 1511/10/388 1513/84/388 1512/85/388
f 1512/85/389 1513/84/389 1515/86/389 1514/87/389
f 1514/87/390 1515/86/390 1517/88/390 1516/89/390
f 1516/89/391 1517/88/391 1519/90/391 1518/91/391
f 1518/91/392 1519/90/392 1521/92/392 1520/93/392
f 1520/93/393 1521/92/393 1523/94/393 1522/95/393
f 1522/95/394 1523/94/394 1525/96/394 1524/97/394
f 1524/97/395 1525/96/395 1527/98/395 1526/11/395
f 1526/11/396 1527/98/396 1529/99/396 1528/100/396
f 1528/100/397 1529/99/397 1531/101/397 1530/102/397
f 1473/103/51 1471/104/51 1533/105/51 1531/106/51 1529/107/51 1527/108/51 1525/109/51 1523/110/51 1521/111/51 1519/112/51 1517/113/51 1515/114/51 1513/115/51 1511/116/51 1509/117/51 1507/118/51 1505/119/51 1503/120/51 1501/121/51 1499/122/51 1497/123/51 1495/124/51 1493/125/51 1491/126/51 1489/127/51 1487/128/51 1485/129/51 1483/130/51 1481/131/51 1479/132/51 1477/133/51 1475/134/51
f 1530/102/398 1531/101/398 1533/135/398 1532/136/398
f 1532/136/399 1533/135/399 1471/137/399 1470/138/399
f 1470/139/54 1472/140/54 1474/141/54 1476/142/54 1478/143/54 1480/144/54 1482/145/54 1484/146/54 1486/147/54 1488/148/54 1490/149/54 1492/150/54 1494/151/54 1496/152/54 1498/153/54 1500/154/54 1502/155/54 1504/156/54 1506/157/54 1508/158/54 1510/159/54 1512/160/54 1514/161/54 1516/162/54 1518/163/54 1520/164/54 1522/165/54 1524/166/54 1526/167/54 1528/168/54 1530/169/54 1532/170/54
f 1558/47/89 1559/48/89 1561/49/89 1560/50/89
f 1560/50/90 1561/49/90 1563/51/90 1562/52/90
f 1562/52/91 1563/51/91 1565/53/91 1564/54/91
f 1564/54/92 1565/53/92 1567/55/92 1566/13/92
f 1566/13/400 1567/55/400 1569/56/400 1568/57/400
f 1568/57/94 1569/56/94 1571/58/94 1570/59/94
f 1570/59/401 1571/58/401 1573/60/401 1572/61/401
f 1572/61/96 1573/60/96 1575/62/96 1574/63/96
f 1574/63/97 1575/62/97 1577/64/97 1576/65/97
f 1576/65/98 1577/64/98 1579/66/98 1578/67/98
f 1578/67/99 1579/66/99 1581/68/99 1580/69/99
f 1580/69/100 1581/68/100 1583/9/100 1582/5/100
f 1582/5/101 1583/9/101 1585/70/101 1584/71/101
f 1584/71/402 1585/70/402 1587/72/402 1586/73/402
f 1586/73/103 1587/72/103 1589/74/103 1588/75/103
f 1588/75/403 1589/74/403 1591/76/403 1590/77/403
f 1590/77/105 1591/76/105 1593/78/105 1592/79/105
f 1592/79/106 1593/78/106 1595/80/106 1594/81/106
f 1594/81/107 1595/80/107 1597/82/107 1596/83/107
f 1596/83/108 1597/82/108 1599/10/108 1598/6/108
f 1598/6/404 1599/10/404 1601/84/404 1600/85/404
f 1600/85/110 1601/84/110 1603/86/110 1602/87/110
f 1602/87/111 1603/86/111 1605/88/111 1604/89/111
f 1604/89/112 1605/88/112 1607/90/112 1606/91/112
f 1606/91/113 1607/90/113 1609/92/113 1608/93/113
f 1608/93/114 1609/92/114 1611/94/114 1610/95/114
f 1610/95/115 1611/94/115 1613/96/115 1612/97/115
f 1612/97/116 1613/96/116 1615/98/116 1614/11/116
f 1614/11/117 1615/98/117 1617/99/117 1616/100/117
f 1616/100/118 1617/99/118 1619/101/118 1618/102/118
f 1561/103/85 1559/104/85 1621/105/85 1619/106/85 1617/107/85 1615/108/85 1613/109/85 1611/110/85 1609/111/85 1607/112/85 1605/113/85 1603/114/85 1601/115/85 1599/116/85 1597/117/85 1595/118/85 1593/119/85 1591/120/85 1589/121/85 1587/122/85 1585/123/85 1583/124/85 1581/125/85 1579/126/85 1577/127/85 1575/128/85 1573/129/85 1571/130/85 1569/131/85 1567/132/85 1565/133/85 1563/134/85
f 1618/102/119 1619/101/119 1621/135/119 1620/136/119
f 1620/136/120 1621/135/120 1559/137/120 1558/138/120
f 1558/139/88 1560/140/88 1562/141/88 1564/142/88 1566/143/88 1568/144/88 1570/145/88 1572/146/88 1574/147/88 1576/148/88 1578/149/88 1580/150/88 1582/151/88 1584/152/88 1586/153/88 1588/154/88 1590/155/88 1592/156/88 1594/157/88 1596/158/88 1598/159/88 1600/160/88 1602/161/88 1604/162/88 1606/163/88 1608/164/88 1610/165/88 1612/166/88 1614/167/88 1616/168/88 1618/169/88 1620/170/88
f 1622/47/89 1623/48/89 1625/49/89 1624/50/89
f 1624/50/90 1625/49/90 1627/51/90 1626/52/90
f 1626/52/405 1627/51/405 1629/53/405 1628/54/405
f 1628/54/92 1629/53/92 1631/55/92 1630/13/92
f 1630/13/400 1631/55/400 1633/56/400 1632/57/400
f 1632/57/94 1633/56/94 1635/58/94 1634/59/94
f 1634/59/95 1635/58/95 1637/60/95 1636/61/95
f 1636/61/96 1637/60/96 1639/62/96 1638/63/96
f 1638/63/97 1639/62/97 1641/64/97 1640/65/97
f 1640/65/98 1641/64/98 1643/66/98 1642/67/98
f 1642/67/99 1643/66/99 1645/68/99 1644/69/99
f 1644/69/100 1645/68/100 1647/9/100 1646/5/100
f 1646/5/101 1647/9/101 1649/70/101 1648/71/101
f 1648/71/402 1649/70/402 1651/72/402 1650/73/402
f 1650/73/103 1651/72/103 1653/74/103 1652/75/103
f 1652/75/104 1653/74/104 1655/76/104 1654/77/104
f 1654/77/105 1655/76/105 1657/78/105 1656/79/105
f 1656/79/106 1657/78/106 1659/80/106 1658/81/106
f 1658/81/406 1659/80/406 1661/82/406 1660/83/406
f 1660/83/108 1661/82/108 1663/10/108 1662/6/108
f 1662/6/404 1663/10/404 1665/84/404 1664/85/404
f 1664/85/110 1665/84/110 1667/86/110 1666/87/110
f 1666/87/111 1667/86/111 1669/88/111 1668/89/111
f 1668/89/112 1669/88/112 1671/90/112 1670/91/112
f 1670/91/113 1671/90/113 1673/92/113 1672/93/113
f 1672/93/114 1673/92/114 1675/94/114 1674/95/114
f 1674/95/115 1675/94/115 1677/96/115 1676/97/115
f 1676/97/116 1677/96/116 1679/98/116 1678/11/116
f 1678/11/117 1679/98/117 1681/99/117 1680/100/117
f 1680/100/118 1681/99/118 1683/101/118 1682/102/118
f 1625/103/85 1623/104/85 1685/105/85 1683/106/85 1681/107/85 1679/108/85 1677/109/85 1675/110/85 1673/111/85 1671/112/85 1669/113/85 1667/114/85 1665/115/85 1663/116/85 1661/117/85 1659/118/85 1657/119/85 1655/120/85 1653/121/85 1651/122/85 1649/123/85 1647/124/85 1645/125/85 1643/126/85 1641/127/85 1639/128/85 1637/129/85 1635/130/85 1633/131/85 1631/132/85 1629/133/85 1627/134/85
f 1682/102/119 1683/101/119 1685/135/119 1684/136/119
f 1684/136/120 1685/135/120 1623/137/120 1622/138/120
f 1622/139/88 1624/140/88 1626/141/88 1628/142/88 1630/143/88 1632/144/88 1634/145/88 1636/146/88 1638/147/88 1640/148/88 1642/149/88 1644/150/88 1646/151/88 1648/152/88 1650/153/88 1652/154/88 1654/155/88 1656/156/88 1658/157/88 1660/158/88 1662/159/88 1664/160/88 1666/161/88 1668/162/88 1670/163/88 1672/164/88 1674/165/88 1676/166/88 1678/167/88 1680/168/88 1682/169/88 1684/170/88
f 1686/47/89 1687/48/89 1689/49/89 1688/50/89
f 1688/50/90 1689/49/90 1691/51/90 1690/52/90
f 1690/52/91 1691/51/91 1693/53/91 1692/54/91
f 1692/54/92 1693/53/92 1695/55/92 1694/13/92
f 1694/13/93 1695/55/93 1697/56/93 1696/57/93
f 1696/57/94 1697/56/94 1699/58/94 1698/59/94
f 1698/59/95 1699/58/95 1701/60/95 1700/61/95
f 1700/61/96 1701/60/96 1703/62/96 1702/63/96
f 1702/63/97 1703/62/97 1705/64/97 1704/65/97
f 1704/65/98 1705/64/98 1707/66/98 1706/67/98
f 1706/67/99 1707/66/99 1709/68/99 1708/69/99
f 1708/69/100 1709/68/100 1711/9/100 1710/5/100
f 1710/5/101 1711/9/101 1713/70/101 1712/71/101
f 1712/71/402 1713/70/402 1715/72/402 1714/73/402
f 1714/73/103 1715/72/103 1717/74/103 1716/75/103
f 1716/75/104 1717/74/104 1719/76/104 1718/77/104
f 1718/77/105 1719/76/105 1721/78/105 1720/79/105
f 1720/79/106 1721/78/106 1723/80/106 1722/81/106
f 1722/81/406 1723/80/406 1725/82/406 1724/83/406
f 1724/83/108 1725/82/108 1727/10/108 1726/6/108
f 1726/6/404 1727/10/404 1729/84/404 1728/85/404
f 1728/85/110 1729/84/110 1731/86/110 1730/87/110
f 1730/87/111 1731/86/111 1733/88/111 1732/89/111
f 1732/89/112 1733/88/112 1735/90/112 1734/91/112
f 1734/91/113 1735/90/113 1737/92/113 1736/93/113
f 1736/93/114 1737/92/114 1739/94/114 1738/95/114
f 1738/95/115 1739/94/115 1741/96/115 1740/97/115
f 1740/97/116 1741/96/116 1743/98/116 1742/11/116
f 1742/11/117 1743/98/117 1745/99/117 1744/100/117
f 1744/100/407 1745/99/407 1747/101/407 1746/102/407
f 1689/103/85 1687/104/85 1749/105/85 1747/106/85 1745/107/85 1743/108/85 1741/109/85 1739/110/85 1737/111/85 1735/112/85 1733/113/85 1731/114/85 1729/115/85 1727/116/85 1725/117/85 1723/118/85 1721/119/85 1719/120/85 1717/121/85 1715/122/85 1713/123/85 1711/124/85 1709/125/85 1707/126/85 1705/127/85 1703/128/85 1701/129/85 1699/130/85 1697/131/85 1695/132/85 1693/133/85 1691/134/85
f 1746/102/119 1747/101/119 1749/135/119 1748/136/119
f 1748/136/120 1749/135/120 1687/137/120 1686/138/120
f 1686/139/88 1688/140/88 1690/141/88 1692/142/88 1694/143/88 1696/144/88 1698/145/88 1700/146/88 1702/147/88 1704/148/88 1706/149/88 1708/150/88 1710/151/88 1712/152/88 1714/153/88 1716/154/88 1718/155/88 1720/156/88 1722/157/88 1724/158/88 1726/159/88 1728/160/88 1730/161/88 1732/162/88 1734/163/88 1736/164/88 1738/165/88 1740/166/88 1742/167/88 1744/168/88 1746/169/88 1748/170/88
f 1750/47/408 1751/48/408 1753/49/408 1752/50/408
f 1752/50/409 1753/49/409 1755/51/409 1754/52/409
f 1754/52/410 1755/51/410 1757/53/410 1756/54/410
f 1756/54/411 1757/53/411 1759/55/411 1758/13/411
f 1758/13/412 1759/55/412 1761/56/412 1760/57/412
f 1760/57/413 1761/56/413 1763/58/413 1762/59/413
f 1762/59/414 1763/58/414 1765/60/414 1764/61/414
f 1764/61/415 1765/60/415 1767/62/415 1766/63/415
f 1766/63/416 1767/62/416 1769/64/416 1768/65/416
f 1768/65/417 1769/64/417 1771/66/417 1770/67/417
f 1770/67/418 1771/66/418 1773/68/418 1772/69/418
f 1772/69/419 1773/68/419 1775/9/419 1774/5/419
f 1774/5/420 1775/9/420 1777/70/420 1776/71/420
f 1776/71/421 1777/70/421 1779/72/421 1778/73/421
f 1778/73/422 1779/72/422 1781/74/422 1780/75/422
f 1780/75/423 1781/74/423 1783/76/423 1782/77/423
f 1782/77/424 1783/76/424 1785/78/424 1784/79/424
f 1784/79/425 1785/78/425 1787/80/425 1786/81/425
f 1786/81/426 1787/80/426 1789/82/426 1788/83/426
f 1788/83/427 1789/82/427 1791/10/427 1790/6/427
f 1790/6/428 1791/10/428 1793/84/428 1792/85/428
f 1792/85/429 1793/84/429 1795/86/429 1794/87/429
f 1794/87/430 1795/86/430 1797/88/430 1796/89/430
f 1796/89/431 1797/88/431 1799/90/431 1798/91/431
f 1798/91/432 1799/90/432 1801/92/432 1800/93/432
f 1800/93/433 1801/92/433 1803/94/433 1802/95/433
f 1802/95/434 1803/94/434 1805/96/434 1804/97/434
f 1804/97/435 1805/96/435 1807/98/435 1806/11/435
f 1806/11/436 1807/98/436 1809/99/436 1808/100/436
f 1808/100/437 1809/99/437 1811/101/437 1810/102/437
f 1753/103/51 1751/104/51 1813/105/51 1811/106/51 1809/107/51 1807/108/51 1805/109/51 1803/110/51 1801/111/51 1799/112/51 1797/113/51 1795/114/51 1793/115/51 1791/116/51 1789/117/51 1787/118/51 1785/119/51 1783/120/51 1781/121/51 1779/122/51 1777/123/51 1775/124/51 1773/125/51 1771/126/51 1769/127/51 1767/128/51 1765/129/51 1763/130/51 1761/131/51 1759/132/51 1757/133/51 1755/134/51
f 1810/102/438 1811/101/438 1813/135/438 1812/136/438
f 1812/136/439 1813/135/439 1751/137/439 1750/138/439
f 1750/139/54 1752/140/54 1754/141/54 1756/142/54 1758/143/54 1760/144/54 1762/145/54 1764/146/54 1766/147/54 1768/148/54 1770/149/54 1772/150/54 1774/151/54 1776/152/54 1778/153/54 1780/154/54 1782/155/54 1784/156/54 1786/157/54 1788/158/54 1790/159/54 1792/160/54 1794/161/54 1796/162/54 1798/163/54 1800/164/54 1802/165/54 1804/166/54 1806/167/54 1808/168/54 1810/169/54 1812/170/54
f 1824/171/440 1823/47/440 1817/48/440 1819/172/440
f 1825/173/441 1824/171/441 1819/172/441 1820/174/441
f 1822/138/442 1825/173/442 1820/174/442 1816/137/442
f 1814/175/51 1821/176/51 1825/173/51 1822/138/51
f 1821/176/51 1818/177/51 1824/171/51 1825/173/51
f 1818/177/51 1815/178/51 1823/47/51 1824/171/51
f 1836/171/443 1835/47/443 1829/48/443 1831/172/443
f 1837/173/444 1836/171/444 1831/172/444 1832/174/444
f 1834/138/445 1837/173/445 1832/174/445 1828/137/445
f 1826/175/51 1833/176/51 1837/173/51 1834/138/51
f 1833/176/51 1830/177/51 1836/171/51 1837/173/51
f 1830/177/51 1827/178/51 1835/47/51 1836/171/51
f 1838/175/51 1839/178/51 1841/48/51 1848/179/51 1849/180/51 1850/181/51 1851/182/51 1842/183/51 1843/184/51 1844/185/51 1845/186/51 1854/187/51 1855/188/51 1856/189/51
f 1864/190/51 1863/191/51 1862/186/51 1861/185/51 1860/184/51 1859/183/51
f 1840/137/51 1845/186/51 1846/191/51 1847/190/51 1842/183/51 1841/48/51
f 1844/185/446 1843/184/446 1860/184/446 1861/185/446
f 1842/183/51 1851/182/51 1852/192/51 1853/193/51 1848/179/51 1841/48/51
f 1849/180/447 1848/179/447 1865/179/447 1866/180/447
f 1843/184/448 1842/183/448 1859/183/448 1860/184/448
f 1857/194/51 1858/195/51 1854/187/51 1845/186/51 1840/137/51 1838/175/51 1856/189/51
f 1870/193/51 1869/192/51 1868/182/51 1867/181/51 1866/180/51 1865/179/51
f 1873/189/51 1872/188/51 1871/187/51 1875/195/51 1874/194/51
f 1855/188/449 1854/187/449 1871/187/449 1872/188/449
f 1850/181/450 1849/180/450 1866/180/450 1867/181/450
f 1845/186/451 1844/185/451 1861/185/451 1862/186/451
f 1856/189/452 1855/188/452 1872/188/452 1873/189/452
f 1851/182/453 1850/181/453 1867/181/453 1868/182/453
f 1846/191/454 1845/186/454 1862/186/454 1863/191/454
f 1857/194/455 1856/189/455 1873/189/455 1874/194/455
f 1852/192/456 1851/182/456 1868/182/456 1869/192/456
f 1847/190/457 1846/191/457 1863/191/457 1864/190/457
f 1858/195/458 1857/194/458 1874/194/458 1875/195/458
f 1853/193/459 1852/192/459 1869/192/459 1870/193/459
f 1842/183/460 1847/190/460 1864/190/460 1859/183/460
f 1854/187/461 1858/195/461 1875/195/461 1871/187/461
f 1848/179/462 1853/193/462 1870/193/462 1865/179/462
f 1876/1/463 1877/2/463 1879/3/463 1878/4/463
f 1878/4/464 1879/3/464 1883/5/464 1882/6/464
f 1882/6/465 1883/5/465 1881/7/465 1880/8/465
f 1880/8/466 1881/7/466 1877/9/466 1876/10/466
f 1878/11/467 1882/6/467 1880/8/467 1876/12/467
f 1883/5/468 1879/13/468 1877/14/468 1881/7/468
f 1884/1/469 1885/2/469 1887/3/469 1886/4/469
f 1886/4/470 1887/3/470 1891/5/470 1890/6/470
f 1890/6/471 1891/5/471 1889/7/471 1888/8/471
f 1888/8/472 1889/7/472 1885/9/472 1884/10/472
f 1886/11/473 1890/6/473 1888/8/473 1884/12/473
f 1891/5/474 1887/13/474 1885/14/474 1889/7/474
f 2407/1/570 2409/4/570 2410/3/570 2408/2/570
f 2409/4/571 2413/6/571 2414/5/571 2410/3/571
f 2413/6/572 2411/8/572 2412/7/572 2414/5/572
f 2411/8/573 2407/10/573 2408/9/573 2412/7/573
f 2409/11/574 2407/12/574 2411/8/574 2413/6/574
f 2414/5/575 2412/7/575 2408/14/575 2410/13/575
f 2415/1/576 2417/4/576 2418/3/576 2416/2/576
f 2433/15/577 2421/6/577 2422/5/577 2431/16/577
f 2419/8/574 2429/8/574 2428/6/574 2421/6/574
f 2438/17/578 2415/10/578 2416/9/578 2436/18/578
f 2433/19/574 2432/20/574 2419/8/574 2421/6/574
f 2437/21/575 2436/22/575 2416/14/575 2418/13/575
f 2441/23/575 2440/26/575 2426/25/575 2424/24/575
f 2435/27/574 2438/30/574 2425/29/574 2423/28/574
f 2442/31/579 2425/34/579 2426/33/579 2440/32/579
f 2435/35/580 2423/38/580 2424/37/580 2437/36/580
f 2428/6/581 2429/8/581 2430/7/581 2427/5/581
f 2422/5/575 2427/5/575 2430/7/575 2420/7/575
f 2421/6/582 2428/6/582 2427/5/582 2422/5/582
f 2420/7/583 2430/7/583 2429/8/583 2419/8/583
f 2419/8/584 2432/40/584 2434/39/584 2420/7/584
f 2422/5/575 2420/7/575 2434/42/575 2431/41/575
f 2439/43/574 2442/44/574 2432/20/574 2433/19/574
f 2439/45/585 2433/15/585 2431/16/585 2441/46/585
f 2417/4/586 2435/35/586 2437/36/586 2418/3/586
f 2417/11/574 2415/12/574 2438/30/574 2435/27/574
f 2424/24/575 2426/25/575 2436/22/575 2437/21/575
f 2425/34/587 2438/17/587 2436/18/587 2426/33/587
f 2423/38/588 2439/45/588 2441/46/588 2424/37/588
f 2423/28/574 2425/29/574 2442/44/574 2439/43/574
f 2432/40/589 2442/31/589 2440/32/589 2434/39/589
f 2431/41/575 2434/42/575 2440/26/575 2441/23/575
f 2443/47/36 2445/50/36 2446/49/36 2444/48/36
f 2445/50/35 2447/52/35 2448/51/35 2446/49/35
f 2447/52/34 2449/54/34 2450/53/34 2448/51/34
f 2449/54/33 2451/13/33 2452/55/33 2450/53/33
f 2451/13/32 2453/57/32 2454/56/32 2452/55/32
f 2453/57/31 2455/59/31 2456/58/31 2454/56/31
f 2455/59/30 2457/61/30 2458/60/30 2456/58/30
f 2457/61/29 2459/63/29 2460/62/29 2458/60/29
f 2459/63/28 2461/65/28 2462/64/28 2460/62/28
f 2461/65/27 2463/67/27 2464/66/27 2462/64/27
f 2463/67/26 2465/69/26 2466/68/26 2464/66/26
f 2465/69/25 2467/5/25 2468/9/25 2466/68/25
f 2467/5/24 2469/71/24 2470/70/24 2468/9/24
f 2469/71/23 2471/73/23 2472/72/23 2470/70/23
f 2471/73/22 2473/75/22 2474/74/22 2472/72/22
f 2473/75/21 2475/77/21 2476/76/21 2474/74/21
f 2475/77/53 2477/79/53 2478/78/53 2476/76/53
f 2477/79/52 2479/81/52 2480/80/52 2478/78/52
f 2479/81/50 2481/83/50 2482/82/50 2480/80/50
f 2481/83/49 2483/6/49 2484/10/49 2482/82/49
f 2483/6/48 2485/85/48 2486/84/48 2484/10/48
f 2485/85/47 2487/87/47 2488/86/47 2486/84/47
f 2487/87/46 2489/89/46 2490/88/46 2488/86/46
f 2489/89/45 2491/91/45 2492/90/45 2490/88/45
f 2491/91/44 2493/93/44 2494/92/44 2492/90/44
f 2493/93/43 2495/95/43 2496/94/43 2494/92/43
f 2495/95/42 2497/97/42 2498/96/42 2496/94/42
f 2497/97/41 2499/11/41 2500/98/41 2498/96/41
f 2499/11/40 2501/100/40 2502/99/40 2500/98/40
f 2501/100/39 2503/102/39 2504/101/39 2502/99/39
f 2446/103/51 2448/134/51 2450/133/51 2452/132/51 2454/131/51 2456/130/51 2458/129/51 2460/128/51 2462/127/51 2464/126/51 2466/125/51 2468/124/51 2470/123/51 2472/122/51 2474/121/51 2476/120/51 2478/119/51 2480/118/51 2482/117/51 2484/116/51 2486/115/51 2488/114/51 2490/113/51 2492/112/51 2494/111/51 2496/110/51 2498/109/51 2500/108/51 2502/107/51 2504/106/51 2506/105/51 2444/104/51
f 2503/102/38 2505/136/38 2506/135/38 2504/101/38
f 2505/136/37 2443/138/37 2444/137/37 2506/135/37
f 2443/139/54 2505/170/54 2503/169/54 2501/168/54 2499/167/54 2497/166/54 2495/165/54 2493/164/54 2491/163/54 2489/162/54 2487/161/54 2485/160/54 2483/159/54 2481/158/54 2479/157/54 2477/156/54 2475/155/54 2473/154/54 2471/153/54 2469/152/54 2467/151/54 2465/150/54 2463/149/54 2461/148/54 2459/147/54 2457/146/54 2455/145/54 2453/144/54 2451/143/54 2449/142/54 2447/141/54 2445/140/54
f 2507/47/36 2509/50/36 2510/49/36 2508/48/36
f 2509/50/35 2511/52/35 2512/51/35 2510/49/35
f 2511/52/34 2513/54/34 2514/53/34 2512/51/34
f 2513/54/33 2515/13/33 2516/55/33 2514/53/33
f 2515/13/32 2517/57/32 2518/56/32 2516/55/32
f 2517/57/31 2519/59/31 2520/58/31 2518/56/31
f 2519/59/30 2521/61/30 2522/60/30 2520/58/30
f 2521/61/29 2523/63/29 2524/62/29 2522/60/29
f 2523/63/28 2525/65/28 2526/64/28 2524/62/28
f 2525/65/27 2527/67/27 2528/66/27 2526/64/27
f 2527/67/26 2529/69/26 2530/68/26 2528/66/26
f 2529/69/25 2531/5/25 2532/9/25 2530/68/25
f 2531/5/24 2533/71/24 2534/70/24 2532/9/24
f 2533/71/23 2535/73/23 2536/72/23 2534/70/23
f 2535/73/22 2537/75/22 2538/74/22 2536/72/22
f 2537/75/21 2539/77/21 2540/76/21 2538/74/21
f 2539/77/53 2541/79/53 2542/78/53 2540/76/53
f 2541/79/52 2543/81/52 2544/80/52 2542/78/52
f 2543/81/50 2545/83/50 2546/82/50 2544/80/50
f 2545/83/49 2547/6/49 2548/10/49 2546/82/49
f 2547/6/48 2549/85/48 2550/84/48 2548/10/48
f 2549/85/47 2551/87/47 2552/86/47 2550/84/47
f 2551/87/46 2553/89/46 2554/88/46 2552/86/46
f 2553/89/45 2555/91/45 2556/90/45 2554/88/45
f 2555/91/44 2557/93/44 2558/92/44 2556/90/44
f 2557/93/43 2559/95/43 2560/94/43 2558/92/43
f 2559/95/42 2561/97/42 2562/96/42 2560/94/42
f 2561/97/41 2563/11/41 2564/98/41 2562/96/41
f 2563/11/40 2565/100/40 2566/99/40 2564/98/40
f 2565/100/39 2567/102/39 2568/101/39 2566/99/39
f 2510/103/51 2512/134/51 2514/133/51 2516/132/51 2518/131/51 2520/130/51 2522/129/51 2524/128/51 2526/127/51 2528/126/51 2530/125/51 2532/124/51 2534/123/51 2536/122/51 2538/121/51 2540/120/51 2542/119/51 2544/118/51 2546/117/51 2548/116/51 2550/115/51 2552/114/51 2554/113/51 2556/112/51 2558/111/51 2560/110/51 2562/109/51 2564/108/51 2566/107/51 2568/106/51 2570/105/51 2508/104/51
f 2567/102/38 2569/136/38 2570/135/38 2568/101/38
f 2569/136/37 2507/138/37 2508/137/37 2570/135/37
f 2507/139/54 2569/170/54 2567/169/54 2565/168/54 2563/167/54 2561/166/54 2559/165/54 2557/164/54 2555/163/54 2553/162/54 2551/161/54 2549/160/54 2547/159/54 2545/158/54 2543/157/54 2541/156/54 2539/155/54 2537/154/54 2535/153/54 2533/152/54 2531/151/54 2529/150/54 2527/149/54 2525/148/54 2523/147/54 2521/146/54 2519/145/54 2517/144/54 2515/143/54 2513/142/54 2511/141/54 2509/140/54
f 2571/47/590 2573/50/590 2574/49/590 2572/48/590
f 2573/50/591 2575/52/591 2576/51/591 2574/49/591
f 2575/52/592 2577/54/592 2578/53/592 2576/51/592
f 2577/54/593 2579/13/593 2580/55/593 2578/53/593
f 2579/13/594 2581/57/594 2582/56/594 2580/55/594
f 2581/57/595 2583/59/595 2584/58/595 2582/56/595
f 2583/59/596 2585/61/596 2586/60/596 2584/58/596
f 2585/61/597 2587/63/597 2588/62/597 2586/60/597
f 2587/63/598 2589/65/598 2590/64/598 2588/62/598
f 2589/65/599 2591/67/599 2592/66/599 2590/64/599
f 2591/67/600 2593/69/600 2594/68/600 2592/66/600
f 2593/69/601 2595/5/601 2596/9/601 2594/68/601
f 2595/5/602 2597/71/602 2598/70/602 2596/9/602
f 2597/71/603 2599/73/603 2600/72/603 2598/70/603
f 2599/73/604 2601/75/604 2602/74/604 2600/72/604
f 2601/75/605 2603/77/605 2604/76/605 2602/74/605
f 2603/77/606 2605/79/606 2606/78/606 2604/76/606
f 2605/79/607 2607/81/607 2608/80/607 2606/78/607
f 2607/81/608 2609/83/608 2610/82/608 2608/80/608
f 2609/83/609 2611/6/609 2612/10/609 2610/82/609
f 2611/6/610 2613/85/610 2614/84/610 2612/10/610
f 2613/85/611 2615/87/611 2616/86/611 2614/84/611
f 2615/87/612 2617/89/612 2618/88/612 2616/86/612
f 2617/89/613 2619/91/613 2620/90/613 2618/88/613
f 2619/91/614 2621/93/614 2622/92/614 2620/90/614
f 2621/93/615 2623/95/615 2624/94/615 2622/92/615
f 2623/95/616 2625/97/616 2626/96/616 2624/94/616
f 2625/97/617 2627/11/617 2628/98/617 2626/96/617
f 2627/11/618 2629/100/618 2630/99/618 2628/98/618
f 2629/100/619 2631/102/619 2632/101/619 2630/99/619
f 2574/103/620 2576/134/620 2578/133/620 2580/132/620 2582/131/620 2584/130/620 2586/129/620 2588/128/620 2590/127/620 2592/126/620 2594/125/620 2596/124/620 2598/123/620 2600/122/620 2602/121/620 2604/120/620 2606/119/620 2608/118/620 2610/117/620 2612/116/620 2614/115/620 2616/114/620 2618/113/620 2620/112/620 2622/111/620 2624/110/620 2626/109/620 2628/108/620 2630/107/620 2632/106/620 2634/105/620 2572/104/620
f 2631/102/621 2633/136/621 2634/135/621 2632/101/621
f 2633/136/622 2571/138/622 2572/137/622 2634/135/622
f 2571/139/623 2633/170/623 2631/169/623 2629/168/623 2627/167/623 2625/166/623 2623/165/623 2621/164/623 2619/163/623 2617/162/623 2615/161/623 2613/160/623 2611/159/623 2609/158/623 2607/157/623 2605/156/623 2603/155/623 2601/154/623 2599/153/623 2597/152/623 2595/151/623 2593/150/623 2591/149/623 2589/148/623 2587/147/623 2585/146/623 2583/145/623 2581/144/623 2579/143/623 2577/142/623 2575/141/623 2573/140/623
f 2635/47/624 2637/50/624 2638/49/624 2636/48/624
f 2637/50/625 2639/52/625 2640/51/625 2638/49/625
f 2639/52/626 2641/54/626 2642/53/626 2640/51/626
f 2641/54/627 2643/13/627 2644/55/627 2642/53/627
f 2643/13/628 2645/57/628 2646/56/628 2644/55/628
f 2645/57/629 2647/59/629 2648/58/629 2646/56/629
f 2647/59/630 2649/61/630 2650/60/630 2648/58/630
f 2649/61/631 2651/63/631 2652/62/631 2650/60/631
f 2651/63/632 2653/65/632 2654/64/632 2652/62/632
f 2653/65/633 2655/67/633 2656/66/633 2654/64/633
f 2655/67/634 2657/69/634 2658/68/634 2656/66/634
f 2657/69/635 2659/5/635 2660/9/635 2658/68/635
f 2659/5/636 2661/71/636 2662/70/636 2660/9/636
f 2661/71/637 2663/73/637 2664/72/637 2662/70/637
f 2663/73/638 2665/75/638 2666/74/638 2664/72/638
f 2665/75/639 2667/77/639 2668/76/639 2666/74/639
f 2667/77/640 2669/79/640 2670/78/640 2668/76/640
f 2669/79/641 2671/81/641 2672/80/641 2670/78/641
f 2671/81/642 2673/83/642 2674/82/642 2672/80/642
f 2673/83/643 2675/6/643 2676/10/643 2674/82/643
f 2675/6/644 2677/85/644 2678/84/644 2676/10/644
f 2677/85/645 2679/87/645 2680/86/645 2678/84/645
f 2679/87/646 2681/89/646 2682/88/646 2680/86/646
f 2681/89/647 2683/91/647 2684/90/647 2682/88/647
f 2683/91/648 2685/93/648 2686/92/648 2684/90/648
f 2685/93/649 2687/95/649 2688/94/649 2686/92/649
f 2687/95/650 2689/97/650 2690/96/650 2688/94/650
f 2689/97/651 2691/11/651 2692/98/651 2690/96/651
f 2691/11/652 2693/100/652 2694/99/652 2692/98/652
f 2693/100/653 2695/102/653 2696/101/653 2694/99/653
f 2638/103/620 2640/134/620 2642/133/620 2644/132/620 2646/131/620 2648/130/620 2650/129/620 2652/128/620 2654/127/620 2656/126/620 2658/125/620 2660/124/620 2662/123/620 2664/122/620 2666/121/620 2668/120/620 2670/119/620 2672/118/620 2674/117/620 2676/116/620 2678/115/620 2680/114/620 2682/113/620 2684/112/620 2686/111/620 2688/110/620 2690/109/620 2692/108/620 2694/107/620 2696/106/620 2698/105/620 2636/104/620
f 2695/102/654 2697/136/654 2698/135/654 2696/101/654
f 2697/136/655 2635/138/655 2636/137/655 2698/135/655
f 2635/139/656 2697/170/656 2695/169/656 2693/168/656 2691/167/656 2689/166/656 2687/165/656 2685/164/656 2683/163/656 2681/162/656 2679/161/656 2677/160/656 2675/159/656 2673/158/656 2671/157/656 2669/156/656 2667/155/656 2665/154/656 2663/153/656 2661/152/656 2659/151/656 2657/150/656 2655/149/656 2653/148/656 2651/147/656 2649/146/656 2647/145/656 2645/144/656 2643/143/656 2641/142/656 2639/141/656 2637/140/656
f 2709/171/657 2704/172/657 2702/48/657 2708/47/657
f 2710/173/658 2705/174/658 2704/172/658 2709/171/658
f 2707/138/659 2701/137/659 2705/174/659 2710/173/659
f 2699/175/51 2707/138/51 2710/173/51 2706/176/51
f 2706/176/51 2710/173/51 2709/171/51 2703/177/51
f 2703/177/51 2709/171/51 2708/47/51 2700/178/51
f 2721/171/660 2716/172/660 2714/48/660 2720/47/660
f 2722/173/661 2717/174/661 2716/172/661 2721/171/661
f 2719/138/662 2713/137/662 2717/174/662 2722/173/662
f 2711/175/51 2719/138/51 2722/173/51 2718/176/51
f 2718/176/51 2722/173/51 2721/171/51 2715/177/51
f 2715/177/51 2721/171/51 2720/47/51 2712/178/51
f 2723/175/51 2741/189/51 2740/188/51 2739/187/51 2730/186/51 2729/185/51 2728/184/51 2727/183/51 2736/182/51 2735/181/51 2734/180/51 2733/179/51 2726/48/51 2724/178/51
f 2749/190/51 2744/183/51 2745/184/51 2746/185/51 2747/186/51 2748/191/51
f 2725/137/51 2726/48/51 2727/183/51 2732/190/51 2731/191/51 2730/186/51
f 2729/185/663 2746/185/663 2745/184/663 2728/184/663
f 2727/183/51 2726/48/51 2733/179/51 2738/193/51 2737/192/51 2736/182/51
f 2734/180/664 2751/180/664 2750/179/664 2733/179/664
f 2728/184/665 2745/184/665 2744/183/665 2727/183/665
f 2742/194/51 2741/189/51 2723/175/51 2725/137/51 2730/186/51 2739/187/51 2743/195/51
f 2755/193/51 2750/179/51 2751/180/51 2752/181/51 2753/182/51 2754/192/51
f 2758/189/51 2759/194/51 2760/195/51 2756/187/51 2757/188/51
f 2740/188/666 2757/188/666 2756/187/666 2739/187/666
f 2735/181/667 2752/181/667 2751/180/667 2734/180/667
f 2730/186/668 2747/186/668 2746/185/668 2729/185/668
f 2741/189/669 2758/189/669 2757/188/669 2740/188/669
f 2736/182/670 2753/182/670 2752/181/670 2735/181/670
f 2731/191/671 2748/191/671 2747/186/671 2730/186/671
f 2742/194/672 2759/194/672 2758/189/672 2741/189/672
f 2737/192/673 2754/192/673 2753/182/673 2736/182/673
f 2732/190/674 2749/190/674 2748/191/674 2731/191/674
f 2743/195/675 2760/195/675 2759/194/675 2742/194/675
f 2738/193/676 2755/193/676 2754/192/676 2737/192/676
f 2727/183/677 2744/183/677 2749/190/677 2732/190/677
f 2739/187/678 2756/187/678 2760/195/678 2743/195/678
f 2733/179/679 2750/179/679 2755/193/679 2738/193/679
f 2761/1/680 2763/4/680 2764/3/680 2762/2/680
f 2763/4/681 2767/6/681 2768/5/681 2764/3/681
f 2767/6/682 2765/8/682 2766/7/682 2768/5/682
f 2765/8/683 2761/10/683 2762/9/683 2766/7/683
f 2763/11/54 2761/12/54 2765/8/54 2767/6/54
f 2768/5/51 2766/7/51 2762/14/51 2764/13/51
f 2769/1/684 2771/4/684 2772/3/684 2770/2/684
f 2771/4/685 2775/6/685 2776/5/685 2772/3/685
f 2775/6/686 2773/8/686 2774/7/686 2776/5/686
f 2773/8/687 2769/10/687 2770/9/687 2774/7/687
f 2771/11/688 2769/12/688 2773/8/688 2775/6/688
f 2776/5/689 2774/7/689 2770/14/689 2772/13/689
f 2777/1/690 2779/4/690 2780/3/690 2778/2/690
f 2779/4/691 2783/6/691 2784/5/691 2780/3/691
f 2783/6/692 2781/8/692 2782/7/692 2784/5/692
f 2781/8/693 2777/10/693 2778/9/693 2782/7/693
f 2779/11/54 2777/12/54 2781/8/54 2783/6/54
f 2784/5/51 2782/7/51 2778/14/51 2780/13/51
f 2785/1/694 2787/4/694 2788/3/694 2786/2/694
f 2787/4/695 2791/6/695 2792/5/695 2788/3/695
f 2791/6/696 2789/8/696 2790/7/696 2792/5/696
f 2789/8/697 2785/10/697 2786/9/697 2790/7/697
f 2787/11/698 2785/12/698 2789/8/698 2791/6/698
f 2792/5/699 2790/7/699 2786/14/699 2788/13/699
f 2793/1/700 2795/4/700 2796/3/700 2794/2/700
f 2811/15/701 2799/6/701 2800/5/701 2809/16/701
f 2797/8/54 2807/8/54 2806/6/54 2799/6/54
f 2816/17/702 2793/10/702 2794/9/702 2814/18/702
f 2811/19/54 2810/20/54 2797/8/54 2799/6/54
f 2815/21/51 2814/22/51 2794/14/51 2796/13/51
f 2819/23/51 2818/26/51 2804/25/51 2802/24/51
f 2813/27/54 2816/30/54 2803/29/54 2801/28/54
f 2820/31/703 2803/34/703 2804/33/703 2818/32/703
f 2813/35/704 2801/38/704 2802/37/704 2815/36/704
f 2806/6/705 2807/8/705 2808/7/705 2805/5/705
f 2800/5/51 2805/5/51 2808/7/51 2798/7/51
f 2799/6/706 2806/6/706 2805/5/706 2800/5/706
f 2798/7/707 2808/7/707 2807/8/707 2797/8/707
f 2797/8/708 2810/40/708 2812/39/708 2798/7/708
f 2800/5/51 2798/7/51 2812/42/51 2809/41/51
f 2817/43/54 2820/44/54 2810/20/54 2811/19/54
f 2817/45/709 2811/15/709 2809/16/709 2819/46/709
f 2795/4/710 2813/35/710 2815/36/710 2796/3/710
f 2795/11/54 2793/12/54 2816/30/54 2813/27/54
f 2802/24/51 2804/25/51 2814/22/51 2815/21/51
f 2803/34/711 2816/17/711 2814/18/711 2804/33/711
f 2801/38/712 2817/45/712 2819/46/712 2802/37/712
f 2801/28/54 2803/29/54 2820/44/54 2817/43/54
f 2810/40/713 2820/31/713 2818/32/713 2812/39/713
f 2809/41/51 2812/42/51 2818/26/51 2819/23/51
f 2821/1/714 2823/4/714 2824/3/714 2822/2/714
f 2823/4/715 2827/6/715 2828/5/715 2824/3/715
f 2827/6/716 2825/8/716 2826/7/716 2828/5/716
f 2825/8/717 2821/10/717 2822/9/717 2826/7/717
f 2823/11/574 2821/12/574 2825/8/574 2827/6/574
f 2828/5/575 2826/7/575 2822/14/575 2824/13/575
f 2911/196/718 2907/198/718 2850/9/718 2901/197/718
f 2906/199/719 2901/201/719 2850/14/719 2851/200/719
f 2853/202/184 2831/205/184 2832/204/184 2852/203/184
f 2838/206/720 2834/214/720 2836/213/720 2840/212/720 2866/211/720 2865/210/720 2864/209/720 2863/208/720 2862/207/720
f 2904/215/51 2905/218/51 2852/217/51 2832/216/51
f 2879/219/186 3017/219/186 3016/220/186 2878/220/186
f 2948/221/51 2880/221/51 2881/223/51 2947/222/51
f 2829/224/721 2838/206/721 2862/207/721 2869/230/721 2868/229/721 2867/228/721 2866/211/721 2840/212/721 2830/227/721 2909/226/721 2916/225/721
f 2905/218/722 2906/199/722 2851/200/722 2852/217/722
f 2949/220/723 3019/220/723 3004/220/723 2837/220/723
f 2939/231/186 2940/233/186 2839/232/186 2835/223/186
f 2848/234/724 3011/234/724 3008/202/724 2853/202/724
f 2846/175/725 2886/175/725 2890/175/725 2884/175/725
f 2853/202/184 3008/202/184 3007/205/184 2831/205/184
f 2884/235/726 2890/235/726 2889/236/726 2883/236/726
f 2896/237/54 2897/240/54 2842/239/54 2847/238/54
f 2829/224/727 2849/1/727 2848/234/727 2838/206/727
f 2916/225/728 2915/241/728 2849/1/728 2829/224/728
f 2836/213/729 2852/203/729 2851/242/729 2840/212/729
f 2834/214/724 2853/202/724 2852/203/724 2836/213/724
f 2838/206/730 2848/234/730 2853/202/730 2834/214/730
f 2840/212/731 2851/242/731 2850/2/731 2830/227/731
f 2860/243/732 2876/243/732 2875/244/732 2859/244/732
f 2855/245/733 2871/245/733 2877/246/733 2861/246/733
f 2855/245/734 2862/207/734 2863/208/734 2856/247/734
f 2856/247/735 2863/208/735 2864/209/735 2857/248/735
f 2857/248/736 2864/209/736 2865/210/736 2858/249/736
f 2858/249/737 2865/210/737 2866/211/737 2854/250/737
f 2854/250/738 2866/211/738 2867/228/738 2859/244/738
f 2859/244/739 2867/228/739 2868/229/739 2860/243/739
f 2860/243/740 2868/229/740 2869/230/740 2861/246/740
f 2861/246/741 2869/230/741 2862/207/741 2855/245/741
f 2870/250/742 2871/245/742 2872/247/742 2873/248/742 2874/249/742
f 2871/245/743 2870/250/743 2875/244/743 2876/243/743 2877/246/743
f 2854/250/744 2870/250/744 2874/249/744 2858/249/744
f 2857/248/745 2873/248/745 2872/247/745 2856/247/745
f 2861/246/746 2877/246/746 2876/243/746 2860/243/746
f 2859/244/747 2875/244/747 2870/250/747 2854/250/747
f 2858/249/748 2874/249/748 2873/248/748 2857/248/748
f 2856/247/749 2872/247/749 2871/245/749 2855/245/749
f 2941/251/186 2942/231/186 2881/223/186 2880/221/186
f 2878/220/723 3016/220/723 3019/220/723 2949/220/723
f 2951/252/723 2946/252/723 2878/220/723 2949/220/723
f 2833/221/51 2835/223/51 2883/236/51 2882/253/51
f 2835/223/750 2839/232/750 2884/235/750 2883/236/750
f 2889/236/751 2890/235/751 2886/255/751 2885/254/751
f 2888/253/51 2889/236/51 2885/254/51 2887/256/51
f 2844/256/186 2887/256/186 2885/254/186 2845/254/186
f 2845/254/752 2885/254/752 2886/255/752 2846/255/752
f 2883/236/184 2889/236/184 2888/253/184 2882/253/184
f 2839/232/753 2891/232/753 2892/235/753 2884/235/753
f 2846/255/754 2894/255/754 2893/257/754 2843/257/754
f 2902/258/54 2903/259/54 2897/240/54 2896/237/54
f 2841/175/753 3009/175/753 3015/175/753 2847/175/753
f 2902/258/753 3012/258/753 3011/260/753 2848/260/753
f 2845/254/755 2846/255/755 2900/262/755 2899/261/755
f 2844/256/51 2845/254/51 2899/261/51 2898/263/51
f 2846/255/756 2843/257/756 2895/264/756 2900/262/756
f 2908/265/757 2910/268/757 2895/267/757 2843/266/757
f 2896/237/753 3022/237/753 3012/258/753 2902/258/753
f 2847/238/753 3015/238/753 3022/237/753 2896/237/753
f 2848/260/54 2849/12/54 2903/259/54 2902/258/54
f 2899/261/758 2900/262/758 2906/199/758 2905/218/758
f 2898/263/51 2899/261/51 2905/218/51 2904/215/51
f 2900/262/759 2895/264/759 2901/201/759 2906/199/759
f 2910/268/760 2911/196/760 2901/197/760 2895/267/760
f 2927/269/761 2991/269/761 2990/270/761 2925/270/761
f 2912/271/757 2913/272/757 2910/268/757 2908/265/757
f 2830/227/728 2850/2/728 2907/273/728 2909/226/728
f 2914/270/762 2915/274/762 2907/198/762 2911/196/762
f 2903/275/757 2849/10/757 2915/274/757 2914/270/757
f 2842/276/757 2897/277/757 2913/272/757 2912/271/757
f 2897/277/757 2903/275/757 2914/270/757 2913/272/757
f 2909/226/728 2907/273/728 2915/241/728 2916/225/728
f 2919/272/763 2920/270/763 2918/196/763 2917/268/763
f 2928/278/764 2917/268/764 2918/196/764 2927/269/764
f 2925/270/54 2920/270/54 2919/272/54 2926/279/54
f 2926/279/765 2919/272/765 2917/268/765 2928/278/765
f 3003/272/765 2924/281/765 2923/280/765 3001/280/765
f 3002/282/54 2921/270/54 2924/281/54 3003/272/54
f 3001/280/764 2923/280/764 2922/196/764 3000/196/764
f 3000/196/766 2922/196/766 2921/270/766 3002/282/766
f 2924/281/765 2926/279/765 2928/278/765 2923/280/765
f 2921/270/54 2925/270/54 2926/279/54 2924/281/54
f 2927/269/767 2929/269/767 2931/278/767 2928/278/767
f 2922/196/768 2934/196/768 2935/270/768 2921/270/768
f 2932/280/764 2931/278/764 2929/269/764 2930/196/764
f 2930/196/769 2938/196/769 2934/196/769 2922/196/769
f 2923/280/770 2932/280/770 2930/196/770 2922/196/770
f 2928/278/765 2931/278/765 2932/280/765 2923/280/765
f 2934/196/766 2933/269/766 2936/270/766 2935/270/766
f 2934/196/771 2938/196/771 2937/269/771 2933/269/771
f 2929/269/772 2937/269/772 2938/196/772 2930/196/772
f 2927/269/773 2933/269/773 2937/269/773 2929/269/773
f 2921/270/774 2935/270/774 2936/270/774 2925/270/774
f 2925/270/775 2936/270/775 2933/269/775 2927/269/775
f 2947/222/723 2881/223/723 2942/231/723 2950/231/723
f 2945/283/186 2946/252/186 2942/231/186 2941/251/186
f 2943/252/186 2944/284/186 2940/233/186 2939/231/186
f 2837/220/186 2841/285/186 2944/284/186 2943/252/186
f 2879/219/186 2878/220/186 2946/252/186 2945/283/186
f 2962/286/51 2953/231/51 2952/231/51 2960/287/51
f 2939/231/723 2950/231/723 2951/252/723 2943/252/723
f 2835/223/723 2947/222/723 2950/231/723 2939/231/723
f 2943/252/723 2951/252/723 2949/220/723 2837/220/723
f 2837/220/186 3004/220/186 3009/285/186 2841/285/186
f 2833/221/51 2948/221/51 2947/222/51 2835/223/51
f 2952/231/723 2953/231/723 2954/252/723 2955/252/723
f 2963/288/54 2955/252/54 2954/252/54 2961/252/54
f 2955/252/776 2996/252/776 2997/231/776 2952/231/776
f 2961/252/776 2954/252/776 2953/231/776 2962/286/776
f 2977/289/776 2958/252/776 2957/291/776 2974/290/776
f 2976/287/777 2956/290/777 2959/292/777 2975/252/777
f 2975/252/54 2959/292/54 2958/252/54 2977/289/54
f 2974/290/51 2957/291/51 2956/290/51 2976/287/51
f 2958/252/776 2961/252/776 2962/286/776 2957/291/776
f 2960/287/778 2971/287/778 2973/287/778 2967/287/778
f 2959/292/54 2963/288/54 2961/252/54 2958/252/54
f 2963/288/778 2968/288/778 2971/287/778 2960/287/778
f 2965/291/51 2964/286/51 2967/287/51 2966/290/51
f 2960/287/723 2967/287/723 2964/286/723 2962/286/723
f 2957/291/779 2965/291/779 2966/290/779 2956/290/779
f 2962/286/776 2964/286/776 2965/291/776 2957/291/776
f 2970/290/780 2971/287/780 2968/288/780 2969/292/780
f 2970/290/780 2972/290/780 2973/287/780 2971/287/780
f 2967/287/51 2973/287/51 2972/290/51 2966/290/51
f 2956/290/781 2970/290/781 2969/292/781 2959/292/781
f 2959/292/54 2969/292/54 2968/288/54 2963/288/54
f 2966/290/781 2972/290/781 2970/290/781 2956/290/781
f 2974/290/776 2980/290/776 2979/231/776 2942/231/776
f 2951/252/54 2975/252/54 2977/289/54 2946/252/54
f 2981/287/782 2987/287/782 2986/231/782 2978/231/782
f 2946/252/776 2977/289/776 2974/290/776 2942/231/776
f 2979/231/51 2980/290/51 2981/287/51 2978/231/51
f 2942/231/779 2979/231/779 2978/231/779 2950/231/779
f 2976/287/783 2981/287/783 2980/290/783 2974/290/783
f 2978/231/784 2986/231/784 2983/231/784 2950/231/784
f 2983/231/785 2985/287/785 2984/252/785 2982/252/785
f 2983/231/786 2986/231/786 2987/287/786 2985/287/786
f 2950/231/784 2983/231/784 2982/252/784 2951/252/784
f 2975/252/787 2984/252/787 2985/287/787 2976/287/787
f 2976/287/788 2985/287/788 2987/287/788 2981/287/788
f 2951/252/789 2982/252/789 2984/252/789 2975/252/789
f 2991/269/766 2988/196/766 2989/270/766 2990/270/766
f 2925/270/790 2990/270/790 2989/270/790 2920/270/790
f 2920/270/791 2989/270/791 2988/196/791 2918/196/791
f 2918/196/792 2988/196/792 2991/269/792 2927/269/792
f 2994/287/780 2993/231/780 2992/252/780 2995/288/780
f 2960/287/793 2994/287/793 2995/288/793 2963/288/793
f 2963/288/54 2995/288/54 2992/252/54 2955/252/54
f 2952/231/51 2993/231/51 2994/287/51 2960/287/51
f 2996/252/794 2998/252/794 2999/231/794 2997/231/794
f 2952/231/51 2997/231/51 2999/231/51 2993/231/51
f 2993/231/780 2999/231/780 2998/252/780 2992/252/780
f 2992/252/54 2998/252/54 2996/252/54 2955/252/54
f 2911/196/766 3000/196/766 3002/282/766 2914/270/766
f 2910/268/764 3001/280/764 3000/196/764 2911/196/764
f 2914/270/54 3002/282/54 3003/272/54 2913/272/54
f 2913/272/765 3003/272/765 3001/280/765 2910/268/765
f 3013/293/54 3014/294/54 3004/220/54 3005/219/54
f 3014/294/54 3015/238/54 3009/285/54 3004/220/54
f 3021/295/54 3022/237/54 3015/238/54 3014/294/54
f 3020/296/54 3021/295/54 3014/294/54 3013/293/54
f 3019/220/54 3016/220/54 3017/219/54 3018/219/54
f 3006/297/54 3010/298/54 3021/295/54 3020/296/54
f 3010/298/54 3012/258/54 3022/237/54 3021/295/54
f 3008/299/54 3011/260/54 3012/258/54 3010/298/54
f 3007/300/54 3008/299/54 3010/298/54 3006/297/54
f 3004/220/54 3019/220/54 3018/219/54 3005/219/54
f 3577/47/799 3579/50/799 3580/49/799 3578/48/799
f 3579/50/800 3581/52/800 3582/51/800 3580/49/800
f 3581/52/801 3583/54/801 3584/53/801 3582/51/801
f 3583/54/802 3585/13/802 3586/55/802 3584/53/802
f 3585/13/803 3587/57/803 3588/56/803 3586/55/803
f 3587/57/804 3589/59/804 3590/58/804 3588/56/804
f 3589/59/805 3591/61/805 3592/60/805 3590/58/805
f 3591/61/806 3593/63/806 3594/62/806 3592/60/806
f 3593/63/807 3595/65/807 3596/64/807 3594/62/807
f 3595/65/808 3597/67/808 3598/66/808 3596/64/808
f 3597/67/809 3599/69/809 3600/68/809 3598/66/809
f 3599/69/810 3601/5/810 3602/9/810 3600/68/810
f 3601/5/811 3603/71/811 3604/70/811 3602/9/811
f 3603/71/812 3605/73/812 3606/72/812 3604/70/812
f 3605/73/813 3607/75/813 3608/74/813 3606/72/813
f 3607/75/814 3609/77/814 3610/76/814 3608/74/814
f 3609/77/815 3611/79/815 3612/78/815 3610/76/815
f 3611/79/816 3613/81/816 3614/80/816 3612/78/816
f 3613/81/817 3615/83/817 3616/82/817 3614/80/817
f 3615/83/818 3617/6/818 3618/10/818 3616/82/818
f 3617/6/819 3619/85/819 3620/84/819 3618/10/819
f 3619/85/820 3621/87/820 3622/86/820 3620/84/820
f 3621/87/821 3623/89/821 3624/88/821 3622/86/821
f 3623/89/822 3625/91/822 3626/90/822 3624/88/822
f 3625/91/823 3627/93/823 3628/92/823 3626/90/823
f 3627/93/824 3629/95/824 3630/94/824 3628/92/824
f 3629/95/825 3631/97/825 3632/96/825 3630/94/825
f 3631/97/826 3633/11/826 3634/98/826 3632/96/826
f 3633/11/827 3635/100/827 3636/99/827 3634/98/827
f 3635/100/828 3637/102/828 3638/101/828 3636/99/828
f 3580/103/829 3582/134/829 3584/133/829 3586/132/829 3588/131/829 3590/130/829 3592/129/829 3594/128/829 3596/127/829 3598/126/829 3600/125/829 3602/124/829 3604/123/829 3606/122/829 3608/121/829 3610/120/829 3612/119/829 3614/118/829 3616/117/829 3618/116/829 3620/115/829 3622/114/829 3624/113/829 3626/112/829 3628/111/829 3630/110/829 3632/109/829 3634/108/829 3636/107/829 3638/106/829 3640/105/829 3578/104/829
f 3637/102/830 3639/136/830 3640/135/830 3638/101/830
f 3639/136/831 3577/138/831 3578/137/831 3640/135/831
f 3577/139/832 3639/170/832 3637/169/832 3635/168/832 3633/167/832 3631/166/832 3629/165/832 3627/164/832 3625/163/832 3623/162/832 3621/161/832 3619/160/832 3617/159/832 3615/158/832 3613/157/832 3611/156/832 3609/155/832 3607/154/832 3605/153/832 3603/152/832 3601/151/832 3599/150/832 3597/149/832 3595/148/832 3593/147/832 3591/146/832 3589/145/832 3587/144/832 3585/143/832 3583/142/832 3581/141/832 3579/140/832
f 3641/47/833 3643/50/833 3644/49/833 3642/48/833
f 3643/50/834 3645/52/834 3646/51/834 3644/49/834
f 3645/52/835 3647/54/835 3648/53/835 3646/51/835
f 3647/54/836 3649/13/836 3650/55/836 3648/53/836
f 3649/13/837 3651/57/837 3652/56/837 3650/55/837
f 3651/57/838 3653/59/838 3654/58/838 3652/56/838
f 3653/59/839 3655/61/839 3656/60/839 3654/58/839
f 3655/61/840 3657/63/840 3658/62/840 3656/60/840
f 3657/63/841 3659/65/841 3660/64/841 3658/62/841
f 3659/65/842 3661/67/842 3662/66/842 3660/64/842
f 3661/67/843 3663/69/843 3664/68/843 3662/66/843
f 3663/69/844 3665/5/844 3666/9/844 3664/68/844
f 3665/5/845 3667/71/845 3668/70/845 3666/9/845
f 3667/71/846 3669/73/846 3670/72/846 3668/70/846
f 3669/73/847 3671/75/847 3672/74/847 3670/72/847
f 3671/75/848 3673/77/848 3674/76/848 3672/74/848
f 3673/77/849 3675/79/849 3676/78/849 3674/76/849
f 3675/79/850 3677/81/850 3678/80/850 3676/78/850
f 3677/81/851 3679/83/851 3680/82/851 3678/80/851
f 3679/83/852 3681/6/852 3682/10/852 3680/82/852
f 3681/6/853 3683/85/853 3684/84/853 3682/10/853
f 3683/85/854 3685/87/854 3686/86/854 3684/84/854
f 3685/87/855 3687/89/855 3688/88/855 3686/86/855
f 3687/89/856 3689/91/856 3690/90/856 3688/88/856
f 3689/91/857 3691/93/857 3692/92/857 3690/90/857
f 3691/93/858 3693/95/858 3694/94/858 3692/92/858
f 3693/95/859 3695/97/859 3696/96/859 3694/94/859
f 3695/97/860 3697/11/860 3698/98/860 3696/96/860
f 3697/11/861 3699/100/861 3700/99/861 3698/98/861
f 3699/100/862 3701/102/862 3702/101/862 3700/99/862
f 3644/103/829 3646/134/829 3648/133/829 3650/132/829 3652/131/829 3654/130/829 3656/129/829 3658/128/829 3660/127/829 3662/126/829 3664/125/829 3666/124/829 3668/123/829 3670/122/829 3672/121/829 3674/120/829 3676/119/829 3678/118/829 3680/117/829 3682/116/829 3684/115/829 3686/114/829 3688/113/829 3690/112/829 3692/111/829 3694/110/829 3696/109/829 3698/108/829 3700/107/829 3702/106/829 3704/105/829 3642/104/829
f 3701/102/863 3703/136/863 3704/135/863 3702/101/863
f 3703/136/864 3641/138/864 3642/137/864 3704/135/864
f 3641/139/832 3703/170/832 3701/169/832 3699/168/832 3697/167/832 3695/166/832 3693/165/832 3691/164/832 3689/163/832 3687/162/832 3685/161/832 3683/160/832 3681/159/832 3679/158/832 3677/157/832 3675/156/832 3673/155/832 3671/154/832 3669/153/832 3667/152/832 3665/151/832 3663/150/832 3661/149/832 3659/148/832 3657/147/832 3655/146/832 3653/145/832 3651/144/832 3649/143/832 3647/142/832 3645/141/832 3643/140/832
f 3705/47/799 3707/50/799 3708/49/799 3706/48/799
f 3707/50/800 3709/52/800 3710/51/800 3708/49/800
f 3709/52/801 3711/54/801 3712/53/801 3710/51/801
f 3711/54/802 3713/13/802 3714/55/802 3712/53/802
f 3713/13/803 3715/57/803 3716/56/803 3714/55/803
f 3715/57/804 3717/59/804 3718/58/804 3716/56/804
f 3717/59/805 3719/61/805 3720/60/805 3718/58/805
f 3719/61/806 3721/63/806 3722/62/806 3720/60/806
f 3721/63/807 3723/65/807 3724/64/807 3722/62/807
f 3723/65/808 3725/67/808 3726/66/808 3724/64/808
f 3725/67/809 3727/69/809 3728/68/809 3726/66/809
f 3727/69/810 3729/5/810 3730/9/810 3728/68/810
f 3729/5/811 3731/71/811 3732/70/811 3730/9/811
f 3731/71/812 3733/73/812 3734/72/812 3732/70/812
f 3733/73/813 3735/75/813 3736/74/813 3734/72/813
f 3735/75/814 3737/77/814 3738/76/814 3736/74/814
f 3737/77/815 3739/79/815 3740/78/815 3738/76/815
f 3739/79/816 3741/81/816 3742/80/816 3740/78/816
f 3741/81/817 3743/83/817 3744/82/817 3742/80/817
f 3743/83/818 3745/6/818 3746/10/818 3744/82/818
f 3745/6/819 3747/85/819 3748/84/819 3746/10/819
f 3747/85/820 3749/87/820 3750/86/820 3748/84/820
f 3749/87/821 3751/89/821 3752/88/821 3750/86/821
f 3751/89/822 3753/91/822 3754/90/822 3752/88/822
f 3753/91/823 3755/93/823 3756/92/823 3754/90/823
f 3755/93/824 3757/95/824 3758/94/824 3756/92/824
f 3757/95/825 3759/97/825 3760/96/825 3758/94/825
f 3759/97/826 3761/11/826 3762/98/826 3760/96/826
f 3761/11/827 3763/100/827 3764/99/827 3762/98/827
f 3763/100/828 3765/102/828 3766/101/828 3764/99/828
f 3708/103/829 3710/134/829 3712/133/829 3714/132/829 3716/131/829 3718/130/829 3720/129/829 3722/128/829 3724/127/829 3726/126/829 3728/125/829 3730/124/829 3732/123/829 3734/122/829 3736/121/829 3738/120/829 3740/119/829 3742/118/829 3744/117/829 3746/116/829 3748/115/829 3750/114/829 3752/113/829 3754/112/829 3756/111/829 3758/110/829 3760/109/829 3762/108/829 3764/107/829 3766/106/829 3768/105/829 3706/104/829
f 3765/102/830 3767/136/830 3768/135/830 3766/101/830
f 3767/136/831 3705/138/831 3706/137/831 3768/135/831
f 3705/139/832 3767/170/832 3765/169/832 3763/168/832 3761/167/832 3759/166/832 3757/165/832 3755/164/832 3753/163/832 3751/162/832 3749/161/832 3747/160/832 3745/159/832 3743/158/832 3741/157/832 3739/156/832 3737/155/832 3735/154/832 3733/153/832 3731/152/832 3729/151/832 3727/150/832 3725/149/832 3723/148/832 3721/147/832 3719/146/832 3717/145/832 3715/144/832 3713/143/832 3711/142/832 3709/141/832 3707/140/832
f 3769/47/799 3771/50/799 3772/49/799 3770/48/799
f 3771/50/800 3773/52/800 3774/51/800 3772/49/800
f 3773/52/801 3775/54/801 3776/53/801 3774/51/801
f 3775/54/802 3777/13/802 3778/55/802 3776/53/802
f 3777/13/803 3779/57/803 3780/56/803 3778/55/803
f 3779/57/804 3781/59/804 3782/58/804 3780/56/804
f 3781/59/805 3783/61/805 3784/60/805 3782/58/805
f 3783/61/806 3785/63/806 3786/62/806 3784/60/806
f 3785/63/807 3787/65/807 3788/64/807 3786/62/807
f 3787/65/808 3789/67/808 3790/66/808 3788/64/808
f 3789/67/809 3791/69/809 3792/68/809 3790/66/809
f 3791/69/810 3793/5/810 3794/9/810 3792/68/810
f 3793/5/811 3795/71/811 3796/70/811 3794/9/811
f 3795/71/812 3797/73/812 3798/72/812 3796/70/812
f 3797/73/813 3799/75/813 3800/74/813 3798/72/813
f 3799/75/814 3801/77/814 3802/76/814 3800/74/814
f 3801/77/815 3803/79/815 3804/78/815 3802/76/815
f 3803/79/816 3805/81/816 3806/80/816 3804/78/816
f 3805/81/817 3807/83/817 3808/82/817 3806/80/817
f 3807/83/818 3809/6/818 3810/10/818 3808/82/818
f 3809/6/819 3811/85/819 3812/84/819 3810/10/819
f 3811/85/820 3813/87/820 3814/86/820 3812/84/820
f 3813/87/821 3815/89/821 3816/88/821 3814/86/821
f 3815/89/822 3817/91/822 3818/90/822 3816/88/822
f 3817/91/823 3819/93/823 3820/92/823 3818/90/823
f 3819/93/824 3821/95/824 3822/94/824 3820/92/824
f 3821/95/825 3823/97/825 3824/96/825 3822/94/825
f 3823/97/826 3825/11/826 3826/98/826 3824/96/826
f 3825/11/827 3827/100/827 3828/99/827 3826/98/827
f 3827/100/828 3829/102/828 3830/101/828 3828/99/828
f 3772/103/829 3774/134/829 3776/133/829 3778/132/829 3780/131/829 3782/130/829 3784/129/829 3786/128/829 3788/127/829 3790/126/829 3792/125/829 3794/124/829 3796/123/829 3798/122/829 3800/121/829 3802/120/829 3804/119/829 3806/118/829 3808/117/829 3810/116/829 3812/115/829 3814/114/829 3816/113/829 3818/112/829 3820/111/829 3822/110/829 3824/109/829 3826/108/829 3828/107/829 3830/106/829 3832/105/829 3770/104/829
f 3829/102/830 3831/136/830 3832/135/830 3830/101/830
f 3831/136/831 3769/138/831 3770/137/831 3832/135/831
f 3769/139/832 3831/170/832 3829/169/832 3827/168/832 3825/167/832 3823/166/832 3821/165/832 3819/164/832 3817/163/832 3815/162/832 3813/161/832 3811/160/832 3809/159/832 3807/158/832 3805/157/832 3803/156/832 3801/155/832 3799/154/832 3797/153/832 3795/152/832 3793/151/832 3791/150/832 3789/149/832 3787/148/832 3785/147/832 3783/146/832 3781/145/832 3779/144/832 3777/143/832 3775/142/832 3773/141/832 3771/140/832
f 3833/47/799 3835/50/799 3836/49/799 3834/48/799
f 3835/50/800 3837/52/800 3838/51/800 3836/49/800
f 3837/52/801 3839/54/801 3840/53/801 3838/51/801
f 3839/54/802 3841/13/802 3842/55/802 3840/53/802
f 3841/13/803 3843/57/803 3844/56/803 3842/55/803
f 3843/57/804 3845/59/804 3846/58/804 3844/56/804
f 3845/59/805 3847/61/805 3848/60/805 3846/58/805
f 3847/61/806 3849/63/806 3850/62/806 3848/60/806
f 3849/63/807 3851/65/807 3852/64/807 3850/62/807
f 3851/65/808 3853/67/808 3854/66/808 3852/64/808
f 3853/67/809 3855/69/809 3856/68/809 3854/66/809
f 3855/69/810 3857/5/810 3858/9/810 3856/68/810
f 3857/5/811 3859/71/811 3860/70/811 3858/9/811
f 3859/71/812 3861/73/812 3862/72/812 3860/70/812
f 3861/73/813 3863/75/813 3864/74/813 3862/72/813
f 3863/75/814 3865/77/814 3866/76/814 3864/74/814
f 3865/77/815 3867/79/815 3868/78/815 3866/76/815
f 3867/79/816 3869/81/816 3870/80/816 3868/78/816
f 3869/81/817 3871/83/817 3872/82/817 3870/80/817
f 3871/83/818 3873/6/818 3874/10/818 3872/82/818
f 3873/6/819 3875/85/819 3876/84/819 3874/10/819
f 3875/85/820 3877/87/820 3878/86/820 3876/84/820
f 3877/87/821 3879/89/821 3880/88/821 3878/86/821
f 3879/89/822 3881/91/822 3882/90/822 3880/88/822
f 3881/91/823 3883/93/823 3884/92/823 3882/90/823
f 3883/93/824 3885/95/824 3886/94/824 3884/92/824
f 3885/95/825 3887/97/825 3888/96/825 3886/94/825
f 3887/97/826 3889/11/826 3890/98/826 3888/96/826
f 3889/11/827 3891/100/827 3892/99/827 3890/98/827
f 3891/100/828 3893/102/828 3894/101/828 3892/99/828
f 3836/103/829 3838/134/829 3840/133/829 3842/132/829 3844/131/829 3846/130/829 3848/129/829 3850/128/829 3852/127/829 3854/126/829 3856/125/829 3858/124/829 3860/123/829 3862/122/829 3864/121/829 3866/120/829 3868/119/829 3870/118/829 3872/117/829 3874/116/829 3876/115/829 3878/114/829 3880/113/829 3882/112/829 3884/111/829 3886/110/829 3888/109/829 3890/108/829 3892/107/829 3894/106/829 3896/105/829 3834/104/829
f 3893/102/830 3895/136/830 3896/135/830 3894/101/830
f 3895/136/831 3833/138/831 3834/137/831 3896/135/831
f 3833/139/865 3895/170/865 3893/169/865 3891/168/865 3889/167/865 3887/166/865 3885/165/865 3883/164/865 3881/163/865 3879/162/865 3877/161/865 3875/160/865 3873/159/865 3871/158/865 3869/157/865 3867/156/865 3865/155/865 3863/154/865 3861/153/865 3859/152/865 3857/151/865 3855/150/865 3853/149/865 3851/148/865 3849/147/865 3847/146/865 3845/145/865 3843/144/865 3841/143/865 3839/142/865 3837/141/865 3835/140/865
f 3897/47/866 3899/50/866 3900/49/866 3898/48/866
f 3899/50/867 3901/52/867 3902/51/867 3900/49/867
f 3901/52/868 3903/54/868 3904/53/868 3902/51/868
f 3903/54/869 3905/13/869 3906/55/869 3904/53/869
f 3905/13/870 3907/57/870 3908/56/870 3906/55/870
f 3907/57/871 3909/59/871 3910/58/871 3908/56/871
f 3909/59/872 3911/61/872 3912/60/872 3910/58/872
f 3911/61/873 3913/63/873 3914/62/873 3912/60/873
f 3913/63/874 3915/65/874 3916/64/874 3914/62/874
f 3915/65/875 3917/67/875 3918/66/875 3916/64/875
f 3917/67/876 3919/69/876 3920/68/876 3918/66/876
f 3919/69/877 3921/5/877 3922/9/877 3920/68/877
f 3921/5/878 3923/71/878 3924/70/878 3922/9/878
f 3923/71/879 3925/73/879 3926/72/879 3924/70/879
f 3925/73/880 3927/75/880 3928/74/880 3926/72/880
f 3927/75/881 3929/77/881 3930/76/881 3928/74/881
f 3929/77/882 3931/79/882 3932/78/882 3930/76/882
f 3931/79/883 3933/81/883 3934/80/883 3932/78/883
f 3933/81/884 3935/83/884 3936/82/884 3934/80/884
f 3935/83/885 3937/6/885 3938/10/885 3936/82/885
f 3937/6/886 3939/85/886 3940/84/886 3938/10/886
f 3939/85/887 3941/87/887 3942/86/887 3940/84/887
f 3941/87/888 3943/89/888 3944/88/888 3942/86/888
f 3943/89/889 3945/91/889 3946/90/889 3944/88/889
f 3945/91/890 3947/93/890 3948/92/890 3946/90/890
f 3947/93/891 3949/95/891 3950/94/891 3948/92/891
f 3949/95/892 3951/97/892 3952/96/892 3950/94/892
f 3951/97/893 3953/11/893 3954/98/893 3952/96/893
f 3953/11/894 3955/100/894 3956/99/894 3954/98/894
f 3955/100/895 3957/102/895 3958/101/895 3956/99/895
f 3900/103/51 3902/134/51 3904/133/51 3906/132/51 3908/131/51 3910/130/51 3912/129/51 3914/128/51 3916/127/51 3918/126/51 3920/125/51 3922/124/51 3924/123/51 3926/122/51 3928/121/51 3930/120/51 3932/119/51 3934/118/51 3936/117/51 3938/116/51 3940/115/51 3942/114/51 3944/113/51 3946/112/51 3948/111/51 3950/110/51 3952/109/51 3954/108/51 3956/107/51 3958/106/51 3960/105/51 3898/104/51
f 3957/102/896 3959/136/896 3960/135/896 3958/101/896
f 3959/136/897 3897/138/897 3898/137/897 3960/135/897
f 3897/139/54 3959/170/54 3957/169/54 3955/168/54 3953/167/54 3951/166/54 3949/165/54 3947/164/54 3945/163/54 3943/162/54 3941/161/54 3939/160/54 3937/159/54 3935/158/54 3933/157/54 3931/156/54 3929/155/54 3927/154/54 3925/153/54 3923/152/54 3921/151/54 3919/150/54 3917/149/54 3915/148/54 3913/147/54 3911/146/54 3909/145/54 3907/144/54 3905/143/54 3903/142/54 3901/141/54 3899/140/54
f 3985/47/624 3987/50/624 3988/49/624 3986/48/624
f 3987/50/625 3989/52/625 3990/51/625 3988/49/625
f 3989/52/626 3991/54/626 3992/53/626 3990/51/626
f 3991/54/627 3993/13/627 3994/55/627 3992/53/627
f 3993/13/898 3995/57/898 3996/56/898 3994/55/898
f 3995/57/629 3997/59/629 3998/58/629 3996/56/629
f 3997/59/899 3999/61/899 4000/60/899 3998/58/899
f 3999/61/631 4001/63/631 4002/62/631 4000/60/631
f 4001/63/632 4003/65/632 4004/64/632 4002/62/632
f 4003/65/633 4005/67/633 4006/66/633 4004/64/633
f 4005/67/634 4007/69/634 4008/68/634 4006/66/634
f 4007/69/635 4009/5/635 4010/9/635 4008/68/635
f 4009/5/636 4011/71/636 4012/70/636 4010/9/636
f 4011/71/900 4013/73/900 4014/72/900 4012/70/900
f 4013/73/638 4015/75/638 4016/74/638 4014/72/638
f 4015/75/901 4017/77/901 4018/76/901 4016/74/901
f 4017/77/640 4019/79/640 4020/78/640 4018/76/640
f 4019/79/641 4021/81/641 4022/80/641 4020/78/641
f 4021/81/642 4023/83/642 4024/82/642 4022/80/642
f 4023/83/643 4025/6/643 4026/10/643 4024/82/643
f 4025/6/902 4027/85/902 4028/84/902 4026/10/902
f 4027/85/645 4029/87/645 4030/86/645 4028/84/645
f 4029/87/646 4031/89/646 4032/88/646 4030/86/646
f 4031/89/647 4033/91/647 4034/90/647 4032/88/647
f 4033/91/648 4035/93/648 4036/92/648 4034/90/648
f 4035/93/649 4037/95/649 4038/94/649 4036/92/649
f 4037/95/650 4039/97/650 4040/96/650 4038/94/650
f 4039/97/651 4041/11/651 4042/98/651 4040/96/651
f 4041/11/652 4043/100/652 4044/99/652 4042/98/652
f 4043/100/653 4045/102/653 4046/101/653 4044/99/653
f 3988/103/620 3990/134/620 3992/133/620 3994/132/620 3996/131/620 3998/130/620 4000/129/620 4002/128/620 4004/127/620 4006/126/620 4008/125/620 4010/124/620 4012/123/620 4014/122/620 4016/121/620 4018/120/620 4020/119/620 4022/118/620 4024/117/620 4026/116/620 4028/115/620 4030/114/620 4032/113/620 4034/112/620 4036/111/620 4038/110/620 4040/109/620 4042/108/620 4044/107/620 4046/106/620 4048/105/620 3986/104/620
f 4045/102/654 4047/136/654 4048/135/654 4046/101/654
f 4047/136/655 3985/138/655 3986/137/655 4048/135/655
f 3985/139/656 4047/170/656 4045/169/656 4043/168/656 4041/167/656 4039/166/656 4037/165/656 4035/164/656 4033/163/656 4031/162/656 4029/161/656 4027/160/656 4025/159/656 4023/158/656 4021/157/656 4019/156/656 4017/155/656 4015/154/656 4013/153/656 4011/152/656 4009/151/656 4007/150/656 4005/149/656 4003/148/656 4001/147/656 3999/146/656 3997/145/656 3995/144/656 3993/143/656 3991/142/656 3989/141/656 3987/140/656
f 4049/47/624 4051/50/624 4052/49/624 4050/48/624
f 4051/50/625 4053/52/625 4054/51/625 4052/49/625
f 4053/52/903 4055/54/903 4056/53/903 4054/51/903
f 4055/54/627 4057/13/627 4058/55/627 4056/53/627
f 4057/13/898 4059/57/898 4060/56/898 4058/55/898
f 4059/57/629 4061/59/629 4062/58/629 4060/56/629
f 4061/59/630 4063/61/630 4064/60/630 4062/58/630
f 4063/61/631 4065/63/631 4066/62/631 4064/60/631
f 4065/63/632 4067/65/632 4068/64/632 4066/62/632
f 4067/65/633 4069/67/633 4070/66/633 4068/64/633
f 4069/67/634 4071/69/634 4072/68/634 4070/66/634
f 4071/69/635 4073/5/635 4074/9/635 4072/68/635
f 4073/5/636 4075/71/636 4076/70/636 4074/9/636
f 4075/71/900 4077/73/900 4078/72/900 4076/70/900
f 4077/73/638 4079/75/638 4080/74/638 4078/72/638
f 4079/75/639 4081/77/639 4082/76/639 4080/74/639
f 4081/77/640 4083/79/640 4084/78/640 4082/76/640
f 4083/79/641 4085/81/641 4086/80/641 4084/78/641
f 4085/81/904 4087/83/904 4088/82/904 4086/80/904
f 4087/83/643 4089/6/643 4090/10/643 4088/82/643
f 4089/6/902 4091/85/902 4092/84/902 4090/10/902
f 4091/85/645 4093/87/645 4094/86/645 4092/84/645
f 4093/87/646 4095/89/646 4096/88/646 4094/86/646
f 4095/89/647 4097/91/647 4098/90/647 4096/88/647
f 4097/91/648 4099/93/648 4100/92/648 4098/90/648
f 4099/93/649 4101/95/649 4102/94/649 4100/92/649
f 4101/95/650 4103/97/650 4104/96/650 4102/94/650
f 4103/97/651 4105/11/651 4106/98/651 4104/96/651
f 4105/11/652 4107/100/652 4108/99/652 4106/98/652
f 4107/100/653 4109/102/653 4110/101/653 4108/99/653
f 4052/103/620 4054/134/620 4056/133/620 4058/132/620 4060/131/620 4062/130/620 4064/129/620 4066/128/620 4068/127/620 4070/126/620 4072/125/620 4074/124/620 4076/123/620 4078/122/620 4080/121/620 4082/120/620 4084/119/620 4086/118/620 4088/117/620 4090/116/620 4092/115/620 4094/114/620 4096/113/620 4098/112/620 4100/111/620 4102/110/620 4104/109/620 4106/108/620 4108/107/620 4110/106/620 4112/105/620 4050/104/620
f 4109/102/654 4111/136/654 4112/135/654 4110/101/654
f 4111/136/655 4049/138/655 4050/137/655 4112/135/655
f 4049/139/623 4111/170/623 4109/169/623 4107/168/623 4105/167/623 4103/166/623 4101/165/623 4099/164/623 4097/163/623 4095/162/623 4093/161/623 4091/160/623 4089/159/623 4087/158/623 4085/157/623 4083/156/623 4081/155/623 4079/154/623 4077/153/623 4075/152/623 4073/151/623 4071/150/623 4069/149/623 4067/148/623 4065/147/623 4063/146/623 4061/145/623 4059/144/623 4057/143/623 4055/142/623 4053/141/623 4051/140/623
f 4113/47/624 4115/50/624 4116/49/624 4114/48/624
f 4115/50/625 4117/52/625 4118/51/625 4116/49/625
f 4117/52/626 4119/54/626 4120/53/626 4118/51/626
f 4119/54/627 4121/13/627 4122/55/627 4120/53/627
f 4121/13/628 4123/57/628 4124/56/628 4122/55/628
f 4123/57/629 4125/59/629 4126/58/629 4124/56/629
f 4125/59/630 4127/61/630 4128/60/630 4126/58/630
f 4127/61/631 4129/63/631 4130/62/631 4128/60/631
f 4129/63/632 4131/65/632 4132/64/632 4130/62/632
f 4131/65/633 4133/67/633 4134/66/633 4132/64/633
f 4133/67/634 4135/69/634 4136/68/634 4134/66/634
f 4135/69/635 4137/5/635 4138/9/635 4136/68/635
f 4137/5/636 4139/71/636 4140/70/636 4138/9/636
f 4139/71/900 4141/73/900 4142/72/900 4140/70/900
f 4141/73/638 4143/75/638 4144/74/638 4142/72/638
f 4143/75/639 4145/77/639 4146/76/639 4144/74/639
f 4145/77/640 4147/79/640 4148/78/640 4146/76/640
f 4147/79/641 4149/81/641 4150/80/641 4148/78/641
f 4149/81/642 4151/83/642 4152/82/642 4150/80/642
f 4151/83/643 4153/6/643 4154/10/643 4152/82/643
f 4153/6/902 4155/85/902 4156/84/902 4154/10/902
f 4155/85/645 4157/87/645 4158/86/645 4156/84/645
f 4157/87/646 4159/89/646 4160/88/646 4158/86/646
f 4159/89/647 4161/91/647 4162/90/647 4160/88/647
f 4161/91/648 4163/93/648 4164/92/648 4162/90/648
f 4163/93/649 4165/95/649 4166/94/649 4164/92/649
f 4165/95/650 4167/97/650 4168/96/650 4166/94/650
f 4167/97/651 4169/11/651 4170/98/651 4168/96/651
f 4169/11/652 4171/100/652 4172/99/652 4170/98/652
f 4171/100/653 4173/102/653 4174/101/653 4172/99/653
f 4116/103/620 4118/134/620 4120/133/620 4122/132/620 4124/131/620 4126/130/620 4128/129/620 4130/128/620 4132/127/620 4134/126/620 4136/125/620 4138/124/620 4140/123/620 4142/122/620 4144/121/620 4146/120/620 4148/119/620 4150/118/620 4152/117/620 4154/116/620 4156/115/620 4158/114/620 4160/113/620 4162/112/620 4164/111/620 4166/110/620 4168/109/620 4170/108/620 4172/107/620 4174/106/620 4176/105/620 4114/104/620
f 4173/102/654 4175/136/654 4176/135/654 4174/101/654
f 4175/136/655 4113/138/655 4114/137/655 4176/135/655
f 4113/139/623 4175/170/623 4173/169/623 4171/168/623 4169/167/623 4167/166/623 4165/165/623 4163/164/623 4161/163/623 4159/162/623 4157/161/623 4155/160/623 4153/159/623 4151/158/623 4149/157/623 4147/156/623 4145/155/623 4143/154/623 4141/153/623 4139/152/623 4137/151/623 4135/150/623 4133/149/623 4131/148/623 4129/147/623 4127/146/623 4125/145/623 4123/144/623 4121/143/623 4119/142/623 4117/141/623 4115/140/623
f 4177/47/905 4179/50/905 4180/49/905 4178/48/905
f 4179/50/906 4181/52/906 4182/51/906 4180/49/906
f 4181/52/907 4183/54/907 4184/53/907 4182/51/907
f 4183/54/908 4185/13/908 4186/55/908 4184/53/908
f 4185/13/909 4187/57/909 4188/56/909 4186/55/909
f 4187/57/910 4189/59/910 4190/58/910 4188/56/910
f 4189/59/911 4191/61/911 4192/60/911 4190/58/911
f 4191/61/912 4193/63/912 4194/62/912 4192/60/912
f 4193/63/913 4195/65/913 4196/64/913 4194/62/913
f 4195/65/914 4197/67/914 4198/66/914 4196/64/914
f 4197/67/915 4199/69/915 4200/68/915 4198/66/915
f 4199/69/916 4201/5/916 4202/9/916 4200/68/916
f 4201/5/917 4203/71/917 4204/70/917 4202/9/917
f 4203/71/918 4205/73/918 4206/72/918 4204/70/918
f 4205/73/919 4207/75/919 4208/74/919 4206/72/919
f 4207/75/920 4209/77/920 4210/76/920 4208/74/920
f 4209/77/921 4211/79/921 4212/78/921 4210/76/921
f 4211/79/922 4213/81/922 4214/80/922 4212/78/922
f 4213/81/923 4215/83/923 4216/82/923 4214/80/923
f 4215/83/924 4217/6/924 4218/10/924 4216/82/924
f 4217/6/925 4219/85/925 4220/84/925 4218/10/925
f 4219/85/926 4221/87/926 4222/86/926 4220/84/926
f 4221/87/927 4223/89/927 4224/88/927 4222/86/927
f 4223/89/928 4225/91/928 4226/90/928 4224/88/928
f 4225/91/929 4227/93/929 4228/92/929 4226/90/929
f 4227/93/930 4229/95/930 4230/94/930 4228/92/930
f 4229/95/931 4231/97/931 4232/96/931 4230/94/931
f 4231/97/932 4233/11/932 4234/98/932 4232/96/932
f 4233/11/933 4235/100/933 4236/99/933 4234/98/933
f 4235/100/934 4237/102/934 4238/101/934 4236/99/934
f 4180/103/51 4182/134/51 4184/133/51 4186/132/51 4188/131/51 4190/130/51 4192/129/51 4194/128/51 4196/127/51 4198/126/51 4200/125/51 4202/124/51 4204/123/51 4206/122/51 4208/121/51 4210/120/51 4212/119/51 4214/118/51 4216/117/51 4218/116/51 4220/115/51 4222/114/51 4224/113/51 4226/112/51 4228/111/51 4230/110/51 4232/109/51 4234/108/51 4236/107/51 4238/106/51 4240/105/51 4178/104/51
f 4237/102/935 4239/136/935 4240/135/935 4238/101/935
f 4239/136/936 4177/138/936 4178/137/936 4240/135/936
f 4177/139/54 4239/170/54 4237/169/54 4235/168/54 4233/167/54 4231/166/54 4229/165/54 4227/164/54 4225/163/54 4223/162/54 4221/161/54 4219/160/54 4217/159/54 4215/158/54 4213/157/54 4211/156/54 4209/155/54 4207/154/54 4205/153/54 4203/152/54 4201/151/54 4199/150/54 4197/149/54 4195/148/54 4193/147/54 4191/146/54 4189/145/54 4187/144/54 4185/143/54 4183/142/54 4181/141/54 4179/140/54
f 4251/171/937 4246/172/937 4244/48/937 4250/47/937
f 4252/173/938 4247/174/938 4246/172/938 4251/171/938
f 4249/138/939 4243/137/939 4247/174/939 4252/173/939
f 4241/175/51 4249/138/51 4252/173/51 4248/176/51
f 4248/176/51 4252/173/51 4251/171/51 4245/177/51
f 4245/177/51 4251/171/51 4250/47/51 4242/178/51
f 4263/171/940 4258/172/940 4256/48/940 4262/47/940
f 4264/173/941 4259/174/941 4258/172/941 4263/171/941
f 4261/138/942 4255/137/942 4259/174/942 4264/173/942
f 4253/175/51 4261/138/51 4264/173/51 4260/176/51
f 4260/176/51 4264/173/51 4263/171/51 4257/177/51
f 4257/177/51 4263/171/51 4262/47/51 4254/178/51
f 4265/175/51 4283/189/51 4282/188/51 4281/187/51 4272/186/51 4271/185/51 4270/184/51 4269/183/51 4278/182/51 4277/181/51 4276/180/51 4275/179/51 4268/48/51 4266/178/51
f 4291/190/51 4286/183/51 4287/184/51 4288/185/51 4289/186/51 4290/191/51
f 4267/137/51 4268/48/51 4269/183/51 4274/190/51 4273/191/51 4272/186/51
f 4271/185/943 4288/185/943 4287/184/943 4270/184/943
f 4269/183/51 4268/48/51 4275/179/51 4280/193/51 4279/192/51 4278/182/51
f 4276/180/944 4293/180/944 4292/179/944 4275/179/944
f 4270/184/945 4287/184/945 4286/183/945 4269/183/945
f 4284/194/51 4283/189/51 4265/175/51 4267/137/51 4272/186/51 4281/187/51 4285/195/51
f 4297/193/51 4292/179/51 4293/180/51 4294/181/51 4295/182/51 4296/192/51
f 4300/189/51 4301/194/51 4302/195/51 4298/187/51 4299/188/51
f 4282/188/946 4299/188/946 4298/187/946 4281/187/946
f 4277/181/947 4294/181/947 4293/180/947 4276/180/947
f 4272/186/948 4289/186/948 4288/185/948 4271/185/948
f 4283/189/949 4300/189/949 4299/188/949 4282/188/949
f 4278/182/950 4295/182/950 4294/181/950 4277/181/950
f 4273/191/951 4290/191/951 4289/186/951 4272/186/951
f 4284/194/952 4301/194/952 4300/189/952 4283/189/952
f 4279/192/953 4296/192/953 4295/182/953 4278/182/953
f 4274/190/954 4291/190/954 4290/191/954 4273/191/954
f 4285/195/955 4302/195/955 4301/194/955 4284/194/955
f 4280/193/956 4297/193/956 4296/192/956 4279/192/956
f 4269/183/957 4286/183/957 4291/190/957 4274/190/957
f 4281/187/958 4298/187/958 4302/195/958 4285/195/958
f 4275/179/959 4292/179/959 4297/193/959 4280/193/959
f 4303/1/960 4305/4/960 4306/3/960 4304/2/960
f 4305/4/961 4309/6/961 4310/5/961 4306/3/961
f 4309/6/962 4307/8/962 4308/7/962 4310/5/962
f 4307/8/963 4303/10/963 4304/9/963 4308/7/963
f 4305/11/964 4303/12/964 4307/8/964 4309/6/964
f 4310/5/965 4308/7/965 4304/14/965 4306/13/965
f 4311/1/966 4313/4/966 4314/3/966 4312/2/966
f 4313/4/967 4317/6/967 4318/5/967 4314/3/967
f 4317/6/968 4315/8/968 4316/7/968 4318/5/968
f 4315/8/969 4311/10/969 4312/9/969 4316/7/969
f 4313/11/970 4311/12/970 4315/8/970 4317/6/970
f 4318/5/971 4316/7/971 4312/14/971 4314/13/971
usemtl Material.005
f 660/301/261 725/48/261 724/49/261 661/302/261
f 661/302/262 724/49/262 726/51/262 662/303/262
f 662/303/263 726/51/263 727/53/263 663/304/263
f 663/304/264 727/53/264 728/55/264 664/305/264
f 664/305/265 728/55/265 729/56/265 665/306/265
f 665/306/266 729/56/266 730/58/266 666/307/266
f 666/307/267 730/58/267 731/60/267 667/308/267
f 667/308/268 731/60/268 732/62/268 668/309/268
f 668/309/269 732/62/269 733/64/269 669/310/269
f 669/310/270 733/64/270 734/66/270 670/311/270
f 670/311/271 734/66/271 735/68/271 671/312/271
f 671/312/272 735/68/272 736/9/272 672/313/272
f 672/313/273 736/9/273 737/70/273 673/314/273
f 673/314/274 737/70/274 738/72/274 674/315/274
f 674/315/275 738/72/275 739/74/275 675/316/275
f 675/316/276 739/74/276 740/76/276 676/317/276
f 676/317/277 740/76/277 741/78/277 677/318/277
f 677/318/278 741/78/278 742/80/278 678/319/278
f 678/319/279 742/80/279 743/82/279 679/320/279
f 679/320/280 743/82/280 744/10/280 680/321/280
f 680/321/281 744/10/281 745/84/281 681/322/281
f 681/322/282 745/84/282 746/86/282 682/323/282
f 682/323/283 746/86/283 747/88/283 683/324/283
f 683/324/284 747/88/284 748/90/284 684/325/284
f 684/325/285 748/90/285 749/92/285 685/326/285
f 685/326/286 749/92/286 750/94/286 686/327/286
f 686/327/287 750/94/287 751/96/287 687/328/287
f 687/328/288 751/96/288 752/98/288 688/329/288
f 688/329/289 752/98/289 753/99/289 689/330/289
f 689/330/290 753/99/290 754/101/290 690/331/290
f 607/332/25 605/333/25 760/333/25 761/332/25
f 690/331/291 754/101/291 755/135/291 691/334/291
f 691/334/292 755/135/292 725/137/292 660/335/292
f 634/336/40 636/337/40 840/337/40 839/336/40
f 722/338/53 691/334/53 660/335/53 723/339/53
f 721/340/52 690/331/52 691/334/52 722/338/52
f 720/341/50 689/330/50 690/331/50 721/340/50
f 719/342/49 688/329/49 689/330/49 720/341/49
f 718/343/48 687/328/48 688/329/48 719/342/48
f 717/344/47 686/327/47 687/328/47 718/343/47
f 716/345/46 685/326/46 686/327/46 717/344/46
f 715/346/45 684/325/45 685/326/45 716/345/45
f 714/347/44 683/324/44 684/325/44 715/346/44
f 713/348/43 682/323/43 683/324/43 714/347/43
f 712/349/42 681/322/42 682/323/42 713/348/42
f 711/350/41 680/321/41 681/322/41 712/349/41
f 710/351/40 679/320/40 680/321/40 711/350/40
f 709/352/39 678/319/39 679/320/39 710/351/39
f 708/353/38 677/318/38 678/319/38 709/352/38
f 707/354/37 676/317/37 677/318/37 708/353/37
f 706/355/36 675/316/36 676/317/36 707/354/36
f 705/356/35 674/315/35 675/316/35 706/355/35
f 704/357/34 673/314/34 674/315/34 705/356/34
f 703/358/33 672/313/33 673/314/33 704/357/33
f 702/359/32 671/312/32 672/313/32 703/358/32
f 701/360/31 670/311/31 671/312/31 702/359/31
f 700/361/30 669/310/30 670/311/30 701/360/30
f 699/362/29 668/309/29 669/310/29 700/361/29
f 698/363/28 667/308/28 668/309/28 699/362/28
f 697/364/27 666/307/27 667/308/27 698/363/27
f 696/365/26 665/306/26 666/307/26 697/364/26
f 695/366/25 664/305/25 665/306/25 696/365/25
f 694/367/24 663/304/24 664/305/24 695/366/24
f 693/368/23 662/303/23 663/304/23 694/367/23
f 692/369/22 661/302/22 662/303/22 693/368/22
f 723/370/21 660/301/21 661/302/21 692/369/21
f 788/47/21 723/370/21 692/369/21 789/50/21
f 789/50/22 692/369/22 693/368/22 790/52/22
f 790/52/23 693/368/23 694/367/23 791/54/23
f 791/54/24 694/367/24 695/366/24 792/13/24
f 792/13/25 695/366/25 696/365/25 793/57/25
f 793/57/26 696/365/26 697/364/26 794/59/26
f 794/59/27 697/364/27 698/363/27 795/61/27
f 795/61/28 698/363/28 699/362/28 796/63/28
f 796/63/29 699/362/29 700/361/29 797/65/29
f 797/65/30 700/361/30 701/360/30 798/67/30
f 798/67/31 701/360/31 702/359/31 799/69/31
f 799/69/32 702/359/32 703/358/32 800/5/32
f 800/5/33 703/358/33 704/357/33 801/71/33
f 801/71/34 704/357/34 705/356/34 802/73/34
f 802/73/35 705/356/35 706/355/35 803/75/35
f 803/75/36 706/355/36 707/354/36 804/77/36
f 804/77/37 707/354/37 708/353/37 805/79/37
f 805/79/38 708/353/38 709/352/38 806/81/38
f 806/81/39 709/352/39 710/351/39 807/83/39
f 807/83/40 710/351/40 711/350/40 808/6/40
f 808/6/41 711/350/41 712/349/41 809/85/41
f 809/85/42 712/349/42 713/348/42 810/87/42
f 810/87/43 713/348/43 714/347/43 811/89/43
f 811/89/44 714/347/44 715/346/44 812/91/44
f 812/91/45 715/346/45 716/345/45 813/93/45
f 813/93/46 716/345/46 717/344/46 814/95/46
f 814/95/47 717/344/47 718/343/47 815/97/47
f 815/97/48 718/343/48 719/342/48 816/11/48
f 816/11/49 719/342/49 720/341/49 817/100/49
f 817/100/50 720/341/50 721/340/50 818/102/50
f 818/102/52 721/340/52 722/338/52 819/136/52
f 819/136/53 722/338/53 723/339/53 788/138/53
f 597/371/51 599/372/51 724/103/51 725/104/51
f 599/372/51 601/373/51 726/134/51 724/103/51
f 601/373/51 603/374/51 727/133/51 726/134/51
f 603/374/51 605/333/51 728/132/51 727/133/51
f 605/333/51 607/332/51 729/131/51 728/132/51
f 607/332/51 609/375/51 730/130/51 729/131/51
f 609/375/51 611/376/51 731/129/51 730/130/51
f 611/376/51 613/377/51 732/128/51 731/129/51
f 613/377/51 615/378/51 733/127/51 732/128/51
f 615/378/51 617/379/51 734/126/51 733/127/51
f 617/379/51 619/380/51 735/125/51 734/126/51
f 619/380/51 621/381/51 736/124/51 735/125/51
f 621/381/51 623/382/51 737/123/51 736/124/51
f 623/382/51 625/383/51 738/122/51 737/123/51
f 625/383/51 627/384/51 739/121/51 738/122/51
f 627/384/51 629/385/51 740/120/51 739/121/51
f 629/385/51 631/386/51 741/119/51 740/120/51
f 631/386/51 633/387/51 742/118/51 741/119/51
f 633/387/51 635/388/51 743/117/51 742/118/51
f 635/388/51 637/389/51 744/116/51 743/117/51
f 637/389/51 639/390/51 745/115/51 744/116/51
f 639/390/51 641/391/51 746/114/51 745/115/51
f 641/391/51 643/392/51 747/113/51 746/114/51
f 643/392/51 645/393/51 748/112/51 747/113/51
f 645/393/51 647/394/51 749/111/51 748/112/51
f 647/394/51 649/395/51 750/110/51 749/111/51
f 649/395/51 651/396/51 751/109/51 750/110/51
f 651/396/51 653/397/51 752/108/51 751/109/51
f 653/397/51 655/398/51 753/107/51 752/108/51
f 655/398/51 657/399/51 754/106/51 753/107/51
f 657/399/51 659/400/51 755/105/51 754/106/51
f 659/400/51 597/371/51 725/104/51 755/105/51
f 756/372/51 757/371/51 787/400/51 786/399/51 785/398/51 784/397/51 783/396/51 782/395/51 781/394/51 780/393/51 779/392/51 778/391/51 777/390/51 776/389/51 775/388/51 774/387/51 773/386/51 772/385/51 771/384/51 770/383/51 769/382/51 768/381/51 767/380/51 766/379/51 765/378/51 764/377/51 763/376/51 762/375/51 761/332/51 760/333/51 759/374/51 758/373/51
f 597/371/53 659/400/53 787/400/53 757/371/53
f 635/388/39 633/387/39 774/387/39 775/388/39
f 609/375/26 607/332/26 761/332/26 762/375/26
f 637/389/40 635/388/40 775/388/40 776/389/40
f 611/376/27 609/375/27 762/375/27 763/376/27
f 639/390/41 637/389/41 776/389/41 777/390/41
f 613/377/28 611/376/28 763/376/28 764/377/28
f 641/391/42 639/390/42 777/390/42 778/391/42
f 615/378/29 613/377/29 764/377/29 765/378/29
f 643/392/43 641/391/43 778/391/43 779/392/43
f 617/379/30 615/378/30 765/378/30 766/379/30
f 645/393/44 643/392/44 779/392/44 780/393/44
f 619/380/31 617/379/31 766/379/31 767/380/31
f 647/394/45 645/393/45 780/393/45 781/394/45
f 621/381/32 619/380/32 767/380/32 768/381/32
f 649/395/46 647/394/46 781/394/46 782/395/46
f 623/382/33 621/381/33 768/381/33 769/382/33
f 651/396/47 649/395/47 782/395/47 783/396/47
f 625/383/34 623/382/34 769/382/34 770/383/34
f 599/372/21 597/371/21 757/371/21 756/372/21
f 653/397/48 651/396/48 783/396/48 784/397/48
f 627/384/35 625/383/35 770/383/35 771/384/35
f 601/373/22 599/372/22 756/372/22 758/373/22
f 655/398/49 653/397/49 784/397/49 785/398/49
f 629/385/36 627/384/36 771/384/36 772/385/36
f 603/374/23 601/373/23 758/373/23 759/374/23
f 657/399/50 655/398/50 785/398/50 786/399/50
f 631/386/37 629/385/37 772/385/37 773/386/37
f 605/333/24 603/374/24 759/374/24 760/333/24
f 659/400/52 657/399/52 786/399/52 787/400/52
f 633/387/38 631/386/38 773/386/38 774/387/38
f 598/401/54 596/402/54 788/139/54 789/140/54
f 600/403/54 598/401/54 789/140/54 790/141/54
f 602/404/54 600/403/54 790/141/54 791/142/54
f 604/405/54 602/404/54 791/142/54 792/143/54
f 606/406/54 604/405/54 792/143/54 793/144/54
f 608/407/54 606/406/54 793/144/54 794/145/54
f 610/408/54 608/407/54 794/145/54 795/146/54
f 612/409/54 610/408/54 795/146/54 796/147/54
f 614/410/54 612/409/54 796/147/54 797/148/54
f 616/411/54 614/410/54 797/148/54 798/149/54
f 618/412/54 616/411/54 798/149/54 799/150/54
f 620/413/54 618/412/54 799/150/54 800/151/54
f 622/414/54 620/413/54 800/151/54 801/152/54
f 624/415/54 622/414/54 801/152/54 802/153/54
f 626/416/54 624/415/54 802/153/54 803/154/54
f 628/417/54 626/416/54 803/154/54 804/155/54
f 630/418/54 628/417/54 804/155/54 805/156/54
f 632/419/54 630/418/54 805/156/54 806/157/54
f 634/336/54 632/419/54 806/157/54 807/158/54
f 636/337/54 634/336/54 807/158/54 808/159/54
f 638/420/54 636/337/54 808/159/54 809/160/54
f 640/421/54 638/420/54 809/160/54 810/161/54
f 642/422/54 640/421/54 810/161/54 811/162/54
f 644/423/54 642/422/54 811/162/54 812/163/54
f 646/424/54 644/423/54 812/163/54 813/164/54
f 648/425/54 646/424/54 813/164/54 814/165/54
f 650/426/54 648/425/54 814/165/54 815/166/54
f 652/427/54 650/426/54 815/166/54 816/167/54
f 654/428/54 652/427/54 816/167/54 817/168/54
f 656/429/54 654/428/54 817/168/54 818/169/54
f 658/430/54 656/429/54 818/169/54 819/170/54
f 596/402/54 658/430/54 819/170/54 788/139/54
f 820/402/54 821/401/54 822/403/54 823/404/54 824/405/54 825/406/54 826/407/54 827/408/54 828/409/54 829/410/54 830/411/54 831/412/54 832/413/54 833/414/54 834/415/54 835/416/54 836/417/54 837/418/54 838/419/54 839/336/54 840/337/54 841/420/54 842/421/54 843/422/54 844/423/54 845/424/54 846/425/54 847/426/54 848/427/54 849/428/54 850/429/54 851/430/54
f 608/407/27 610/408/27 827/408/27 826/407/27
f 636/337/41 638/420/41 841/420/41 840/337/41
f 610/408/28 612/409/28 828/409/28 827/408/28
f 638/420/42 640/421/42 842/421/42 841/420/42
f 612/409/29 614/410/29 829/410/29 828/409/29
f 640/421/43 642/422/43 843/422/43 842/421/43
f 614/410/30 616/411/30 830/411/30 829/410/30
f 642/422/44 644/423/44 844/423/44 843/422/44
f 616/411/31 618/412/31 831/412/31 830/411/31
f 644/423/45 646/424/45 845/424/45 844/423/45
f 618/412/32 620/413/32 832/413/32 831/412/32
f 646/424/46 648/425/46 846/425/46 845/424/46
f 620/413/33 622/414/33 833/414/33 832/413/33
f 648/425/47 650/426/47 847/426/47 846/425/47
f 622/414/34 624/415/34 834/415/34 833/414/34
f 596/402/293 598/401/293 821/401/293 820/402/293
f 650/426/48 652/427/48 848/427/48 847/426/48
f 624/415/35 626/416/35 835/416/35 834/415/35
f 598/401/22 600/403/22 822/403/22 821/401/22
f 652/427/49 654/428/49 849/428/49 848/427/49
f 626/416/294 628/417/294 836/417/294 835/416/294
f 600/403/23 602/404/23 823/404/23 822/403/23
f 654/428/50 656/429/50 850/429/50 849/428/50
f 628/417/295 630/418/295 837/418/295 836/417/295
f 602/404/24 604/405/24 824/405/24 823/404/24
f 656/429/52 658/430/52 851/430/52 850/429/52
f 630/418/38 632/419/38 838/419/38 837/418/38
f 604/405/25 606/406/25 825/406/25 824/405/25
f 658/430/296 596/402/296 820/402/296 851/430/296
f 632/419/39 634/336/39 839/336/39 838/419/39
f 606/406/26 608/407/26 826/407/26 825/406/26
f 3087/301/276 3088/302/276 3151/49/276 3152/48/276
f 3088/302/275 3089/303/275 3153/51/275 3151/49/275
f 3089/303/274 3090/304/274 3154/53/274 3153/51/274
f 3090/304/273 3091/305/273 3155/55/273 3154/53/273
f 3091/305/272 3092/306/272 3156/56/272 3155/55/272
f 3092/306/271 3093/307/271 3157/58/271 3156/56/271
f 3093/307/270 3094/308/270 3158/60/270 3157/58/270
f 3094/308/269 3095/309/269 3159/62/269 3158/60/269
f 3095/309/268 3096/310/268 3160/64/268 3159/62/268
f 3096/310/267 3097/311/267 3161/66/267 3160/64/267
f 3097/311/266 3098/312/266 3162/68/266 3161/66/266
f 3098/312/265 3099/313/265 3163/9/265 3162/68/265
f 3099/313/264 3100/314/264 3164/70/264 3163/9/264
f 3100/314/263 3101/315/263 3165/72/263 3164/70/263
f 3101/315/262 3102/316/262 3166/74/262 3165/72/262
f 3102/316/261 3103/317/261 3167/76/261 3166/74/261
f 3103/317/292 3104/318/292 3168/78/292 3167/76/292
f 3104/318/291 3105/319/291 3169/80/291 3168/78/291
f 3105/319/290 3106/320/290 3170/82/290 3169/80/290
f 3106/320/289 3107/321/289 3171/10/289 3170/82/289
f 3107/321/288 3108/322/288 3172/84/288 3171/10/288
f 3108/322/287 3109/323/287 3173/86/287 3172/84/287
f 3109/323/286 3110/324/286 3174/88/286 3173/86/286
f 3110/324/285 3111/325/285 3175/90/285 3174/88/285
f 3111/325/284 3112/326/284 3176/92/284 3175/90/284
f 3112/326/283 3113/327/283 3177/94/283 3176/92/283
f 3113/327/282 3114/328/282 3178/96/282 3177/94/282
f 3114/328/281 3115/329/281 3179/98/281 3178/96/281
f 3115/329/280 3116/330/280 3180/99/280 3179/98/280
f 3116/330/279 3117/331/279 3181/101/279 3180/99/279
f 3034/332/32 3188/332/32 3187/333/32 3032/333/32
f 3117/331/278 3118/334/278 3182/135/278 3181/101/278
f 3118/334/277 3087/335/277 3152/137/277 3182/135/277
f 3061/336/49 3266/336/49 3267/337/49 3063/337/49
f 3149/338/37 3150/339/37 3087/335/37 3118/334/37
f 3148/340/38 3149/338/38 3118/334/38 3117/331/38
f 3147/341/39 3148/340/39 3117/331/39 3116/330/39
f 3146/342/40 3147/341/40 3116/330/40 3115/329/40
f 3145/343/41 3146/342/41 3115/329/41 3114/328/41
f 3144/344/42 3145/343/42 3114/328/42 3113/327/42
f 3143/345/43 3144/344/43 3113/327/43 3112/326/43
f 3142/346/44 3143/345/44 3112/326/44 3111/325/44
f 3141/347/45 3142/346/45 3111/325/45 3110/324/45
f 3140/348/46 3141/347/46 3110/324/46 3109/323/46
f 3139/349/47 3140/348/47 3109/323/47 3108/322/47
f 3138/350/48 3139/349/48 3108/322/48 3107/321/48
f 3137/351/49 3138/350/49 3107/321/49 3106/320/49
f 3136/352/50 3137/351/50 3106/320/50 3105/319/50
f 3135/353/52 3136/352/52 3105/319/52 3104/318/52
f 3134/354/53 3135/353/53 3104/318/53 3103/317/53
f 3133/355/21 3134/354/21 3103/317/21 3102/316/21
f 3132/356/22 3133/355/22 3102/316/22 3101/315/22
f 3131/357/23 3132/356/23 3101/315/23 3100/314/23
f 3130/358/24 3131/357/24 3100/314/24 3099/313/24
f 3129/359/25 3130/358/25 3099/313/25 3098/312/25
f 3128/360/26 3129/359/26 3098/312/26 3097/311/26
f 3127/361/27 3128/360/27 3097/311/27 3096/310/27
f 3126/362/28 3127/361/28 3096/310/28 3095/309/28
f 3125/363/29 3126/362/29 3095/309/29 3094/308/29
f 3124/364/30 3125/363/30 3094/308/30 3093/307/30
f 3123/365/31 3124/364/31 3093/307/31 3092/306/31
f 3122/366/32 3123/365/32 3092/306/32 3091/305/32
f 3121/367/33 3122/366/33 3091/305/33 3090/304/33
f 3120/368/34 3121/367/34 3090/304/34 3089/303/34
f 3119/369/35 3120/368/35 3089/303/35 3088/302/35
f 3150/370/36 3119/369/36 3088/302/36 3087/301/36
f 3215/47/36 3216/50/36 3119/369/36 3150/370/36
f 3216/50/35 3217/52/35 3120/368/35 3119/369/35
f 3217/52/34 3218/54/34 3121/367/34 3120/368/34
f 3218/54/33 3219/13/33 3122/366/33 3121/367/33
f 3219/13/32 3220/57/32 3123/365/32 3122/366/32
f 3220/57/31 3221/59/31 3124/364/31 3123/365/31
f 3221/59/30 3222/61/30 3125/363/30 3124/364/30
f 3222/61/29 3223/63/29 3126/362/29 3125/363/29
f 3223/63/28 3224/65/28 3127/361/28 3126/362/28
f 3224/65/27 3225/67/27 3128/360/27 3127/361/27
f 3225/67/26 3226/69/26 3129/359/26 3128/360/26
f 3226/69/25 3227/5/25 3130/358/25 3129/359/25
f 3227/5/24 3228/71/24 3131/357/24 3130/358/24
f 3228/71/23 3229/73/23 3132/356/23 3131/357/23
f 3229/73/22 3230/75/22 3133/355/22 3132/356/22
f 3230/75/21 3231/77/21 3134/354/21 3133/355/21
f 3231/77/53 3232/79/53 3135/353/53 3134/354/53
f 3232/79/52 3233/81/52 3136/352/52 3135/353/52
f 3233/81/50 3234/83/50 3137/351/50 3136/352/50
f 3234/83/49 3235/6/49 3138/350/49 3137/351/49
f 3235/6/48 3236/85/48 3139/349/48 3138/350/48
f 3236/85/47 3237/87/47 3140/348/47 3139/349/47
f 3237/87/46 3238/89/46 3141/347/46 3140/348/46
f 3238/89/45 3239/91/45 3142/346/45 3141/347/45
f 3239/91/44 3240/93/44 3143/345/44 3142/346/44
f 3240/93/43 3241/95/43 3144/344/43 3143/345/43
f 3241/95/42 3242/97/42 3145/343/42 3144/344/42
f 3242/97/41 3243/11/41 3146/342/41 3145/343/41
f 3243/11/40 3244/100/40 3147/341/40 3146/342/40
f 3244/100/39 3245/102/39 3148/340/39 3147/341/39
f 3245/102/38 3246/136/38 3149/338/38 3148/340/38
f 3246/136/37 3215/138/37 3150/339/37 3149/338/37
f 3024/371/51 3152/104/51 3151/103/51 3026/372/51
f 3026/372/51 3151/103/51 3153/134/51 3028/373/51
f 3028/373/51 3153/134/51 3154/133/51 3030/374/51
f 3030/374/51 3154/133/51 3155/132/51 3032/333/51
f 3032/333/51 3155/132/51 3156/131/51 3034/332/51
f 3034/332/51 3156/131/51 3157/130/51 3036/375/51
f 3036/375/51 3157/130/51 3158/129/51 3038/376/51
f 3038/376/51 3158/129/51 3159/128/51 3040/377/51
f 3040/377/51 3159/128/51 3160/127/51 3042/378/51
f 3042/378/51 3160/127/51 3161/126/51 3044/379/51
f 3044/379/51 3161/126/51 3162/125/51 3046/380/51
f 3046/380/51 3162/125/51 3163/124/51 3048/381/51
f 3048/381/51 3163/124/51 3164/123/51 3050/382/51
f 3050/382/51 3164/123/51 3165/122/51 3052/383/51
f 3052/383/51 3165/122/51 3166/121/51 3054/384/51
f 3054/384/51 3166/121/51 3167/120/51 3056/385/51
f 3056/385/51 3167/120/51 3168/119/51 3058/386/51
f 3058/386/51 3168/119/51 3169/118/51 3060/387/51
f 3060/387/51 3169/118/51 3170/117/51 3062/388/51
f 3062/388/51 3170/117/51 3171/116/51 3064/389/51
f 3064/389/51 3171/116/51 3172/115/51 3066/390/51
f 3066/390/51 3172/115/51 3173/114/51 3068/391/51
f 3068/391/51 3173/114/51 3174/113/51 3070/392/51
f 3070/392/51 3174/113/51 3175/112/51 3072/393/51
f 3072/393/51 3175/112/51 3176/111/51 3074/394/51
f 3074/394/51 3176/111/51 3177/110/51 3076/395/51
f 3076/395/51 3177/110/51 3178/109/51 3078/396/51
f 3078/396/51 3178/109/51 3179/108/51 3080/397/51
f 3080/397/51 3179/108/51 3180/107/51 3082/398/51
f 3082/398/51 3180/107/51 3181/106/51 3084/399/51
f 3084/399/51 3181/106/51 3182/105/51 3086/400/51
f 3086/400/51 3182/105/51 3152/104/51 3024/371/51
f 3183/372/51 3185/373/51 3186/374/51 3187/333/51 3188/332/51 3189/375/51 3190/376/51 3191/377/51 3192/378/51 3193/379/51 3194/380/51 3195/381/51 3196/382/51 3197/383/51 3198/384/51 3199/385/51 3200/386/51 3201/387/51 3202/388/51 3203/389/51 3204/390/51 3205/391/51 3206/392/51 3207/393/51 3208/394/51 3209/395/51 3210/396/51 3211/397/51 3212/398/51 3213/399/51 3214/400/51 3184/371/51
f 3024/371/37 3184/371/37 3214/400/37 3086/400/37
f 3062/388/50 3202/388/50 3201/387/50 3060/387/50
f 3036/375/31 3189/375/31 3188/332/31 3034/332/31
f 3064/389/49 3203/389/49 3202/388/49 3062/388/49
f 3038/376/30 3190/376/30 3189/375/30 3036/375/30
f 3066/390/48 3204/390/48 3203/389/48 3064/389/48
f 3040/377/29 3191/377/29 3190/376/29 3038/376/29
f 3068/391/47 3205/391/47 3204/390/47 3066/390/47
f 3042/378/28 3192/378/28 3191/377/28 3040/377/28
f 3070/392/46 3206/392/46 3205/391/46 3068/391/46
f 3044/379/27 3193/379/27 3192/378/27 3042/378/27
f 3072/393/45 3207/393/45 3206/392/45 3070/392/45
f 3046/380/26 3194/380/26 3193/379/26 3044/379/26
f 3074/394/44 3208/394/44 3207/393/44 3072/393/44
f 3048/381/25 3195/381/25 3194/380/25 3046/380/25
f 3076/395/43 3209/395/43 3208/394/43 3074/394/43
f 3050/382/24 3196/382/24 3195/381/24 3048/381/24
f 3078/396/42 3210/396/42 3209/395/42 3076/395/42
f 3052/383/23 3197/383/23 3196/382/23 3050/382/23
f 3026/372/36 3183/372/36 3184/371/36 3024/371/36
f 3080/397/41 3211/397/41 3210/396/41 3078/396/41
f 3054/384/22 3198/384/22 3197/383/22 3052/383/22
f 3028/373/35 3185/373/35 3183/372/35 3026/372/35
f 3082/398/40 3212/398/40 3211/397/40 3080/397/40
f 3056/385/21 3199/385/21 3198/384/21 3054/384/21
f 3030/374/34 3186/374/34 3185/373/34 3028/373/34
f 3084/399/39 3213/399/39 3212/398/39 3082/398/39
f 3058/386/53 3200/386/53 3199/385/53 3056/385/53
f 3032/333/33 3187/333/33 3186/374/33 3030/374/33
f 3086/400/38 3214/400/38 3213/399/38 3084/399/38
f 3060/387/52 3201/387/52 3200/386/52 3058/386/52
f 3025/401/54 3216/140/54 3215/139/54 3023/402/54
f 3027/403/54 3217/141/54 3216/140/54 3025/401/54
f 3029/404/54 3218/142/54 3217/141/54 3027/403/54
f 3031/405/54 3219/143/54 3218/142/54 3029/404/54
f 3033/406/54 3220/144/54 3219/143/54 3031/405/54
f 3035/407/54 3221/145/54 3220/144/54 3033/406/54
f 3037/408/54 3222/146/54 3221/145/54 3035/407/54
f 3039/409/54 3223/147/54 3222/146/54 3037/408/54
f 3041/410/54 3224/148/54 3223/147/54 3039/409/54
f 3043/411/54 3225/149/54 3224/148/54 3041/410/54
f 3045/412/54 3226/150/54 3225/149/54 3043/411/54
f 3047/413/54 3227/151/54 3226/150/54 3045/412/54
f 3049/414/54 3228/152/54 3227/151/54 3047/413/54
f 3051/415/54 3229/153/54 3228/152/54 3049/414/54
f 3053/416/54 3230/154/54 3229/153/54 3051/415/54
f 3055/417/54 3231/155/54 3230/154/54 3053/416/54
f 3057/418/54 3232/156/54 3231/155/54 3055/417/54
f 3059/419/54 3233/157/54 3232/156/54 3057/418/54
f 3061/336/54 3234/158/54 3233/157/54 3059/419/54
f 3063/337/54 3235/159/54 3234/158/54 3061/336/54
f 3065/420/54 3236/160/54 3235/159/54 3063/337/54
f 3067/421/54 3237/161/54 3236/160/54 3065/420/54
f 3069/422/54 3238/162/54 3237/161/54 3067/421/54
f 3071/423/54 3239/163/54 3238/162/54 3069/422/54
f 3073/424/54 3240/164/54 3239/163/54 3071/423/54
f 3075/425/54 3241/165/54 3240/164/54 3073/424/54
f 3077/426/54 3242/166/54 3241/165/54 3075/425/54
f 3079/427/54 3243/167/54 3242/166/54 3077/426/54
f 3081/428/54 3244/168/54 3243/167/54 3079/427/54
f 3083/429/54 3245/169/54 3244/168/54 3081/428/54
f 3085/430/54 3246/170/54 3245/169/54 3083/429/54
f 3023/402/54 3215/139/54 3246/170/54 3085/430/54
f 3247/402/54 3278/430/54 3277/429/54 3276/428/54 3275/427/54 3274/426/54 3273/425/54 3272/424/54 3271/423/54 3270/422/54 3269/421/54 3268/420/54 3267/337/54 3266/336/54 3265/419/54 3264/418/54 3263/417/54 3262/416/54 3261/415/54 3260/414/54 3259/413/54 3258/412/54 3257/411/54 3256/410/54 3255/409/54 3254/408/54 3253/407/54 3252/406/54 3251/405/54 3250/404/54 3249/403/54 3248/401/54
f 3035/407/30 3253/407/30 3254/408/30 3037/408/30
f 3063/337/48 3267/337/48 3268/420/48 3065/420/48
f 3037/408/29 3254/408/29 3255/409/29 3039/409/29
f 3065/420/47 3268/420/47 3269/421/47 3067/421/47
f 3039/409/28 3255/409/28 3256/410/28 3041/410/28
f 3067/421/46 3269/421/46 3270/422/46 3069/422/46
f 3041/410/27 3256/410/27 3257/411/27 3043/411/27
f 3069/422/45 3270/422/45 3271/423/45 3071/423/45
f 3043/411/26 3257/411/26 3258/412/26 3045/412/26
f 3071/423/44 3271/423/44 3272/424/44 3073/424/44
f 3045/412/25 3258/412/25 3259/413/25 3047/413/25
f 3073/424/43 3272/424/43 3273/425/43 3075/425/43
f 3047/413/24 3259/413/24 3260/414/24 3049/414/24
f 3075/425/42 3273/425/42 3274/426/42 3077/426/42
f 3049/414/23 3260/414/23 3261/415/23 3051/415/23
f 3023/402/795 3247/402/795 3248/401/795 3025/401/795
f 3077/426/41 3274/426/41 3275/427/41 3079/427/41
f 3051/415/22 3261/415/22 3262/416/22 3053/416/22
f 3025/401/35 3248/401/35 3249/403/35 3027/403/35
f 3079/427/40 3275/427/40 3276/428/40 3081/428/40
f 3053/416/796 3262/416/796 3263/417/796 3055/417/796
f 3027/403/34 3249/403/34 3250/404/34 3029/404/34
f 3081/428/39 3276/428/39 3277/429/39 3083/429/39
f 3055/417/797 3263/417/797 3264/418/797 3057/418/797
f 3029/404/33 3250/404/33 3251/405/33 3031/405/33
f 3083/429/38 3277/429/38 3278/430/38 3085/430/38
f 3057/418/52 3264/418/52 3265/419/52 3059/419/52
f 3031/405/32 3251/405/32 3252/406/32 3033/406/32
f 3085/430/798 3278/430/798 3247/402/798 3023/402/798
f 3059/419/50 3265/419/50 3266/336/50 3061/336/50
f 3033/406/31 3252/406/31 3253/407/31 3035/407/31
usemtl Material.006
f 916/301/261 981/48/261 980/49/261 917/302/261
f 917/302/262 980/49/262 982/51/262 918/303/262
f 918/303/263 982/51/263 983/53/263 919/304/263
f 919/304/264 983/53/264 984/55/264 920/305/264
f 920/305/265 984/55/265 985/56/265 921/306/265
f 921/306/266 985/56/266 986/58/266 922/307/266
f 922/307/267 986/58/267 987/60/267 923/308/267
f 923/308/268 987/60/268 988/62/268 924/309/268
f 924/309/269 988/62/269 989/64/269 925/310/269
f 925/310/270 989/64/270 990/66/270 926/311/270
f 926/311/271 990/66/271 991/68/271 927/312/271
f 927/312/272 991/68/272 992/9/272 928/313/272
f 928/313/273 992/9/273 993/70/273 929/314/273
f 929/314/274 993/70/274 994/72/274 930/315/274
f 930/315/275 994/72/275 995/74/275 931/316/275
f 931/316/276 995/74/276 996/76/276 932/317/276
f 932/317/277 996/76/277 997/78/277 933/318/277
f 933/318/278 997/78/278 998/80/278 934/319/278
f 934/319/279 998/80/279 999/82/279 935/320/279
f 935/320/280 999/82/280 1000/10/280 936/321/280
f 936/321/281 1000/10/281 1001/84/281 937/322/281
f 937/322/282 1001/84/282 1002/86/282 938/323/282
f 938/323/283 1002/86/283 1003/88/283 939/324/283
f 939/324/284 1003/88/284 1004/90/284 940/325/284
f 940/325/285 1004/90/285 1005/92/285 941/326/285
f 941/326/286 1005/92/286 1006/94/286 942/327/286
f 942/327/287 1006/94/287 1007/96/287 943/328/287
f 943/328/288 1007/96/288 1008/98/288 944/329/288
f 944/329/289 1008/98/289 1009/99/289 945/330/289
f 945/330/290 1009/99/290 1010/101/290 946/331/290
f 863/332/25 861/333/25 1016/333/25 1017/332/25
f 946/331/291 1010/101/291 1011/135/291 947/334/291
f 947/334/292 1011/135/292 981/137/292 916/335/292
f 852/431/297 854/432/297 1077/432/297 1076/431/297
f 978/338/53 947/334/53 916/335/53 979/339/53
f 977/340/52 946/331/52 947/334/52 978/338/52
f 976/341/50 945/330/50 946/331/50 977/340/50
f 975/342/49 944/329/49 945/330/49 976/341/49
f 974/343/48 943/328/48 944/329/48 975/342/48
f 973/344/47 942/327/47 943/328/47 974/343/47
f 972/345/46 941/326/46 942/327/46 973/344/46
f 971/346/45 940/325/45 941/326/45 972/345/45
f 970/347/44 939/324/44 940/325/44 971/346/44
f 969/348/43 938/323/43 939/324/43 970/347/43
f 968/349/42 937/322/42 938/323/42 969/348/42
f 967/350/41 936/321/41 937/322/41 968/349/41
f 966/351/40 935/320/40 936/321/40 967/350/40
f 965/352/39 934/319/39 935/320/39 966/351/39
f 964/353/38 933/318/38 934/319/38 965/352/38
f 963/354/37 932/317/37 933/318/37 964/353/37
f 962/355/36 931/316/36 932/317/36 963/354/36
f 961/356/35 930/315/35 931/316/35 962/355/35
f 960/357/34 929/314/34 930/315/34 961/356/34
f 959/358/33 928/313/33 929/314/33 960/357/33
f 958/359/32 927/312/32 928/313/32 959/358/32
f 957/360/31 926/311/31 927/312/31 958/359/31
f 956/361/30 925/310/30 926/311/30 957/360/30
f 955/362/29 924/309/29 925/310/29 956/361/29
f 954/363/28 923/308/28 924/309/28 955/362/28
f 953/364/27 922/307/27 923/308/27 954/363/27
f 952/365/26 921/306/26 922/307/26 953/364/26
f 951/366/25 920/305/25 921/306/25 952/365/25
f 950/367/24 919/304/24 920/305/24 951/366/24
f 949/368/23 918/303/23 919/304/23 950/367/23
f 948/369/22 917/302/22 918/303/22 949/368/22
f 979/370/21 916/301/21 917/302/21 948/369/21
f 1044/47/21 979/370/21 948/369/21 1045/50/21
f 1045/50/22 948/369/22 949/368/22 1046/52/22
f 1046/52/23 949/368/23 950/367/23 1047/54/23
f 1047/54/24 950/367/24 951/366/24 1048/13/24
f 1048/13/25 951/366/25 952/365/25 1049/57/25
f 1049/57/26 952/365/26 953/364/26 1050/59/26
f 1050/59/27 953/364/27 954/363/27 1051/61/27
f 1051/61/28 954/363/28 955/362/28 1052/63/28
f 1052/63/29 955/362/29 956/361/29 1053/65/29
f 1053/65/30 956/361/30 957/360/30 1054/67/30
f 1054/67/31 957/360/31 958/359/31 1055/69/31
f 1055/69/32 958/359/32 959/358/32 1056/5/32
f 1056/5/33 959/358/33 960/357/33 1057/71/33
f 1057/71/34 960/357/34 961/356/34 1058/73/34
f 1058/73/35 961/356/35 962/355/35 1059/75/35
f 1059/75/36 962/355/36 963/354/36 1060/77/36
f 1060/77/37 963/354/37 964/353/37 1061/79/37
f 1061/79/38 964/353/38 965/352/38 1062/81/38
f 1062/81/39 965/352/39 966/351/39 1063/83/39
f 1063/83/40 966/351/40 967/350/40 1064/6/40
f 1064/6/41 967/350/41 968/349/41 1065/85/41
f 1065/85/42 968/349/42 969/348/42 1066/87/42
f 1066/87/43 969/348/43 970/347/43 1067/89/43
f 1067/89/44 970/347/44 971/346/44 1068/91/44
f 1068/91/45 971/346/45 972/345/45 1069/93/45
f 1069/93/46 972/345/46 973/344/46 1070/95/46
f 1070/95/47 973/344/47 974/343/47 1071/97/47
f 1071/97/48 974/343/48 975/342/48 1072/11/48
f 1072/11/49 975/342/49 976/341/49 1073/100/49
f 1073/100/50 976/341/50 977/340/50 1074/102/50
f 1074/102/52 977/340/52 978/338/52 1075/136/52
f 1075/136/53 978/338/53 979/339/53 1044/138/53
f 853/371/51 855/372/51 980/103/51 981/104/51
f 855/372/51 857/373/51 982/134/51 980/103/51
f 857/373/51 859/374/51 983/133/51 982/134/51
f 859/374/51 861/333/51 984/132/51 983/133/51
f 861/333/51 863/332/51 985/131/51 984/132/51
f 863/332/51 865/375/51 986/130/51 985/131/51
f 865/375/51 867/376/51 987/129/51 986/130/51
f 867/376/51 869/377/51 988/128/51 987/129/51
f 869/377/51 871/378/51 989/127/51 988/128/51
f 871/378/51 873/379/51 990/126/51 989/127/51
f 873/379/51 875/380/51 991/125/51 990/126/51
f 875/380/51 877/381/51 992/124/51 991/125/51
f 877/381/51 879/382/51 993/123/51 992/124/51
f 879/382/51 881/383/51 994/122/51 993/123/51
f 881/383/51 883/384/51 995/121/51 994/122/51
f 883/384/51 885/385/51 996/120/51 995/121/51
f 885/385/51 887/386/51 997/119/51 996/120/51
f 887/386/51 889/387/51 998/118/51 997/119/51
f 889/387/51 891/388/51 999/117/51 998/118/51
f 891/388/51 893/389/51 1000/116/51 999/117/51
f 893/389/51 895/390/51 1001/115/51 1000/116/51
f 895/390/51 897/391/51 1002/114/51 1001/115/51
f 897/391/51 899/392/51 1003/113/51 1002/114/51
f 899/392/51 901/393/51 1004/112/51 1003/113/51
f 901/393/51 903/394/51 1005/111/51 1004/112/51
f 903/394/51 905/395/51 1006/110/51 1005/111/51
f 905/395/51 907/396/51 1007/109/51 1006/110/51
f 907/396/51 909/397/51 1008/108/51 1007/109/51
f 909/397/51 911/398/51 1009/107/51 1008/108/51
f 911/398/51 913/399/51 1010/106/51 1009/107/51
f 913/399/51 915/400/51 1011/105/51 1010/106/51
f 915/400/51 853/371/51 981/104/51 1011/105/51
f 1012/372/51 1013/371/51 1043/400/51 1042/399/51 1041/398/51 1040/397/51 1039/396/51 1038/395/51 1037/394/51 1036/393/51 1035/392/51 1034/391/51 1033/390/51 1032/389/51 1031/388/51 1030/387/51 1029/386/51 1028/385/51 1027/384/51 1026/383/51 1025/382/51 1024/381/51 1023/380/51 1022/379/51 1021/378/51 1020/377/51 1019/376/51 1018/375/51 1017/332/51 1016/333/51 1015/374/51 1014/373/51
f 853/371/53 915/400/53 1043/400/53 1013/371/53
f 891/388/39 889/387/39 1030/387/39 1031/388/39
f 865/375/26 863/332/26 1017/332/26 1018/375/26
f 893/389/40 891/388/40 1031/388/40 1032/389/40
f 867/376/27 865/375/27 1018/375/27 1019/376/27
f 895/390/41 893/389/41 1032/389/41 1033/390/41
f 869/377/28 867/376/28 1019/376/28 1020/377/28
f 897/391/42 895/390/42 1033/390/42 1034/391/42
f 871/378/29 869/377/29 1020/377/29 1021/378/29
f 899/392/43 897/391/43 1034/391/43 1035/392/43
f 873/379/30 871/378/30 1021/378/30 1022/379/30
f 901/393/44 899/392/44 1035/392/44 1036/393/44
f 875/380/31 873/379/31 1022/379/31 1023/380/31
f 903/394/45 901/393/45 1036/393/45 1037/394/45
f 877/381/32 875/380/32 1023/380/32 1024/381/32
f 905/395/46 903/394/46 1037/394/46 1038/395/46
f 879/382/33 877/381/33 1024/381/33 1025/382/33
f 907/396/47 905/395/47 1038/395/47 1039/396/47
f 881/383/34 879/382/34 1025/382/34 1026/383/34
f 855/372/21 853/371/21 1013/371/21 1012/372/21
f 909/397/48 907/396/48 1039/396/48 1040/397/48
f 883/384/35 881/383/35 1026/383/35 1027/384/35
f 857/373/22 855/372/22 1012/372/22 1014/373/22
f 911/398/49 909/397/49 1040/397/49 1041/398/49
f 885/385/36 883/384/36 1027/384/36 1028/385/36
f 859/374/23 857/373/23 1014/373/23 1015/374/23
f 913/399/50 911/398/50 1041/398/50 1042/399/50
f 887/386/37 885/385/37 1028/385/37 1029/386/37
f 861/333/24 859/374/24 1015/374/24 1016/333/24
f 915/400/52 913/399/52 1042/399/52 1043/400/52
f 889/387/38 887/386/38 1029/386/38 1030/387/38
f 854/432/54 852/431/54 1044/139/54 1045/140/54
f 856/433/54 854/432/54 1045/140/54 1046/141/54
f 858/434/54 856/433/54 1046/141/54 1047/142/54
f 860/435/54 858/434/54 1047/142/54 1048/143/54
f 862/436/54 860/435/54 1048/143/54 1049/144/54
f 864/437/54 862/436/54 1049/144/54 1050/145/54
f 866/438/54 864/437/54 1050/145/54 1051/146/54
f 868/439/54 866/438/54 1051/146/54 1052/147/54
f 870/440/54 868/439/54 1052/147/54 1053/148/54
f 872/441/54 870/440/54 1053/148/54 1054/149/54
f 874/442/54 872/441/54 1054/149/54 1055/150/54
f 876/443/54 874/442/54 1055/150/54 1056/151/54
f 878/444/54 876/443/54 1056/151/54 1057/152/54
f 880/445/54 878/444/54 1057/152/54 1058/153/54
f 882/446/54 880/445/54 1058/153/54 1059/154/54
f 884/447/54 882/446/54 1059/154/54 1060/155/54
f 886/448/54 884/447/54 1060/155/54 1061/156/54
f 888/449/54 886/448/54 1061/156/54 1062/157/54
f 890/450/54 888/449/54 1062/157/54 1063/158/54
f 892/451/54 890/450/54 1063/158/54 1064/159/54
f 894/452/54 892/451/54 1064/159/54 1065/160/54
f 896/453/54 894/452/54 1065/160/54 1066/161/54
f 898/454/54 896/453/54 1066/161/54 1067/162/54
f 900/455/54 898/454/54 1067/162/54 1068/163/54
f 902/456/54 900/455/54 1068/163/54 1069/164/54
f 904/457/54 902/456/54 1069/164/54 1070/165/54
f 906/458/54 904/457/54 1070/165/54 1071/166/54
f 908/459/54 906/458/54 1071/166/54 1072/167/54
f 910/460/54 908/459/54 1072/167/54 1073/168/54
f 912/461/54 910/460/54 1073/168/54 1074/169/54
f 914/462/54 912/461/54 1074/169/54 1075/170/54
f 852/431/54 914/462/54 1075/170/54 1044/139/54
f 1076/431/54 1077/432/54 1078/433/54 1079/434/54 1080/435/54 1081/436/54 1082/437/54 1083/438/54 1084/439/54 1085/440/54 1086/441/54 1087/442/54 1088/443/54 1089/444/54 1090/445/54 1091/446/54 1092/447/54 1093/448/54 1094/449/54 1095/450/54 1096/451/54 1097/452/54 1098/453/54 1099/454/54 1100/455/54 1101/456/54 1102/457/54 1103/458/54 1104/459/54 1105/460/54 1106/461/54 1107/462/54
f 906/458/48 908/459/48 1104/459/48 1103/458/48
f 880/445/35 882/446/35 1091/446/35 1090/445/35
f 854/432/22 856/433/22 1078/433/22 1077/432/22
f 908/459/49 910/460/49 1105/460/49 1104/459/49
f 882/446/298 884/447/298 1092/447/298 1091/446/298
f 856/433/23 858/434/23 1079/434/23 1078/433/23
f 910/460/50 912/461/50 1106/461/50 1105/460/50
f 884/447/299 886/448/299 1093/448/299 1092/447/299
f 858/434/24 860/435/24 1080/435/24 1079/434/24
f 912/461/52 914/462/52 1107/462/52 1106/461/52
f 886/448/38 888/449/38 1094/449/38 1093/448/38
f 860/435/25 862/436/25 1081/436/25 1080/435/25
f 914/462/300 852/431/300 1076/431/300 1107/462/300
f 888/449/39 890/450/39 1095/450/39 1094/449/39
f 862/436/26 864/437/26 1082/437/26 1081/436/26
f 890/450/40 892/451/40 1096/451/40 1095/450/40
f 864/437/27 866/438/27 1083/438/27 1082/437/27
f 892/451/41 894/452/41 1097/452/41 1096/451/41
f 866/438/28 868/439/28 1084/439/28 1083/438/28
f 894/452/42 896/453/42 1098/453/42 1097/452/42
f 868/439/29 870/440/29 1085/440/29 1084/439/29
f 896/453/43 898/454/43 1099/454/43 1098/453/43
f 870/440/30 872/441/30 1086/441/30 1085/440/30
f 898/454/44 900/455/44 1100/455/44 1099/454/44
f 872/441/31 874/442/31 1087/442/31 1086/441/31
f 900/455/45 902/456/45 1101/456/45 1100/455/45
f 874/442/32 876/443/32 1088/443/32 1087/442/32
f 902/456/46 904/457/46 1102/457/46 1101/456/46
f 876/443/33 878/444/33 1089/444/33 1088/443/33
f 904/457/47 906/458/47 1103/458/47 1102/457/47
f 878/444/34 880/445/34 1090/445/34 1089/444/34
f 3343/301/276 3344/302/276 3407/49/276 3408/48/276
f 3344/302/275 3345/303/275 3409/51/275 3407/49/275
f 3345/303/274 3346/304/274 3410/53/274 3409/51/274
f 3346/304/273 3347/305/273 3411/55/273 3410/53/273
f 3347/305/272 3348/306/272 3412/56/272 3411/55/272
f 3348/306/271 3349/307/271 3413/58/271 3412/56/271
f 3349/307/270 3350/308/270 3414/60/270 3413/58/270
f 3350/308/269 3351/309/269 3415/62/269 3414/60/269
f 3351/309/268 3352/310/268 3416/64/268 3415/62/268
f 3352/310/267 3353/311/267 3417/66/267 3416/64/267
f 3353/311/266 3354/312/266 3418/68/266 3417/66/266
f 3354/312/265 3355/313/265 3419/9/265 3418/68/265
f 3355/313/264 3356/314/264 3420/70/264 3419/9/264
f 3356/314/263 3357/315/263 3421/72/263 3420/70/263
f 3357/315/262 3358/316/262 3422/74/262 3421/72/262
f 3358/316/261 3359/317/261 3423/76/261 3422/74/261
f 3359/317/292 3360/318/292 3424/78/292 3423/76/292
f 3360/318/291 3361/319/291 3425/80/291 3424/78/291
f 3361/319/290 3362/320/290 3426/82/290 3425/80/290
f 3362/320/289 3363/321/289 3427/10/289 3426/82/289
f 3363/321/288 3364/322/288 3428/84/288 3427/10/288
f 3364/322/287 3365/323/287 3429/86/287 3428/84/287
f 3365/323/286 3366/324/286 3430/88/286 3429/86/286
f 3366/324/285 3367/325/285 3431/90/285 3430/88/285
f 3367/325/284 3368/326/284 3432/92/284 3431/90/284
f 3368/326/283 3369/327/283 3433/94/283 3432/92/283
f 3369/327/282 3370/328/282 3434/96/282 3433/94/282
f 3370/328/281 3371/329/281 3435/98/281 3434/96/281
f 3371/329/280 3372/330/280 3436/99/280 3435/98/280
f 3372/330/279 3373/331/279 3437/101/279 3436/99/279
f 3290/332/32 3444/332/32 3443/333/32 3288/333/32
f 3373/331/278 3374/334/278 3438/135/278 3437/101/278
f 3374/334/277 3343/335/277 3408/137/277 3438/135/277
f 3279/431/298 3503/431/298 3504/432/298 3281/432/298
f 3405/338/37 3406/339/37 3343/335/37 3374/334/37
f 3404/340/38 3405/338/38 3374/334/38 3373/331/38
f 3403/341/39 3404/340/39 3373/331/39 3372/330/39
f 3402/342/40 3403/341/40 3372/330/40 3371/329/40
f 3401/343/41 3402/342/41 3371/329/41 3370/328/41
f 3400/344/42 3401/343/42 3370/328/42 3369/327/42
f 3399/345/43 3400/344/43 3369/327/43 3368/326/43
f 3398/346/44 3399/345/44 3368/326/44 3367/325/44
f 3397/347/45 3398/346/45 3367/325/45 3366/324/45
f 3396/348/46 3397/347/46 3366/324/46 3365/323/46
f 3395/349/47 3396/348/47 3365/323/47 3364/322/47
f 3394/350/48 3395/349/48 3364/322/48 3363/321/48
f 3393/351/49 3394/350/49 3363/321/49 3362/320/49
f 3392/352/50 3393/351/50 3362/320/50 3361/319/50
f 3391/353/52 3392/352/52 3361/319/52 3360/318/52
f 3390/354/53 3391/353/53 3360/318/53 3359/317/53
f 3389/355/21 3390/354/21 3359/317/21 3358/316/21
f 3388/356/22 3389/355/22 3358/316/22 3357/315/22
f 3387/357/23 3388/356/23 3357/315/23 3356/314/23
f 3386/358/24 3387/357/24 3356/314/24 3355/313/24
f 3385/359/25 3386/358/25 3355/313/25 3354/312/25
f 3384/360/26 3385/359/26 3354/312/26 3353/311/26
f 3383/361/27 3384/360/27 3353/311/27 3352/310/27
f 3382/362/28 3383/361/28 3352/310/28 3351/309/28
f 3381/363/29 3382/362/29 3351/309/29 3350/308/29
f 3380/364/30 3381/363/30 3350/308/30 3349/307/30
f 3379/365/31 3380/364/31 3349/307/31 3348/306/31
f 3378/366/32 3379/365/32 3348/306/32 3347/305/32
f 3377/367/33 3378/366/33 3347/305/33 3346/304/33
f 3376/368/34 3377/367/34 3346/304/34 3345/303/34
f 3375/369/35 3376/368/35 3345/303/35 3344/302/35
f 3406/370/36 3375/369/36 3344/302/36 3343/301/36
f 3471/47/36 3472/50/36 3375/369/36 3406/370/36
f 3472/50/35 3473/52/35 3376/368/35 3375/369/35
f 3473/52/34 3474/54/34 3377/367/34 3376/368/34
f 3474/54/33 3475/13/33 3378/366/33 3377/367/33
f 3475/13/32 3476/57/32 3379/365/32 3378/366/32
f 3476/57/31 3477/59/31 3380/364/31 3379/365/31
f 3477/59/30 3478/61/30 3381/363/30 3380/364/30
f 3478/61/29 3479/63/29 3382/362/29 3381/363/29
f 3479/63/28 3480/65/28 3383/361/28 3382/362/28
f 3480/65/27 3481/67/27 3384/360/27 3383/361/27
f 3481/67/26 3482/69/26 3385/359/26 3384/360/26
f 3482/69/25 3483/5/25 3386/358/25 3385/359/25
f 3483/5/24 3484/71/24 3387/357/24 3386/358/24
f 3484/71/23 3485/73/23 3388/356/23 3387/357/23
f 3485/73/22 3486/75/22 3389/355/22 3388/356/22
f 3486/75/21 3487/77/21 3390/354/21 3389/355/21
f 3487/77/53 3488/79/53 3391/353/53 3390/354/53
f 3488/79/52 3489/81/52 3392/352/52 3391/353/52
f 3489/81/50 3490/83/50 3393/351/50 3392/352/50
f 3490/83/49 3491/6/49 3394/350/49 3393/351/49
f 3491/6/48 3492/85/48 3395/349/48 3394/350/48
f 3492/85/47 3493/87/47 3396/348/47 3395/349/47
f 3493/87/46 3494/89/46 3397/347/46 3396/348/46
f 3494/89/45 3495/91/45 3398/346/45 3397/347/45
f 3495/91/44 3496/93/44 3399/345/44 3398/346/44
f 3496/93/43 3497/95/43 3400/344/43 3399/345/43
f 3497/95/42 3498/97/42 3401/343/42 3400/344/42
f 3498/97/41 3499/11/41 3402/342/41 3401/343/41
f 3499/11/40 3500/100/40 3403/341/40 3402/342/40
f 3500/100/39 3501/102/39 3404/340/39 3403/341/39
f 3501/102/38 3502/136/38 3405/338/38 3404/340/38
f 3502/136/37 3471/138/37 3406/339/37 3405/338/37
f 3280/371/51 3408/104/51 3407/103/51 3282/372/51
f 3282/372/51 3407/103/51 3409/134/51 3284/373/51
f 3284/373/51 3409/134/51 3410/133/51 3286/374/51
f 3286/374/51 3410/133/51 3411/132/51 3288/333/51
f 3288/333/51 3411/132/51 3412/131/51 3290/332/51
f 3290/332/51 3412/131/51 3413/130/51 3292/375/51
f 3292/375/51 3413/130/51 3414/129/51 3294/376/51
f 3294/376/51 3414/129/51 3415/128/51 3296/377/51
f 3296/377/51 3415/128/51 3416/127/51 3298/378/51
f 3298/378/51 3416/127/51 3417/126/51 3300/379/51
f 3300/379/51 3417/126/51 3418/125/51 3302/380/51
f 3302/380/51 3418/125/51 3419/124/51 3304/381/51
f 3304/381/51 3419/124/51 3420/123/51 3306/382/51
f 3306/382/51 3420/123/51 3421/122/51 3308/383/51
f 3308/383/51 3421/122/51 3422/121/51 3310/384/51
f 3310/384/51 3422/121/51 3423/120/51 3312/385/51
f 3312/385/51 3423/120/51 3424/119/51 3314/386/51
f 3314/386/51 3424/119/51 3425/118/51 3316/387/51
f 3316/387/51 3425/118/51 3426/117/51 3318/388/51
f 3318/388/51 3426/117/51 3427/116/51 3320/389/51
f 3320/389/51 3427/116/51 3428/115/51 3322/390/51
f 3322/390/51 3428/115/51 3429/114/51 3324/391/51
f 3324/391/51 3429/114/51 3430/113/51 3326/392/51
f 3326/392/51 3430/113/51 3431/112/51 3328/393/51
f 3328/393/51 3431/112/51 3432/111/51 3330/394/51
f 3330/394/51 3432/111/51 3433/110/51 3332/395/51
f 3332/395/51 3433/110/51 3434/109/51 3334/396/51
f 3334/396/51 3434/109/51 3435/108/51 3336/397/51
f 3336/397/51 3435/108/51 3436/107/51 3338/398/51
f 3338/398/51 3436/107/51 3437/106/51 3340/399/51
f 3340/399/51 3437/106/51 3438/105/51 3342/400/51
f 3342/400/51 3438/105/51 3408/104/51 3280/371/51
f 3439/372/51 3441/373/51 3442/374/51 3443/333/51 3444/332/51 3445/375/51 3446/376/51 3447/377/51 3448/378/51 3449/379/51 3450/380/51 3451/381/51 3452/382/51 3453/383/51 3454/384/51 3455/385/51 3456/386/51 3457/387/51 3458/388/51 3459/389/51 3460/390/51 3461/391/51 3462/392/51 3463/393/51 3464/394/51 3465/395/51 3466/396/51 3467/397/51 3468/398/51 3469/399/51 3470/400/51 3440/371/51
f 3280/371/37 3440/371/37 3470/400/37 3342/400/37
f 3318/388/50 3458/388/50 3457/387/50 3316/387/50
f 3292/375/31 3445/375/31 3444/332/31 3290/332/31
f 3320/389/49 3459/389/49 3458/388/49 3318/388/49
f 3294/376/30 3446/376/30 3445/375/30 3292/375/30
f 3322/390/48 3460/390/48 3459/389/48 3320/389/48
f 3296/377/29 3447/377/29 3446/376/29 3294/376/29
f 3324/391/47 3461/391/47 3460/390/47 3322/390/47
f 3298/378/28 3448/378/28 3447/377/28 3296/377/28
f 3326/392/46 3462/392/46 3461/391/46 3324/391/46
f 3300/379/27 3449/379/27 3448/378/27 3298/378/27
f 3328/393/45 3463/393/45 3462/392/45 3326/392/45
f 3302/380/26 3450/380/26 3449/379/26 3300/379/26
f 3330/394/44 3464/394/44 3463/393/44 3328/393/44
f 3304/381/25 3451/381/25 3450/380/25 3302/380/25
f 3332/395/43 3465/395/43 3464/394/43 3330/394/43
f 3306/382/24 3452/382/24 3451/381/24 3304/381/24
f 3334/396/42 3466/396/42 3465/395/42 3332/395/42
f 3308/383/23 3453/383/23 3452/382/23 3306/382/23
f 3282/372/36 3439/372/36 3440/371/36 3280/371/36
f 3336/397/41 3467/397/41 3466/396/41 3334/396/41
f 3310/384/22 3454/384/22 3453/383/22 3308/383/22
f 3284/373/35 3441/373/35 3439/372/35 3282/372/35
f 3338/398/40 3468/398/40 3467/397/40 3336/397/40
f 3312/385/21 3455/385/21 3454/384/21 3310/384/21
f 3286/374/34 3442/374/34 3441/373/34 3284/373/34
f 3340/399/39 3469/399/39 3468/398/39 3338/398/39
f 3314/386/53 3456/386/53 3455/385/53 3312/385/53
f 3288/333/33 3443/333/33 3442/374/33 3286/374/33
f 3342/400/38 3470/400/38 3469/399/38 3340/399/38
f 3316/387/52 3457/387/52 3456/386/52 3314/386/52
f 3281/432/54 3472/140/54 3471/139/54 3279/431/54
f 3283/433/54 3473/141/54 3472/140/54 3281/432/54
f 3285/434/54 3474/142/54 3473/141/54 3283/433/54
f 3287/435/54 3475/143/54 3474/142/54 3285/434/54
f 3289/436/54 3476/144/54 3475/143/54 3287/435/54
f 3291/437/54 3477/145/54 3476/144/54 3289/436/54
f 3293/438/54 3478/146/54 3477/145/54 3291/437/54
f 3295/439/54 3479/147/54 3478/146/54 3293/438/54
f 3297/440/54 3480/148/54 3479/147/54 3295/439/54
f 3299/441/54 3481/149/54 3480/148/54 3297/440/54
f 3301/442/54 3482/150/54 3481/149/54 3299/441/54
f 3303/443/54 3483/151/54 3482/150/54 3301/442/54
f 3305/444/54 3484/152/54 3483/151/54 3303/443/54
f 3307/445/54 3485/153/54 3484/152/54 3305/444/54
f 3309/446/54 3486/154/54 3485/153/54 3307/445/54
f 3311/447/54 3487/155/54 3486/154/54 3309/446/54
f 3313/448/54 3488/156/54 3487/155/54 3311/447/54
f 3315/449/54 3489/157/54 3488/156/54 3313/448/54
f 3317/450/54 3490/158/54 3489/157/54 3315/449/54
f 3319/451/54 3491/159/54 3490/158/54 3317/450/54
f 3321/452/54 3492/160/54 3491/159/54 3319/451/54
f 3323/453/54 3493/161/54 3492/160/54 3321/452/54
f 3325/454/54 3494/162/54 3493/161/54 3323/453/54
f 3327/455/54 3495/163/54 3494/162/54 3325/454/54
f 3329/456/54 3496/164/54 3495/163/54 3327/455/54
f 3331/457/54 3497/165/54 3496/164/54 3329/456/54
f 3333/458/54 3498/166/54 3497/165/54 3331/457/54
f 3335/459/54 3499/167/54 3498/166/54 3333/458/54
f 3337/460/54 3500/168/54 3499/167/54 3335/459/54
f 3339/461/54 3501/169/54 3500/168/54 3337/460/54
f 3341/462/54 3502/170/54 3501/169/54 3339/461/54
f 3279/431/54 3471/139/54 3502/170/54 3341/462/54
f 3503/431/54 3534/462/54 3533/461/54 3532/460/54 3531/459/54 3530/458/54 3529/457/54 3528/456/54 3527/455/54 3526/454/54 3525/453/54 3524/452/54 3523/451/54 3522/450/54 3521/449/54 3520/448/54 3519/447/54 3518/446/54 3517/445/54 3516/444/54 3515/443/54 3514/442/54 3513/441/54 3512/440/54 3511/439/54 3510/438/54 3509/437/54 3508/436/54 3507/435/54 3506/434/54 3505/433/54 3504/432/54
f 3333/458/41 3530/458/41 3531/459/41 3335/459/41
f 3307/445/22 3517/445/22 3518/446/22 3309/446/22
f 3281/432/35 3504/432/35 3505/433/35 3283/433/35
f 3335/459/40 3531/459/40 3532/460/40 3337/460/40
f 3309/446/297 3518/446/297 3519/447/297 3311/447/297
f 3283/433/34 3505/433/34 3506/434/34 3285/434/34
f 3337/460/39 3532/460/39 3533/461/39 3339/461/39
f 3311/447/300 3519/447/300 3520/448/300 3313/448/300
f 3285/434/33 3506/434/33 3507/435/33 3287/435/33
f 3339/461/38 3533/461/38 3534/462/38 3341/462/38
f 3313/448/52 3520/448/52 3521/449/52 3315/449/52
f 3287/435/32 3507/435/32 3508/436/32 3289/436/32
f 3341/462/299 3534/462/299 3503/431/299 3279/431/299
f 3315/449/50 3521/449/50 3522/450/50 3317/450/50
f 3289/436/31 3508/436/31 3509/437/31 3291/437/31
f 3317/450/49 3522/450/49 3523/451/49 3319/451/49
f 3291/437/30 3509/437/30 3510/438/30 3293/438/30
f 3319/451/48 3523/451/48 3524/452/48 3321/452/48
f 3293/438/29 3510/438/29 3511/439/29 3295/439/29
f 3321/452/47 3524/452/47 3525/453/47 3323/453/47
f 3295/439/28 3511/439/28 3512/440/28 3297/440/28
f 3323/453/46 3525/453/46 3526/454/46 3325/454/46
f 3297/440/27 3512/440/27 3513/441/27 3299/441/27
f 3325/454/45 3526/454/45 3527/455/45 3327/455/45
f 3299/441/26 3513/441/26 3514/442/26 3301/442/26
f 3327/455/44 3527/455/44 3528/456/44 3329/456/44
f 3301/442/25 3514/442/25 3515/443/25 3303/443/25
f 3329/456/43 3528/456/43 3529/457/43 3331/457/43
f 3303/443/24 3515/443/24 3516/444/24 3305/444/24
f 3331/457/42 3529/457/42 3530/458/42 3333/458/42
f 3305/444/23 3516/444/23 3517/445/23 3307/445/23
usemtl Material.009
f 1122/79/38 1108/353/38 1109/352/38 1123/81/38
f 1123/81/39 1109/352/39 1110/351/39 1124/83/39
f 1124/83/40 1110/351/40 1111/350/40 1125/6/40
f 1125/6/41 1111/350/41 1112/349/41 1126/85/41
f 1126/85/42 1112/349/42 1113/348/42 1127/87/42
f 1127/87/43 1113/348/43 1114/347/43 1128/89/43
f 1128/89/44 1114/347/44 1115/346/44 1129/91/44
f 1129/91/45 1115/346/45 1116/345/45 1130/93/45
f 1130/93/46 1116/345/46 1117/344/46 1131/95/46
f 1131/95/47 1117/344/47 1118/343/47 1132/97/47
f 1132/97/48 1118/343/48 1119/342/48 1133/11/48
f 1133/11/49 1119/342/49 1120/341/49 1134/100/49
f 1134/100/50 1120/341/50 1121/340/50 1135/102/50
f 3549/79/52 3550/81/52 3536/352/52 3535/353/52
f 3550/81/50 3551/83/50 3537/351/50 3536/352/50
f 3551/83/49 3552/6/49 3538/350/49 3537/351/49
f 3552/6/48 3553/85/48 3539/349/48 3538/350/48
f 3553/85/47 3554/87/47 3540/348/47 3539/349/47
f 3554/87/46 3555/89/46 3541/347/46 3540/348/46
f 3555/89/45 3556/91/45 3542/346/45 3541/347/45
f 3556/91/44 3557/93/44 3543/345/44 3542/346/44
f 3557/93/43 3558/95/43 3544/344/43 3543/345/43
f 3558/95/42 3559/97/42 3545/343/42 3544/344/42
f 3559/97/41 3560/11/41 3546/342/41 3545/343/41
f 3560/11/40 3561/100/40 3547/341/40 3546/342/40
f 3561/100/39 3562/102/39 3548/340/39 3547/341/39
usemtl Material.007
f 1142/250/208 1146/249/208 1145/248/208 1144/247/208 1143/245/208
f 1143/245/209 1149/246/209 1148/243/209 1147/244/209 1142/250/209
f 3569/250/742 3570/245/742 3571/247/742 3572/248/742 3573/249/742
f 3570/245/743 3569/250/743 3574/244/743 3575/243/743 3576/246/743
usemtl Material.003
f 1140/280/230 1139/196/230 1137/196/230 1138/280/230
f 1139/196/232 1141/282/232 1136/270/232 1137/196/232
f 3567/280/764 3565/280/764 3564/196/764 3566/196/764
f 3566/196/766 3564/196/766 3563/270/766 3568/282/766
usemtl Material.010
f 1546/73/35 1534/356/35 1535/355/35 1547/75/35
f 1547/75/36 1535/355/36 1536/354/36 1548/77/36
f 1548/77/37 1536/354/37 1537/353/37 1549/79/37
f 1549/79/38 1537/353/38 1538/352/38 1550/81/38
f 1550/81/39 1538/352/39 1539/351/39 1551/83/39
f 1551/83/40 1539/351/40 1540/350/40 1552/6/40
f 1552/6/41 1540/350/41 1541/349/41 1553/85/41
f 1553/85/42 1541/349/42 1542/348/42 1554/87/42
f 1554/87/43 1542/348/43 1543/347/43 1555/89/43
f 1555/89/44 1543/347/44 1544/346/44 1556/91/44
f 1556/91/45 1544/346/45 1545/345/45 1557/93/45
f 3973/73/22 3974/75/22 3962/355/22 3961/356/22
f 3974/75/21 3975/77/21 3963/354/21 3962/355/21
f 3975/77/53 3976/79/53 3964/353/53 3963/354/53
f 3976/79/52 3977/81/52 3965/352/52 3964/353/52
f 3977/81/50 3978/83/50 3966/351/50 3965/352/50
f 3978/83/49 3979/6/49 3967/350/49 3966/351/49
f 3979/6/48 3980/85/48 3968/349/48 3967/350/48
f 3980/85/47 3981/87/47 3969/348/47 3968/349/47
f 3981/87/46 3982/89/46 3970/347/46 3969/348/46
f 3982/89/45 3983/91/45 3971/346/45 3970/347/45
f 3983/91/44 3984/93/44 3972/345/44 3971/346/44
usemtl Material.013
f 1892/47/475 1953/48/475 1952/49/475 1894/50/475
f 1894/50/476 1952/49/476 1954/51/476 1896/52/476
f 1896/52/477 1954/51/477 1955/53/477 1898/54/477
f 1898/54/478 1955/53/478 1956/55/478 1900/13/478
f 1900/13/479 1956/55/479 1957/56/479 1902/57/479
f 1902/57/480 1957/56/480 1958/58/480 1904/59/480
f 1904/59/481 1958/58/481 1959/60/481 1906/61/481
f 1906/61/482 1959/60/482 4391/62/482 4335/63/482
f 4335/63/483 4391/62/483 1960/64/483 1908/65/483
f 1908/65/484 1960/64/484 1961/66/484 1910/67/484
f 1910/67/485 1961/66/485 1962/68/485 1912/69/485
f 1912/69/486 1962/68/486 1963/9/486 1914/5/486
f 1914/5/487 1963/9/487 1964/70/487 1916/71/487
f 1916/71/488 1964/70/488 1965/72/488 1918/73/488
f 1918/73/489 1965/72/489 1966/74/489 1920/75/489
f 1920/75/490 1966/74/490 1967/76/490 1922/77/490
f 1922/77/491 1967/76/491 1968/78/491 1924/79/491
f 1924/79/492 1968/78/492 1969/80/492 1926/81/492
f 1926/81/493 1969/80/493 1970/82/493 1928/83/493
f 1928/83/494 1970/82/494 1971/10/494 1930/6/494
f 1930/6/495 1971/10/495 1972/84/495 1932/85/495
f 1932/85/496 1972/84/496 1973/86/496 1934/87/496
f 1934/87/497 1973/86/497 1974/88/497 1936/89/497
f 1936/89/498 1974/88/498 4407/90/498 4367/91/498
f 4367/91/499 4407/90/499 1975/92/499 1938/93/499
f 1938/93/500 1975/92/500 1976/94/500 1940/95/500
f 1940/95/501 1976/94/501 1977/96/501 1942/97/501
f 1942/97/502 1977/96/502 1978/98/502 1944/11/502
f 1944/11/503 1978/98/503 1979/99/503 1946/100/503
f 1946/100/504 1979/99/504 1980/101/504 1948/102/504
f 1895/463/51 1893/464/51 1951/465/51 1949/466/51 1947/467/51 1945/468/51 1943/469/51 1941/470/51 1939/471/51 4368/472/51 1937/473/51 1935/474/51 1933/475/51 1931/476/51 1929/477/51 1927/478/51 1925/479/51 1923/480/51 1921/481/51 1919/482/51 1917/483/51 1915/484/51 1913/485/51 1911/486/51 1909/487/51 4336/488/51 1907/489/51 1905/490/51 1903/491/51 1901/492/51 1899/493/51 1897/494/51
f 1948/102/505 1980/101/505 1981/135/505 1950/136/505
f 1950/136/506 1981/135/506 1953/137/506 1892/138/506
f 1892/139/54 1894/140/54 1896/141/54 1898/142/54 1900/143/54 1902/144/54 1904/145/54 1906/146/54 4335/147/54 1908/148/54 1910/149/54 1912/150/54 1914/151/54 1916/152/54 1918/153/54 1920/154/54 1922/155/54 1924/156/54 1926/157/54 1928/158/54 1930/159/54 1932/160/54 1934/161/54 1936/162/54 4367/163/54 1938/164/54 1940/165/54 1942/166/54 1944/167/54 1946/168/54 1948/169/54 1950/170/54
f 1893/464/507 1895/463/507 1952/103/507 1953/104/507
f 1895/463/508 1897/494/508 1954/134/508 1952/103/508
f 1897/494/509 1899/493/509 1955/133/509 1954/134/509
f 1899/493/510 1901/492/510 1956/132/510 1955/133/510
f 1901/492/511 1903/491/511 1957/131/511 1956/132/511
f 1903/491/512 1905/490/512 1958/130/512 1957/131/512
f 1905/490/513 1907/489/513 1959/129/513 1958/130/513
f 1907/489/514 4336/488/514 4391/128/514 1959/129/514
f 4336/488/515 1909/487/515 1960/127/515 4391/128/515
f 1909/487/516 1911/486/516 1961/126/516 1960/127/516
f 1911/486/517 1913/485/517 1962/125/517 1961/126/517
f 1913/485/518 1915/484/518 1963/124/518 1962/125/518
f 1915/484/519 1917/483/519 1964/123/519 1963/124/519
f 1917/483/520 1919/482/520 1965/122/520 1964/123/520
f 1919/482/521 1921/481/521 1966/121/521 1965/122/521
f 1921/481/522 1923/480/522 1967/120/522 1966/121/522
f 1923/480/523 1925/479/523 1968/119/523 1967/120/523
f 1925/479/524 1927/478/524 1969/118/524 1968/119/524
f 1927/478/525 1929/477/525 1970/117/525 1969/118/525
f 1929/477/526 1931/476/526 1971/116/526 1970/117/526
f 1931/476/527 1933/475/527 1972/115/527 1971/116/527
f 1933/475/528 1935/474/528 1973/114/528 1972/115/528
f 1935/474/529 1937/473/529 1974/113/529 1973/114/529
f 1937/473/530 4368/472/530 4407/112/530 1974/113/530
f 4368/472/531 1939/471/531 1975/111/531 4407/112/531
f 1939/471/532 1941/470/532 1976/110/532 1975/111/532
f 1941/470/533 1943/469/533 1977/109/533 1976/110/533
f 1943/469/534 1945/468/534 1978/108/534 1977/109/534
f 1945/468/535 1947/467/535 1979/107/535 1978/108/535
f 1947/467/536 1949/466/536 1980/106/536 1979/107/536
f 1949/466/537 1951/465/537 1981/105/537 1980/106/537
f 1951/465/538 1893/464/538 1953/104/538 1981/105/538
f 4319/47/490 4321/50/490 4383/49/490 4384/48/490
f 4321/50/489 4323/52/489 4385/51/489 4383/49/489
f 4323/52/488 4325/54/488 4386/53/488 4385/51/488
f 4325/54/487 4327/13/487 4387/55/487 4386/53/487
f 4327/13/486 4329/57/486 4388/56/486 4387/55/486
f 4329/57/485 4331/59/485 4389/58/485 4388/56/485
f 4331/59/484 4333/61/484 4390/60/484 4389/58/484
f 4333/61/483 4335/63/483 4391/62/483 4390/60/483
f 4335/63/482 4337/65/482 4392/64/482 4391/62/482
f 4337/65/481 4339/67/481 4393/66/481 4392/64/481
f 4339/67/480 4341/69/480 4394/68/480 4393/66/480
f 4341/69/479 4343/5/479 4395/9/479 4394/68/479
f 4343/5/478 4345/71/478 4396/70/478 4395/9/478
f 4345/71/477 4347/73/477 4397/72/477 4396/70/477
f 4347/73/476 4349/75/476 4398/74/476 4397/72/476
f 4349/75/475 4351/77/475 4399/76/475 4398/74/475
f 4351/77/506 4353/79/506 4400/78/506 4399/76/506
f 4353/79/505 4355/81/505 4401/80/505 4400/78/505
f 4355/81/504 4357/83/504 4402/82/504 4401/80/504
f 4357/83/553 4359/6/553 4403/10/553 4402/82/553
f 4359/6/502 4361/85/502 4404/84/502 4403/10/502
f 4361/85/501 4363/87/501 4405/86/501 4404/84/501
f 4363/87/500 4365/89/500 4406/88/500 4405/86/500
f 4365/89/499 4367/91/499 4407/90/499 4406/88/499
f 4367/91/498 4369/93/498 4408/92/498 4407/90/498
f 4369/93/497 4371/95/497 4409/94/497 4408/92/497
f 4371/95/496 4373/97/496 4410/96/496 4409/94/496
f 4373/97/495 4375/11/495 4411/98/495 4410/96/495
f 4375/11/559 4377/100/559 4412/99/559 4411/98/559
f 4377/100/493 4379/102/493 4413/101/493 4412/99/493
f 4322/463/51 4324/494/51 4326/493/51 4328/492/51 4330/491/51 4332/490/51 4334/489/51 4336/488/51 4338/487/51 4340/486/51 4342/485/51 4344/484/51 4346/483/51 4348/482/51 4350/481/51 4352/480/51 4354/479/51 4356/478/51 4358/477/51 4360/476/51 4362/475/51 4364/474/51 4366/473/51 4368/472/51 4370/471/51 4372/470/51 4374/469/51 4376/468/51 4378/467/51 4380/466/51 4382/465/51 4320/464/51
f 4379/102/492 4381/136/492 4414/135/492 4413/101/492
f 4381/136/491 4319/138/491 4384/137/491 4414/135/491
f 4319/139/54 4381/170/54 4379/169/54 4377/168/54 4375/167/54 4373/166/54 4371/165/54 4369/164/54 4367/163/54 4365/162/54 4363/161/54 4361/160/54 4359/159/54 4357/158/54 4355/157/54 4353/156/54 4351/155/54 4349/154/54 4347/153/54 4345/152/54 4343/151/54 4341/150/54 4339/149/54 4337/148/54 4335/147/54 4333/146/54 4331/145/54 4329/144/54 4327/143/54 4325/142/54 4323/141/54 4321/140/54
f 4320/464/522 4384/104/522 4383/103/522 4322/463/522
f 4322/463/521 4383/103/521 4385/134/521 4324/494/521
f 4324/494/520 4385/134/520 4386/133/520 4326/493/520
f 4326/493/519 4386/133/519 4387/132/519 4328/492/519
f 4328/492/518 4387/132/518 4388/131/518 4330/491/518
f 4330/491/517 4388/131/517 4389/130/517 4332/490/517
f 4332/490/516 4389/130/516 4390/129/516 4334/489/516
f 4334/489/515 4390/129/515 4391/128/515 4336/488/515
f 4336/488/514 4391/128/514 4392/127/514 4338/487/514
f 4338/487/513 4392/127/513 4393/126/513 4340/486/513
f 4340/486/512 4393/126/512 4394/125/512 4342/485/512
f 4342/485/511 4394/125/511 4395/124/511 4344/484/511
f 4344/484/510 4395/124/510 4396/123/510 4346/483/510
f 4346/483/509 4396/123/509 4397/122/509 4348/482/509
f 4348/482/508 4397/122/508 4398/121/508 4350/481/508
f 4350/481/507 4398/121/507 4399/120/507 4352/480/507
f 4352/480/538 4399/120/538 4400/119/538 4354/479/538
f 4354/479/537 4400/119/537 4401/118/537 4356/478/537
f 4356/478/536 4401/118/536 4402/117/536 4358/477/536
f 4358/477/535 4402/117/535 4403/116/535 4360/476/535
f 4360/476/534 4403/116/534 4404/115/534 4362/475/534
f 4362/475/533 4404/115/533 4405/114/533 4364/474/533
f 4364/474/532 4405/114/532 4406/113/532 4366/473/532
f 4366/473/531 4406/113/531 4407/112/531 4368/472/531
f 4368/472/530 4407/112/530 4408/111/530 4370/471/530
f 4370/471/529 4408/111/529 4409/110/529 4372/470/529
f 4372/470/528 4409/110/528 4410/109/528 4374/469/528
f 4374/469/527 4410/109/527 4411/108/527 4376/468/527
f 4376/468/526 4411/108/526 4412/107/526 4378/467/526
f 4378/467/525 4412/107/525 4413/106/525 4380/466/525
f 4380/466/524 4413/106/524 4414/105/524 4382/465/524
f 4382/465/523 4414/105/523 4384/104/523 4320/464/523
usemtl Material.012
f 1982/47/475 2044/48/475 2043/49/475 1984/50/475
f 1984/50/476 2043/49/476 2045/51/476 1986/52/476
f 1986/52/477 2045/51/477 2046/53/477 1988/54/477
f 1988/54/539 2046/53/539 2047/55/539 1990/13/539
f 1990/13/540 2047/55/540 2048/56/540 1992/57/540
f 1992/57/541 2048/56/541 2049/58/541 1994/59/541
f 1994/59/542 2049/58/542 2050/60/542 1996/61/542
f 1996/61/543 2050/60/543 2051/62/543 4431/63/543
f 4431/63/544 2051/62/544 2052/64/544 1999/65/544
f 1999/65/545 2052/64/545 2053/66/545 2000/67/545
f 2000/67/546 2053/66/546 2054/68/546 2002/69/546
f 2002/69/547 2054/68/547 2055/9/547 2004/5/547
f 2004/5/548 2055/9/548 2056/70/548 2006/71/548
f 2006/71/549 2056/70/549 2057/72/549 2008/73/549
f 2008/73/550 2057/72/550 2058/74/550 2010/75/550
f 2010/75/490 2058/74/490 2059/76/490 2012/77/490
f 2012/77/491 2059/76/491 2060/78/491 2014/79/491
f 2014/79/492 2060/78/492 2061/80/492 2016/81/492
f 2016/81/493 2061/80/493 2062/82/493 2018/83/493
f 2018/83/494 2062/82/494 2063/10/494 2020/6/494
f 2020/6/495 2063/10/495 2064/84/495 2022/85/495
f 2022/85/551 2064/84/551 2065/86/551 2024/87/551
f 2024/87/497 2065/86/497 2066/88/497 2026/89/497
f 2026/89/498 2066/88/498 2067/90/498 2027/91/498
f 2027/91/552 2067/90/552 2068/92/552 2029/93/552
f 2029/93/500 2068/92/500 2069/94/500 2031/95/500
f 2031/95/501 2069/94/501 2070/96/501 2033/97/501
f 2033/97/502 2070/96/502 2071/98/502 2035/11/502
f 2035/11/553 2071/98/553 2072/99/553 2037/100/553
f 2037/100/504 2072/99/504 2073/101/504 2039/102/504
f 1985/463/51 1983/464/51 2042/465/51 2040/466/51 2038/467/51 2036/468/51 2034/469/51 2032/470/51 2030/471/51 2028/472/51 4462/473/51 2025/474/51 2023/475/51 2021/476/51 2019/477/51 2017/478/51 2015/479/51 2013/480/51 2011/481/51 2009/482/51 2007/483/51 2005/484/51 2003/485/51 2001/486/51 4434/487/51 1998/488/51 1997/489/51 1995/490/51 1993/491/51 1991/492/51 1989/493/51 1987/494/51
f 2039/102/505 2073/101/505 2074/135/505 2041/136/505
f 2041/136/506 2074/135/506 2044/137/506 1982/138/506
f 1982/139/554 1984/140/554 1986/141/554 1988/142/554 1990/143/554 1992/144/554 1994/145/554 1996/146/554 4431/147/554 1999/148/554 2000/149/554 2002/150/554 2004/151/554 2006/152/554 2008/153/554 2010/154/554 2012/155/554 2014/156/554 2016/157/554 2018/158/554 2020/159/554 2022/160/554 2024/161/554 2026/162/554 2027/163/554 2029/164/554 2031/165/554 2033/166/554 2035/167/554 2037/168/554 2039/169/554 2041/170/554
f 1983/464/507 1985/463/507 2043/103/507 2044/104/507
f 1985/463/508 1987/494/508 2045/134/508 2043/103/508
f 1987/494/509 1989/493/509 2046/133/509 2045/134/509
f 1989/493/510 1991/492/510 2047/132/510 2046/133/510
f 1991/492/511 1993/491/511 2048/131/511 2047/132/511
f 1993/491/512 1995/490/512 2049/130/512 2048/131/512
f 1995/490/513 1997/489/513 2050/129/513 2049/130/513
f 1997/489/514 1998/488/514 2051/128/514 2050/129/514
f 1998/488/555 4434/487/555 2052/127/555 2051/128/555
f 4434/487/556 2001/486/556 2053/126/556 2052/127/556
f 2001/486/517 2003/485/517 2054/125/517 2053/126/517
f 2003/485/518 2005/484/518 2055/124/518 2054/125/518
f 2005/484/519 2007/483/519 2056/123/519 2055/124/519
f 2007/483/520 2009/482/520 2057/122/520 2056/123/520
f 2009/482/521 2011/481/521 2058/121/521 2057/122/521
f 2011/481/522 2013/480/522 2059/120/522 2058/121/522
f 2013/480/523 2015/479/523 2060/119/523 2059/120/523
f 2015/479/524 2017/478/524 2061/118/524 2060/119/524
f 2017/478/525 2019/477/525 2062/117/525 2061/118/525
f 2019/477/526 2021/476/526 2063/116/526 2062/117/526
f 2021/476/527 2023/475/527 2064/115/527 2063/116/527
f 2023/475/528 2025/474/528 2065/114/528 2064/115/528
f 2025/474/557 4462/473/557 2066/113/557 2065/114/557
f 4462/473/558 2028/472/558 2067/112/558 2066/113/558
f 2028/472/531 2030/471/531 2068/111/531 2067/112/531
f 2030/471/532 2032/470/532 2069/110/532 2068/111/532
f 2032/470/533 2034/469/533 2070/109/533 2069/110/533
f 2034/469/534 2036/468/534 2071/108/534 2070/109/534
f 2036/468/535 2038/467/535 2072/107/535 2071/108/535
f 2038/467/536 2040/466/536 2073/106/536 2072/107/536
f 2040/466/537 2042/465/537 2074/105/537 2073/106/537
f 2042/465/538 1983/464/538 2044/104/538 2074/105/538
f 2075/47/475 2127/48/475 2126/49/475 2077/50/475
f 2077/50/476 2126/49/476 2128/51/476 2079/52/476
f 2079/52/477 2128/51/477 2129/53/477 2081/54/477
f 2093/75/490 2141/74/490 2142/76/490 2095/77/490
f 2095/77/491 2142/76/491 2143/78/491 2097/79/491
f 2097/79/492 2143/78/492 2144/80/492 2099/81/492
f 2099/81/493 2144/80/493 2145/82/493 2101/83/493
f 2101/83/559 2145/82/559 2146/10/559 2103/6/559
f 2103/6/495 2146/10/495 2147/84/495 2105/85/495
f 2105/85/551 2147/84/551 2148/86/551 2107/87/551
f 2107/87/497 2148/86/497 2149/88/497 2109/89/497
f 2109/89/498 2149/88/498 2150/90/498 2110/91/498
f 2110/91/499 2150/90/499 2151/92/499 2112/93/499
f 2112/93/500 2151/92/500 2152/94/500 2114/95/500
f 2114/95/560 2152/94/560 2153/96/560 2116/97/560
f 2116/97/561 2153/96/561 2154/98/561 2118/11/561
f 2118/11/553 2154/98/553 2155/99/553 2120/100/553
f 2120/100/504 2155/99/504 2156/101/504 2122/102/504
f 2078/463/51 2076/464/51 2125/465/51 2123/466/51 2121/467/51 2119/468/51 2117/469/51 2115/470/51 2113/471/51 2111/472/51 4547/473/51 2108/474/51 2106/475/51 2104/476/51 2102/477/51 2100/478/51 2098/479/51 2096/480/51 2094/481/51 2092/482/51 2091/483/51 2090/484/51 2089/485/51 2088/486/51 4524/487/51 2087/488/51 2086/489/51 2085/490/51 2084/491/51 2083/492/51 2082/493/51 2080/494/51
f 2122/102/505 2156/101/505 2157/135/505 2124/136/505
f 2124/136/506 2157/135/506 2127/137/506 2075/138/506
f 2076/464/507 2078/463/507 2126/103/507 2127/104/507
f 2078/463/508 2080/494/508 2128/134/508 2126/103/508
f 2080/494/509 2082/493/509 2129/133/509 2128/134/509
f 2082/493/510 2083/492/510 2130/132/510 2129/133/510
f 2083/492/511 2084/491/511 2131/131/511 2130/132/511
f 2084/491/512 2085/490/512 2132/130/512 2131/131/512
f 2085/490/513 2086/489/513 2133/129/513 2132/130/513
f 2086/489/514 2087/488/514 2134/128/514 2133/129/514
f 2087/488/555 4524/487/555 2135/127/555 2134/128/555
f 4524/487/556 2088/486/556 2136/126/556 2135/127/556
f 2088/486/517 2089/485/517 2137/125/517 2136/126/517
f 2089/485/518 2090/484/518 2138/124/518 2137/125/518
f 2090/484/519 2091/483/519 2139/123/519 2138/124/519
f 2091/483/520 2092/482/520 2140/122/520 2139/123/520
f 2092/482/521 2094/481/521 2141/121/521 2140/122/521
f 2094/481/522 2096/480/522 2142/120/522 2141/121/522
f 2096/480/523 2098/479/523 2143/119/523 2142/120/523
f 2098/479/524 2100/478/524 2144/118/524 2143/119/524
f 2100/478/525 2102/477/525 2145/117/525 2144/118/525
f 2102/477/526 2104/476/526 2146/116/526 2145/117/526
f 2104/476/527 2106/475/527 2147/115/527 2146/116/527
f 2106/475/528 2108/474/528 2148/114/528 2147/115/528
f 2108/474/557 4547/473/557 2149/113/557 2148/114/557
f 4547/473/562 2111/472/562 2150/112/562 2149/113/562
f 2111/472/531 2113/471/531 2151/111/531 2150/112/531
f 2113/471/532 2115/470/532 2152/110/532 2151/111/532
f 2115/470/533 2117/469/533 2153/109/533 2152/110/533
f 2117/469/534 2119/468/534 2154/108/534 2153/109/534
f 2119/468/535 2121/467/535 2155/107/535 2154/108/535
f 2121/467/536 2123/466/536 2156/106/536 2155/107/536
f 2123/466/563 2125/465/563 2157/105/563 2156/106/563
f 2125/465/538 2076/464/538 2127/104/538 2157/105/538
f 2158/47/475 2210/48/475 2209/49/475 2160/50/475
f 2160/50/476 2209/49/476 2211/51/476 2162/52/476
f 2162/52/477 2211/51/477 2212/53/477 2164/54/477
f 2176/75/490 2224/74/490 2225/76/490 2178/77/490
f 2178/77/491 2225/76/491 2226/78/491 2180/79/491
f 2180/79/492 2226/78/492 2227/80/492 2182/81/492
f 2182/81/493 2227/80/493 2228/82/493 2184/83/493
f 2184/83/494 2228/82/494 2229/10/494 2186/6/494
f 2186/6/564 2229/10/564 2230/84/564 2188/85/564
f 2188/85/496 2230/84/496 2231/86/496 2190/87/496
f 2190/87/497 2231/86/497 2232/88/497 2192/89/497
f 2192/89/498 2232/88/498 2233/90/498 2193/91/498
f 2193/91/499 2233/90/499 2234/92/499 2195/93/499
f 2195/93/500 2234/92/500 2235/94/500 2197/95/500
f 2197/95/501 2235/94/501 2236/96/501 2199/97/501
f 2199/97/565 2236/96/565 2237/98/565 2201/11/565
f 2201/11/553 2237/98/553 2238/99/553 2203/100/553
f 2203/100/566 2238/99/566 2239/101/566 2205/102/566
f 2161/463/51 2159/464/51 2208/465/51 2206/466/51 2204/467/51 2202/468/51 2200/469/51 2198/470/51 2196/471/51 2194/472/51 4632/473/51 2191/474/51 2189/475/51 2187/476/51 2185/477/51 2183/478/51 2181/479/51 2179/480/51 2177/481/51 2175/482/51 2174/483/51 2173/484/51 2172/485/51 2171/486/51 4609/487/51 2170/488/51 2169/489/51 2168/490/51 2167/491/51 2166/492/51 2165/493/51 2163/494/51
f 2205/102/505 2239/101/505 2240/135/505 2207/136/505
f 2207/136/506 2240/135/506 2210/137/506 2158/138/506
f 2159/464/507 2161/463/507 2209/103/507 2210/104/507
f 2161/463/508 2163/494/508 2211/134/508 2209/103/508
f 2163/494/509 2165/493/509 2212/133/509 2211/134/509
f 2165/493/510 2166/492/510 2213/132/510 2212/133/510
f 2166/492/511 2167/491/511 2214/131/511 2213/132/511
f 2167/491/512 2168/490/512 2215/130/512 2214/131/512
f 2168/490/513 2169/489/513 2216/129/513 2215/130/513
f 2169/489/514 2170/488/514 2217/128/514 2216/129/514
f 2170/488/555 4609/487/555 2218/127/555 2217/128/555
f 4609/487/556 2171/486/556 2219/126/556 2218/127/556
f 2171/486/517 2172/485/517 2220/125/517 2219/126/517
f 2172/485/518 2173/484/518 2221/124/518 2220/125/518
f 2173/484/519 2174/483/519 2222/123/519 2221/124/519
f 2174/483/520 2175/482/520 2223/122/520 2222/123/520
f 2175/482/521 2177/481/521 2224/121/521 2223/122/521
f 2177/481/522 2179/480/522 2225/120/522 2224/121/522
f 2179/480/523 2181/479/523 2226/119/523 2225/120/523
f 2181/479/524 2183/478/524 2227/118/524 2226/119/524
f 2183/478/525 2185/477/525 2228/117/525 2227/118/525
f 2185/477/526 2187/476/526 2229/116/526 2228/117/526
f 2187/476/527 2189/475/527 2230/115/527 2229/116/527
f 2189/475/528 2191/474/528 2231/114/528 2230/115/528
f 2191/474/557 4632/473/557 2232/113/557 2231/114/557
f 4632/473/558 2194/472/558 2233/112/558 2232/113/558
f 2194/472/531 2196/471/531 2234/111/531 2233/112/531
f 2196/471/532 2198/470/532 2235/110/532 2234/111/532
f 2198/470/533 2200/469/533 2236/109/533 2235/110/533
f 2200/469/534 2202/468/534 2237/108/534 2236/109/534
f 2202/468/535 2204/467/535 2238/107/535 2237/108/535
f 2204/467/536 2206/466/536 2239/106/536 2238/107/536
f 2206/466/537 2208/465/537 2240/105/537 2239/106/537
f 2208/465/538 2159/464/538 2210/104/538 2240/105/538
f 2241/47/475 2293/48/475 2292/49/475 2243/50/475
f 2243/50/476 2292/49/476 2294/51/476 2245/52/476
f 2245/52/567 2294/51/567 2295/53/567 2247/54/567
f 2259/75/490 2307/74/490 2308/76/490 2261/77/490
f 2261/77/491 2308/76/491 2309/78/491 2263/79/491
f 2263/79/492 2309/78/492 2310/80/492 2265/81/492
f 2265/81/493 2310/80/493 2311/82/493 2267/83/493
f 2267/83/494 2311/82/494 2312/10/494 2269/6/494
f 2269/6/495 2312/10/495 2313/84/495 2271/85/495
f 2271/85/551 2313/84/551 2314/86/551 2273/87/551
f 2273/87/497 2314/86/497 2315/88/497 2275/89/497
f 2275/89/498 2315/88/498 2316/90/498 2276/91/498
f 2276/91/499 2316/90/499 2317/92/499 2278/93/499
f 2278/93/500 2317/92/500 2318/94/500 2280/95/500
f 2280/95/501 2318/94/501 2319/96/501 2282/97/501
f 2282/97/565 2319/96/565 2320/98/565 2284/11/565
f 2284/11/553 2320/98/553 2321/99/553 2286/100/553
f 2286/100/504 2321/99/504 2322/101/504 2288/102/504
f 2244/463/51 2242/464/51 2291/465/51 2289/466/51 2287/467/51 2285/468/51 2283/469/51 2281/470/51 2279/471/51 2277/472/51 4717/473/51 2274/474/51 2272/475/51 2270/476/51 2268/477/51 2266/478/51 2264/479/51 2262/480/51 2260/481/51 2258/482/51 2257/483/51 2256/484/51 2255/485/51 2254/486/51 4694/487/51 2253/488/51 2252/489/51 2251/490/51 2250/491/51 2249/492/51 2248/493/51 2246/494/51
f 2288/102/505 2322/101/505 2323/135/505 2290/136/505
f 2290/136/506 2323/135/506 2293/137/506 2241/138/506
f 2242/464/507 2244/463/507 2292/103/507 2293/104/507
f 2244/463/508 2246/494/508 2294/134/508 2292/103/508
f 2246/494/509 2248/493/509 2295/133/509 2294/134/509
f 2248/493/510 2249/492/510 2296/132/510 2295/133/510
f 2249/492/511 2250/491/511 2297/131/511 2296/132/511
f 2250/491/512 2251/490/512 2298/130/512 2297/131/512
f 2251/490/513 2252/489/513 2299/129/513 2298/130/513
f 2252/489/568 2253/488/568 2300/128/568 2299/129/568
f 2253/488/555 4694/487/555 2301/127/555 2300/128/555
f 4694/487/556 2254/486/556 2302/126/556 2301/127/556
f 2254/486/517 2255/485/517 2303/125/517 2302/126/517
f 2255/485/518 2256/484/518 2304/124/518 2303/125/518
f 2256/484/519 2257/483/519 2305/123/519 2304/124/519
f 2257/483/520 2258/482/520 2306/122/520 2305/123/520
f 2258/482/521 2260/481/521 2307/121/521 2306/122/521
f 2260/481/522 2262/480/522 2308/120/522 2307/121/522
f 2262/480/523 2264/479/523 2309/119/523 2308/120/523
f 2264/479/569 2266/478/569 2310/118/569 2309/119/569
f 2266/478/525 2268/477/525 2311/117/525 2310/118/525
f 2268/477/526 2270/476/526 2312/116/526 2311/117/526
f 2270/476/527 2272/475/527 2313/115/527 2312/116/527
f 2272/475/528 2274/474/528 2314/114/528 2313/115/528
f 2274/474/557 4717/473/557 2315/113/557 2314/114/557
f 4717/473/558 2277/472/558 2316/112/558 2315/113/558
f 2277/472/531 2279/471/531 2317/111/531 2316/112/531
f 2279/471/532 2281/470/532 2318/110/532 2317/111/532
f 2281/470/533 2283/469/533 2319/109/533 2318/110/533
f 2283/469/534 2285/468/534 2320/108/534 2319/109/534
f 2285/468/535 2287/467/535 2321/107/535 2320/108/535
f 2287/467/536 2289/466/536 2322/106/536 2321/107/536
f 2289/466/537 2291/465/537 2323/105/537 2322/106/537
f 2291/465/538 2242/464/538 2293/104/538 2323/105/538
f 2324/47/475 2376/48/475 2375/49/475 2326/50/475
f 2326/50/476 2375/49/476 2377/51/476 2328/52/476
f 2328/52/477 2377/51/477 2378/53/477 2330/54/477
f 2342/75/490 2390/74/490 2391/76/490 2344/77/490
f 2344/77/491 2391/76/491 2392/78/491 2346/79/491
f 2346/79/492 2392/78/492 2393/80/492 2348/81/492
f 2348/81/493 2393/80/493 2394/82/493 2350/83/493
f 2350/83/559 2394/82/559 2395/10/559 2352/6/559
f 2352/6/564 2395/10/564 2396/84/564 2354/85/564
f 2354/85/551 2396/84/551 2397/86/551 2356/87/551
f 2356/87/497 2397/86/497 2398/88/497 2358/89/497
f 2358/89/498 2398/88/498 2399/90/498 2359/91/498
f 2359/91/499 2399/90/499 2400/92/499 2361/93/499
f 2361/93/500 2400/92/500 2401/94/500 2363/95/500
f 2363/95/560 2401/94/560 2402/96/560 2365/97/560
f 2365/97/502 2402/96/502 2403/98/502 2367/11/502
f 2367/11/553 2403/98/553 2404/99/553 2369/100/553
f 2369/100/504 2404/99/504 2405/101/504 2371/102/504
f 2327/463/51 2325/464/51 2374/465/51 2372/466/51 2370/467/51 2368/468/51 2366/469/51 2364/470/51 2362/471/51 2360/472/51 4802/473/51 2357/474/51 2355/475/51 2353/476/51 2351/477/51 2349/478/51 2347/479/51 2345/480/51 2343/481/51 2341/482/51 2340/483/51 2339/484/51 2338/485/51 2337/486/51 4779/487/51 2336/488/51 2335/489/51 2334/490/51 2333/491/51 2332/492/51 2331/493/51 2329/494/51
f 2371/102/505 2405/101/505 2406/135/505 2373/136/505
f 2373/136/506 2406/135/506 2376/137/506 2324/138/506
f 2325/464/507 2327/463/507 2375/103/507 2376/104/507
f 2327/463/508 2329/494/508 2377/134/508 2375/103/508
f 2329/494/509 2331/493/509 2378/133/509 2377/134/509
f 2331/493/510 2332/492/510 2379/132/510 2378/133/510
f 2332/492/511 2333/491/511 2380/131/511 2379/132/511
f 2333/491/512 2334/490/512 2381/130/512 2380/131/512
f 2334/490/513 2335/489/513 2382/129/513 2381/130/513
f 2335/489/514 2336/488/514 2383/128/514 2382/129/514
f 2336/488/555 4779/487/555 2384/127/555 2383/128/555
f 4779/487/556 2337/486/556 2385/126/556 2384/127/556
f 2337/486/517 2338/485/517 2386/125/517 2385/126/517
f 2338/485/518 2339/484/518 2387/124/518 2386/125/518
f 2339/484/519 2340/483/519 2388/123/519 2387/124/519
f 2340/483/520 2341/482/520 2389/122/520 2388/123/520
f 2341/482/521 2343/481/521 2390/121/521 2389/122/521
f 2343/481/522 2345/480/522 2391/120/522 2390/121/522
f 2345/480/523 2347/479/523 2392/119/523 2391/120/523
f 2347/479/524 2349/478/524 2393/118/524 2392/119/524
f 2349/478/525 2351/477/525 2394/117/525 2393/118/525
f 2351/477/526 2353/476/526 2395/116/526 2394/117/526
f 2353/476/527 2355/475/527 2396/115/527 2395/116/527
f 2355/475/528 2357/474/528 2397/114/528 2396/115/528
f 2357/474/557 4802/473/557 2398/113/557 2397/114/557
f 4802/473/558 2360/472/558 2399/112/558 2398/113/558
f 2360/472/531 2362/471/531 2400/111/531 2399/112/531
f 2362/471/532 2364/470/532 2401/110/532 2400/111/532
f 2364/470/533 2366/469/533 2402/109/533 2401/110/533
f 2366/469/534 2368/468/534 2403/108/534 2402/109/534
f 2368/468/535 2370/467/535 2404/107/535 2403/108/535
f 2370/467/536 2372/466/536 2405/106/536 2404/107/536
f 2372/466/563 2374/465/563 2406/105/563 2405/106/563
f 2374/465/538 2325/464/538 2376/104/538 2406/105/538
f 4415/47/490 4417/50/490 4479/49/490 4480/48/490
f 4417/50/489 4419/52/489 4481/51/489 4479/49/489
f 4419/52/488 4421/54/488 4482/53/488 4481/51/488
f 4421/54/972 4423/13/972 4483/55/972 4482/53/972
f 4423/13/973 4425/57/973 4484/56/973 4483/55/973
f 4425/57/974 4427/59/974 4485/58/974 4484/56/974
f 4427/59/975 4429/61/975 4486/60/975 4485/58/975
f 4429/61/976 4431/63/976 4487/62/976 4486/60/976
f 4431/63/977 4433/65/977 4488/64/977 4487/62/977
f 4433/65/978 4435/67/978 4489/66/978 4488/64/978
f 4435/67/979 4437/69/979 4490/68/979 4489/66/979
f 4437/69/980 4439/5/980 4491/9/980 4490/68/980
f 4439/5/981 4441/71/981 4492/70/981 4491/9/981
f 4441/71/982 4443/73/982 4493/72/982 4492/70/982
f 4443/73/983 4445/75/983 4494/74/983 4493/72/983
f 4445/75/475 4447/77/475 4495/76/475 4494/74/475
f 4447/77/506 4449/79/506 4496/78/506 4495/76/506
f 4449/79/505 4451/81/505 4497/80/505 4496/78/505
f 4451/81/504 4453/83/504 4498/82/504 4497/80/504
f 4453/83/553 4455/6/553 4499/10/553 4498/82/553
f 4455/6/502 4457/85/502 4500/84/502 4499/10/502
f 4457/85/560 4459/87/560 4501/86/560 4500/84/560
f 4459/87/500 4461/89/500 4502/88/500 4501/86/500
f 4461/89/499 4463/91/499 4503/90/499 4502/88/499
f 4463/91/984 4465/93/984 4504/92/984 4503/90/984
f 4465/93/497 4467/95/497 4505/94/497 4504/92/497
f 4467/95/496 4469/97/496 4506/96/496 4505/94/496
f 4469/97/495 4471/11/495 4507/98/495 4506/96/495
f 4471/11/494 4473/100/494 4508/99/494 4507/98/494
f 4473/100/493 4475/102/493 4509/101/493 4508/99/493
f 4418/463/51 4420/494/51 4422/493/51 4424/492/51 4426/491/51 4428/490/51 4430/489/51 4432/488/51 4434/487/51 4436/486/51 4438/485/51 4440/484/51 4442/483/51 4444/482/51 4446/481/51 4448/480/51 4450/479/51 4452/478/51 4454/477/51 4456/476/51 4458/475/51 4460/474/51 4462/473/51 4464/472/51 4466/471/51 4468/470/51 4470/469/51 4472/468/51 4474/467/51 4476/466/51 4478/465/51 4416/464/51
f 4475/102/492 4477/136/492 4510/135/492 4509/101/492
f 4477/136/491 4415/138/491 4480/137/491 4510/135/491
f 4415/139/985 4477/170/985 4475/169/985 4473/168/985 4471/167/985 4469/166/985 4467/165/985 4465/164/985 4463/163/985 4461/162/985 4459/161/985 4457/160/985 4455/159/985 4453/158/985 4451/157/985 4449/156/985 4447/155/985 4445/154/985 4443/153/985 4441/152/985 4439/151/985 4437/150/985 4435/149/985 4433/148/985 4431/147/985 4429/146/985 4427/145/985 4425/144/985 4423/143/985 4421/142/985 4419/141/985 4417/140/985
f 4416/464/522 4480/104/522 4479/103/522 4418/463/522
f 4418/463/521 4479/103/521 4481/134/521 4420/494/521
f 4420/494/520 4481/134/520 4482/133/520 4422/493/520
f 4422/493/519 4482/133/519 4483/132/519 4424/492/519
f 4424/492/518 4483/132/518 4484/131/518 4426/491/518
f 4426/491/517 4484/131/517 4485/130/517 4428/490/517
f 4428/490/516 4485/130/516 4486/129/516 4430/489/516
f 4430/489/515 4486/129/515 4487/128/515 4432/488/515
f 4432/488/986 4487/128/986 4488/127/986 4434/487/986
f 4434/487/987 4488/127/987 4489/126/987 4436/486/987
f 4436/486/512 4489/126/512 4490/125/512 4438/485/512
f 4438/485/511 4490/125/511 4491/124/511 4440/484/511
f 4440/484/510 4491/124/510 4492/123/510 4442/483/510
f 4442/483/509 4492/123/509 4493/122/509 4444/482/509
f 4444/482/508 4493/122/508 4494/121/508 4446/481/508
f 4446/481/507 4494/121/507 4495/120/507 4448/480/507
f 4448/480/538 4495/120/538 4496/119/538 4450/479/538
f 4450/479/537 4496/119/537 4497/118/537 4452/478/537
f 4452/478/536 4497/118/536 4498/117/536 4454/477/536
f 4454/477/535 4498/117/535 4499/116/535 4456/476/535
f 4456/476/534 4499/116/534 4500/115/534 4458/475/534
f 4458/475/533 4500/115/533 4501/114/533 4460/474/533
f 4460/474/988 4501/114/988 4502/113/988 4462/473/988
f 4462/473/989 4502/113/989 4503/112/989 4464/472/989
f 4464/472/530 4503/112/530 4504/111/530 4466/471/530
f 4466/471/529 4504/111/529 4505/110/529 4468/470/529
f 4468/470/528 4505/110/528 4506/109/528 4470/469/528
f 4470/469/527 4506/109/527 4507/108/527 4472/468/527
f 4472/468/526 4507/108/526 4508/107/526 4474/467/526
f 4474/467/525 4508/107/525 4509/106/525 4476/466/525
f 4476/466/524 4509/106/524 4510/105/524 4478/465/524
f 4478/465/523 4510/105/523 4480/104/523 4416/464/523
f 4511/47/490 4513/50/490 4564/49/490 4565/48/490
f 4513/50/489 4515/52/489 4566/51/489 4564/49/489
f 4515/52/488 4517/54/488 4567/53/488 4566/51/488
f 4530/75/475 4532/77/475 4580/76/475 4579/74/475
f 4532/77/506 4534/79/506 4581/78/506 4580/76/506
f 4534/79/505 4536/81/505 4582/80/505 4581/78/505
f 4536/81/504 4538/83/504 4583/82/504 4582/80/504
f 4538/83/503 4540/6/503 4584/10/503 4583/82/503
f 4540/6/502 4542/85/502 4585/84/502 4584/10/502
f 4542/85/560 4544/87/560 4586/86/560 4585/84/560
f 4544/87/500 4546/89/500 4587/88/500 4586/86/500
f 4546/89/499 4548/91/499 4588/90/499 4587/88/499
f 4548/91/498 4550/93/498 4589/92/498 4588/90/498
f 4550/93/497 4552/95/497 4590/94/497 4589/92/497
f 4552/95/551 4554/97/551 4591/96/551 4590/94/551
f 4554/97/990 4556/11/990 4592/98/990 4591/96/990
f 4556/11/494 4558/100/494 4593/99/494 4592/98/494
f 4558/100/493 4560/102/493 4594/101/493 4593/99/493
f 4514/463/51 4516/494/51 4518/493/51 4519/492/51 4520/491/51 4521/490/51 4522/489/51 4523/488/51 4524/487/51 4525/486/51 4526/485/51 4527/484/51 4528/483/51 4529/482/51 4531/481/51 4533/480/51 4535/479/51 4537/478/51 4539/477/51 4541/476/51 4543/475/51 4545/474/51 4547/473/51 4549/472/51 4551/471/51 4553/470/51 4555/469/51 4557/468/51 4559/467/51 4561/466/51 4563/465/51 4512/464/51
f 4560/102/492 4562/136/492 4595/135/492 4594/101/492
f 4562/136/491 4511/138/491 4565/137/491 4595/135/491
f 4512/464/522 4565/104/522 4564/103/522 4514/463/522
f 4514/463/521 4564/103/521 4566/134/521 4516/494/521
f 4516/494/520 4566/134/520 4567/133/520 4518/493/520
f 4518/493/519 4567/133/519 4568/132/519 4519/492/519
f 4519/492/518 4568/132/518 4569/131/518 4520/491/518
f 4520/491/517 4569/131/517 4570/130/517 4521/490/517
f 4521/490/991 4570/130/991 4571/129/991 4522/489/991
f 4522/489/515 4571/129/515 4572/128/515 4523/488/515
f 4523/488/986 4572/128/986 4573/127/986 4524/487/986
f 4524/487/987 4573/127/987 4574/126/987 4525/486/987
f 4525/486/512 4574/126/512 4575/125/512 4526/485/512
f 4526/485/511 4575/125/511 4576/124/511 4527/484/511
f 4527/484/510 4576/124/510 4577/123/510 4528/483/510
f 4528/483/509 4577/123/509 4578/122/509 4529/482/509
f 4529/482/508 4578/122/508 4579/121/508 4531/481/508
f 4531/481/507 4579/121/507 4580/120/507 4533/480/507
f 4533/480/538 4580/120/538 4581/119/538 4535/479/538
f 4535/479/537 4581/119/537 4582/118/537 4537/478/537
f 4537/478/536 4582/118/536 4583/117/536 4539/477/536
f 4539/477/535 4583/117/535 4584/116/535 4541/476/535
f 4541/476/534 4584/116/534 4585/115/534 4543/475/534
f 4543/475/533 4585/115/533 4586/114/533 4545/474/533
f 4545/474/988 4586/114/988 4587/113/988 4547/473/988
f 4547/473/992 4587/113/992 4588/112/992 4549/472/992
f 4549/472/530 4588/112/530 4589/111/530 4551/471/530
f 4551/471/529 4589/111/529 4590/110/529 4553/470/529
f 4553/470/528 4590/110/528 4591/109/528 4555/469/528
f 4555/469/527 4591/109/527 4592/108/527 4557/468/527
f 4557/468/526 4592/108/526 4593/107/526 4559/467/526
f 4559/467/525 4593/107/525 4594/106/525 4561/466/525
f 4561/466/569 4594/106/569 4595/105/569 4563/465/569
f 4563/465/523 4595/105/523 4565/104/523 4512/464/523
f 4596/47/490 4598/50/490 4649/49/490 4650/48/490
f 4598/50/489 4600/52/489 4651/51/489 4649/49/489
f 4600/52/488 4602/54/488 4652/53/488 4651/51/488
f 4615/75/475 4617/77/475 4665/76/475 4664/74/475
f 4617/77/506 4619/79/506 4666/78/506 4665/76/506
f 4619/79/505 4621/81/505 4667/80/505 4666/78/505
f 4621/81/504 4623/83/504 4668/82/504 4667/80/504
f 4623/83/553 4625/6/553 4669/10/553 4668/82/553
f 4625/6/565 4627/85/565 4670/84/565 4669/10/565
f 4627/85/501 4629/87/501 4671/86/501 4670/84/501
f 4629/87/500 4631/89/500 4672/88/500 4671/86/500
f 4631/89/499 4633/91/499 4673/90/499 4672/88/499
f 4633/91/498 4635/93/498 4674/92/498 4673/90/498
f 4635/93/497 4637/95/497 4675/94/497 4674/92/497
f 4637/95/496 4639/97/496 4676/96/496 4675/94/496
f 4639/97/564 4641/11/564 4677/98/564 4676/96/564
f 4641/11/494 4643/100/494 4678/99/494 4677/98/494
f 4643/100/993 4645/102/993 4679/101/993 4678/99/993
f 4599/463/51 4601/494/51 4603/493/51 4604/492/51 4605/491/51 4606/490/51 4607/489/51 4608/488/51 4609/487/51 4610/486/51 4611/485/51 4612/484/51 4613/483/51 4614/482/51 4616/481/51 4618/480/51 4620/479/51 4622/478/51 4624/477/51 4626/476/51 4628/475/51 4630/474/51 4632/473/51 4634/472/51 4636/471/51 4638/470/51 4640/469/51 4642/468/51 4644/467/51 4646/466/51 4648/465/51 4597/464/51
f 4645/102/492 4647/136/492 4680/135/492 4679/101/492
f 4647/136/491 4596/138/491 4650/137/491 4680/135/491
f 4597/464/522 4650/104/522 4649/103/522 4599/463/522
f 4599/463/521 4649/103/521 4651/134/521 4601/494/521
f 4601/494/520 4651/134/520 4652/133/520 4603/493/520
f 4603/493/519 4652/133/519 4653/132/519 4604/492/519
f 4604/492/518 4653/132/518 4654/131/518 4605/491/518
f 4605/491/517 4654/131/517 4655/130/517 4606/490/517
f 4606/490/516 4655/130/516 4656/129/516 4607/489/516
f 4607/489/515 4656/129/515 4657/128/515 4608/488/515
f 4608/488/986 4657/128/986 4658/127/986 4609/487/986
f 4609/487/987 4658/127/987 4659/126/987 4610/486/987
f 4610/486/512 4659/126/512 4660/125/512 4611/485/512
f 4611/485/511 4660/125/511 4661/124/511 4612/484/511
f 4612/484/510 4661/124/510 4662/123/510 4613/483/510
f 4613/483/509 4662/123/509 4663/122/509 4614/482/509
f 4614/482/508 4663/122/508 4664/121/508 4616/481/508
f 4616/481/507 4664/121/507 4665/120/507 4618/480/507
f 4618/480/538 4665/120/538 4666/119/538 4620/479/538
f 4620/479/537 4666/119/537 4667/118/537 4622/478/537
f 4622/478/536 4667/118/536 4668/117/536 4624/477/536
f 4624/477/535 4668/117/535 4669/116/535 4626/476/535
f 4626/476/534 4669/116/534 4670/115/534 4628/475/534
f 4628/475/533 4670/115/533 4671/114/533 4630/474/533
f 4630/474/988 4671/114/988 4672/113/988 4632/473/988
f 4632/473/989 4672/113/989 4673/112/989 4634/472/989
f 4634/472/530 4673/112/530 4674/111/530 4636/471/530
f 4636/471/529 4674/111/529 4675/110/529 4638/470/529
f 4638/470/528 4675/110/528 4676/109/528 4640/469/528
f 4640/469/527 4676/109/527 4677/108/527 4642/468/527
f 4642/468/526 4677/108/526 4678/107/526 4644/467/526
f 4644/467/525 4678/107/525 4679/106/525 4646/466/525
f 4646/466/524 4679/106/524 4680/105/524 4648/465/524
f 4648/465/523 4680/105/523 4650/104/523 4597/464/523
f 4681/47/490 4683/50/490 4734/49/490 4735/48/490
f 4683/50/489 4685/52/489 4736/51/489 4734/49/489
f 4685/52/994 4687/54/994 4737/53/994 4736/51/994
f 4700/75/475 4702/77/475 4750/76/475 4749/74/475
f 4702/77/506 4704/79/506 4751/78/506 4750/76/506
f 4704/79/505 4706/81/505 4752/80/505 4751/78/505
f 4706/81/504 4708/83/504 4753/82/504 4752/80/504
f 4708/83/553 4710/6/553 4754/10/553 4753/82/553
f 4710/6/502 4712/85/502 4755/84/502 4754/10/502
f 4712/85/560 4714/87/560 4756/86/560 4755/84/560
f 4714/87/500 4716/89/500 4757/88/500 4756/86/500
f 4716/89/499 4718/91/499 4758/90/499 4757/88/499
f 4718/91/498 4720/93/498 4759/92/498 4758/90/498
f 4720/93/497 4722/95/497 4760/94/497 4759/92/497
f 4722/95/496 4724/97/496 4761/96/496 4760/94/496
f 4724/97/564 4726/11/564 4762/98/564 4761/96/564
f 4726/11/494 4728/100/494 4763/99/494 4762/98/494
f 4728/100/493 4730/102/493 4764/101/493 4763/99/493
f 4684/463/51 4686/494/51 4688/493/51 4689/492/51 4690/491/51 4691/490/51 4692/489/51 4693/488/51 4694/487/51 4695/486/51 4696/485/51 4697/484/51 4698/483/51 4699/482/51 4701/481/51 4703/480/51 4705/479/51 4707/478/51 4709/477/51 4711/476/51 4713/475/51 4715/474/51 4717/473/51 4719/472/51 4721/471/51 4723/470/51 4725/469/51 4727/468/51 4729/467/51 4731/466/51 4733/465/51 4682/464/51
f 4730/102/492 4732/136/492 4765/135/492 4764/101/492
f 4732/136/491 4681/138/491 4735/137/491 4765/135/491
f 4682/464/522 4735/104/522 4734/103/522 4684/463/522
f 4684/463/521 4734/103/521 4736/134/521 4686/494/521
f 4686/494/520 4736/134/520 4737/133/520 4688/493/520
f 4688/493/519 4737/133/519 4738/132/519 4689/492/519
f 4689/492/518 4738/132/518 4739/131/518 4690/491/518
f 4690/491/517 4739/131/517 4740/130/517 4691/490/517
f 4691/490/991 4740/130/991 4741/129/991 4692/489/991
f 4692/489/995 4741/129/995 4742/128/995 4693/488/995
f 4693/488/986 4742/128/986 4743/127/986 4694/487/986
f 4694/487/987 4743/127/987 4744/126/987 4695/486/987
f 4695/486/512 4744/126/512 4745/125/512 4696/485/512
f 4696/485/511 4745/125/511 4746/124/511 4697/484/511
f 4697/484/510 4746/124/510 4747/123/510 4698/483/510
f 4698/483/509 4747/123/509 4748/122/509 4699/482/509
f 4699/482/508 4748/122/508 4749/121/508 4701/481/508
f 4701/481/507 4749/121/507 4750/120/507 4703/480/507
f 4703/480/538 4750/120/538 4751/119/538 4705/479/538
f 4705/479/563 4751/119/563 4752/118/563 4707/478/563
f 4707/478/536 4752/118/536 4753/117/536 4709/477/536
f 4709/477/535 4753/117/535 4754/116/535 4711/476/535
f 4711/476/534 4754/116/534 4755/115/534 4713/475/534
f 4713/475/533 4755/115/533 4756/114/533 4715/474/533
f 4715/474/988 4756/114/988 4757/113/988 4717/473/988
f 4717/473/989 4757/113/989 4758/112/989 4719/472/989
f 4719/472/530 4758/112/530 4759/111/530 4721/471/530
f 4721/471/529 4759/111/529 4760/110/529 4723/470/529
f 4723/470/528 4760/110/528 4761/109/528 4725/469/528
f 4725/469/527 4761/109/527 4762/108/527 4727/468/527
f 4727/468/526 4762/108/526 4763/107/526 4729/467/526
f 4729/467/525 4763/107/525 4764/106/525 4731/466/525
f 4731/466/524 4764/106/524 4765/105/524 4733/465/524
f 4733/465/523 4765/105/523 4735/104/523 4682/464/523
f 4766/47/490 4768/50/490 4819/49/490 4820/48/490
f 4768/50/489 4770/52/489 4821/51/489 4819/49/489
f 4770/52/488 4772/54/488 4822/53/488 4821/51/488
f 4785/75/475 4787/77/475 4835/76/475 4834/74/475
f 4787/77/506 4789/79/506 4836/78/506 4835/76/506
f 4789/79/505 4791/81/505 4837/80/505 4836/78/505
f 4791/81/504 4793/83/504 4838/82/504 4837/80/504
f 4793/83/503 4795/6/503 4839/10/503 4838/82/503
f 4795/6/565 4797/85/565 4840/84/565 4839/10/565
f 4797/85/560 4799/87/560 4841/86/560 4840/84/560
f 4799/87/500 4801/89/500 4842/88/500 4841/86/500
f 4801/89/499 4803/91/499 4843/90/499 4842/88/499
f 4803/91/498 4805/93/498 4844/92/498 4843/90/498
f 4805/93/497 4807/95/497 4845/94/497 4844/92/497
f 4807/95/551 4809/97/551 4846/96/551 4845/94/551
f 4809/97/495 4811/11/495 4847/98/495 4846/96/495
f 4811/11/494 4813/100/494 4848/99/494 4847/98/494
f 4813/100/493 4815/102/493 4849/101/493 4848/99/493
f 4769/463/51 4771/494/51 4773/493/51 4774/492/51 4775/491/51 4776/490/51 4777/489/51 4778/488/51 4779/487/51 4780/486/51 4781/485/51 4782/484/51 4783/483/51 4784/482/51 4786/481/51 4788/480/51 4790/479/51 4792/478/51 4794/477/51 4796/476/51 4798/475/51 4800/474/51 4802/473/51 4804/472/51 4806/471/51 4808/470/51 4810/469/51 4812/468/51 4814/467/51 4816/466/51 4818/465/51 4767/464/51
f 4815/102/492 4817/136/492 4850/135/492 4849/101/492
f 4817/136/491 4766/138/491 4820/137/491 4850/135/491
f 4767/464/522 4820/104/522 4819/103/522 4769/463/522
f 4769/463/521 4819/103/521 4821/134/521 4771/494/521
f 4771/494/520 4821/134/520 4822/133/520 4773/493/520
f 4773/493/519 4822/133/519 4823/132/519 4774/492/519
f 4774/492/518 4823/132/518 4824/131/518 4775/491/518
f 4775/491/517 4824/131/517 4825/130/517 4776/490/517
f 4776/490/516 4825/130/516 4826/129/516 4777/489/516
f 4777/489/515 4826/129/515 4827/128/515 4778/488/515
f 4778/488/986 4827/128/986 4828/127/986 4779/487/986
f 4779/487/987 4828/127/987 4829/126/987 4780/486/987
f 4780/486/512 4829/126/512 4830/125/512 4781/485/512
f 4781/485/511 4830/125/511 4831/124/511 4782/484/511
f 4782/484/510 4831/124/510 4832/123/510 4783/483/510
f 4783/483/509 4832/123/509 4833/122/509 4784/482/509
f 4784/482/508 4833/122/508 4834/121/508 4786/481/508
f 4786/481/507 4834/121/507 4835/120/507 4788/480/507
f 4788/480/538 4835/120/538 4836/119/538 4790/479/538
f 4790/479/537 4836/119/537 4837/118/537 4792/478/537
f 4792/478/536 4837/118/536 4838/117/536 4794/477/536
f 4794/477/535 4838/117/535 4839/116/535 4796/476/535
f 4796/476/534 4839/116/534 4840/115/534 4798/475/534
f 4798/475/533 4840/115/533 4841/114/533 4800/474/533
f 4800/474/988 4841/114/988 4842/113/988 4802/473/988
f 4802/473/989 4842/113/989 4843/112/989 4804/472/989
f 4804/472/530 4843/112/530 4844/111/530 4806/471/530
f 4806/471/529 4844/111/529 4845/110/529 4808/470/529
f 4808/470/528 4845/110/528 4846/109/528 4810/469/528
f 4810/469/527 4846/109/527 4847/108/527 4812/468/527
f 4812/468/526 4847/108/526 4848/107/526 4814/467/526
f 4814/467/525 4848/107/525 4849/106/525 4816/466/525
f 4816/466/569 4849/106/569 4850/105/569 4818/465/569
f 4818/465/523 4850/105/523 4820/104/523 4767/464/523
